order_line_id,order_id,customer_id,product_id,order_date,quantity,unit_price
OL000001,ORD00001,CUST0246,PROD0196,2025-06-13,5,573.37
OL000002,ORD00001,CUST0246,PROD0178,2025-06-13,6,421.03
OL000003,ORD00001,CUST0246,PROD0070,2025-06-13,3,429.51
OL000004,ORD00002,CUST0761,PROD0069,2025-06-28,4,506.36
OL000005,ORD00002,CUST0761,PROD0049,2025-06-28,1,602.99
OL000006,ORD00002,CUST0761,PROD0047,2025-06-28,2,342.02
OL000007,ORD00003,CUST0114,PROD0117,2026-03-03,5,486.27
OL000008,ORD00003,CUST0114,PROD0116,2026-03-03,3,569.78
OL000009,ORD00004,CUST0638,PROD0049,2026-05-04,3,602.99
OL000010,ORD00004,CUST0638,PROD0005,2026-05-04,2,67.39
OL000011,ORD00004,CUST0638,PROD0013,2026-05-04,5,255.75
OL000012,ORD00005,CUST0191,PROD0073,2024-04-14,3,204.51
OL000013,ORD00006,CUST0733,PROD0187,2026-04-26,1,613.86
OL000014,ORD00007,CUST0093,PROD0004,2024-06-03,4,100.29
OL000015,ORD00008,CUST0351,PROD0080,2025-03-06,4,671.97
OL000016,ORD00009,CUST0475,PROD0009,2026-08-22,3,686.38
OL000017,ORD00009,CUST0475,PROD0021,2026-08-22,2,321.30
OL000018,ORD00010,CUST0273,PROD0101,2026-03-05,1,67.32
OL000019,ORD00011,CUST0482,PROD0050,2025-08-09,3,295.23
OL000020,ORD00011,CUST0482,PROD0098,2025-08-09,1,410.79
OL000021,ORD00011,CUST0482,PROD0032,2025-08-09,6,100.68
OL000022,ORD00012,CUST0395,PROD0064,2025-11-05,6,381.01
OL000023,ORD00013,CUST0204,PROD0189,2025-04-16,1,479.61
OL000024,ORD00014,CUST0682,PROD0122,2024-10-21,4,599.57
OL000025,ORD00014,CUST0682,PROD0175,2024-10-21,3,332.69
OL000026,ORD00014,CUST0682,PROD0083,2024-10-21,2,211.51
OL000027,ORD00015,CUST0746,PROD0191,2024-10-15,5,440.82
OL000028,ORD00015,CUST0746,PROD0134,2024-10-15,1,80.96
OL000029,ORD00015,CUST0746,PROD0065,2024-10-15,4,12.74
OL000030,ORD00016,CUST0306,PROD0093,2024-07-22,1,521.63
OL000031,ORD00016,CUST0306,PROD0171,2024-07-22,2,387.90
OL000032,ORD00016,CUST0306,PROD0029,2024-07-22,2,689.01
OL000033,ORD00017,CUST0445,PROD0004,2024-11-28,2,100.29
OL000034,ORD00017,CUST0445,PROD0071,2024-11-28,5,255.99
OL000035,ORD00017,CUST0445,PROD0031,2024-11-28,4,368.46
OL000036,ORD00018,CUST0010,PROD0149,2025-03-19,6,105.49
OL000037,ORD00019,CUST0705,PROD0096,2025-08-04,1,231.25
OL000038,ORD00019,CUST0705,PROD0064,2025-08-04,2,381.01
OL000039,ORD00020,CUST0094,PROD0159,2026-05-31,3,441.08
OL000040,ORD00020,CUST0094,PROD0195,2026-05-31,6,203.66
OL000041,ORD00021,CUST0062,PROD0166,2024-12-30,2,702.44
OL000042,ORD00022,CUST0550,PROD0028,2026-06-10,2,281.08
OL000043,ORD00022,CUST0550,PROD0125,2026-06-10,2,138.01
OL000044,ORD00022,CUST0550,PROD0082,2026-06-10,5,596.94
OL000045,ORD00023,CUST0775,PROD0113,2024-12-21,6,278.17
OL000046,ORD00023,CUST0775,PROD0050,2024-12-21,1,295.23
OL000047,ORD00023,CUST0775,PROD0177,2024-12-21,4,13.38
OL000048,ORD00024,CUST0742,PROD0065,2024-05-17,1,12.74
OL000049,ORD00024,CUST0742,PROD0125,2024-05-17,6,138.01
OL000050,ORD00025,CUST0573,PROD0139,2024-10-28,6,421.56
OL000051,ORD00025,CUST0573,PROD0126,2024-10-28,2,684.09
OL000052,ORD00026,CUST0192,PROD0090,2026-02-14,3,545.26
OL000053,ORD00026,CUST0192,PROD0188,2026-02-14,4,639.37
OL000054,ORD00026,CUST0192,PROD0071,2026-02-14,5,255.99
OL000055,ORD00027,CUST0165,PROD0136,2025-04-15,2,381.17
OL000056,ORD00027,CUST0165,PROD0116,2025-04-15,3,569.78
OL000057,ORD00027,CUST0165,PROD0068,2025-04-15,5,715.14
OL000058,ORD00028,CUST0465,PROD0199,2025-10-25,6,180.36
OL000059,ORD00028,CUST0465,PROD0130,2025-10-25,4,596.37
OL000060,ORD00029,CUST0190,PROD0159,2024-11-27,3,441.08
OL000061,ORD00029,CUST0190,PROD0199,2024-11-27,5,180.36
OL000062,ORD00029,CUST0190,PROD0062,2024-11-27,3,641.02
OL000063,ORD00030,CUST0065,PROD0138,2025-11-05,4,617.88
OL000064,ORD00030,CUST0065,PROD0049,2025-11-05,5,602.99
OL000065,ORD00030,CUST0065,PROD0175,2025-11-05,4,332.69
OL000066,ORD00031,CUST0158,PROD0073,2025-09-19,3,204.51
OL000067,ORD00031,CUST0158,PROD0105,2025-09-19,6,695.25
OL000068,ORD00031,CUST0158,PROD0083,2025-09-19,1,211.51
OL000069,ORD00032,CUST0536,PROD0018,2025-11-05,1,150.37
OL000070,ORD00033,CUST0183,PROD0052,2024-05-28,1,363.32
OL000071,ORD00034,CUST0197,PROD0009,2026-01-18,5,686.38
OL000072,ORD00034,CUST0197,PROD0165,2026-01-18,4,600.37
OL000073,ORD00035,CUST0502,PROD0160,2026-02-01,6,112.41
OL000074,ORD00035,CUST0502,PROD0152,2026-02-01,3,32.94
OL000075,ORD00035,CUST0502,PROD0013,2026-02-01,3,255.75
OL000076,ORD00036,CUST0621,PROD0019,2026-03-27,1,612.58
OL000077,ORD00037,CUST0672,PROD0021,2025-05-18,4,321.30
OL000078,ORD00038,CUST0063,PROD0143,2025-01-04,6,72.02
OL000079,ORD00038,CUST0063,PROD0107,2025-01-04,3,743.20
OL000080,ORD00038,CUST0063,PROD0182,2025-01-04,1,430.39
OL000081,ORD00039,CUST0273,PROD0011,2025-06-25,6,679.16
OL000082,ORD00039,CUST0273,PROD0019,2025-06-25,3,612.58
OL000083,ORD00039,CUST0273,PROD0020,2025-06-25,2,411.34
OL000084,ORD00040,CUST0100,PROD0186,2024-11-01,2,243.18
OL000085,ORD00040,CUST0100,PROD0137,2024-11-01,4,47.78
OL000086,ORD00040,CUST0100,PROD0049,2024-11-01,2,602.99
OL000087,ORD00041,CUST0673,PROD0146,2024-09-11,6,187.33
OL000088,ORD00041,CUST0673,PROD0046,2024-09-11,5,151.20
OL000089,ORD00041,CUST0673,PROD0192,2024-09-11,5,154.90
OL000090,ORD00042,CUST0765,PROD0197,2024-04-18,6,518.55
OL000091,ORD00042,CUST0765,PROD0148,2024-04-18,3,357.30
OL000092,ORD00043,CUST0470,PROD0171,2026-05-06,4,387.90
OL000093,ORD00043,CUST0470,PROD0027,2026-05-06,2,30.88
OL000094,ORD00043,CUST0470,PROD0047,2026-05-06,5,342.02
OL000095,ORD00044,CUST0517,PROD0169,2024-12-11,2,429.35
OL000096,ORD00044,CUST0517,PROD0137,2024-12-11,5,47.78
OL000097,ORD00045,CUST0956,PROD0081,2025-02-23,5,81.55
OL000098,ORD00045,CUST0956,PROD0084,2025-02-23,3,291.43
OL000099,ORD00046,CUST0783,PROD0111,2025-10-10,6,726.11
OL000100,ORD00046,CUST0783,PROD0083,2025-10-10,5,211.51
OL000101,ORD00047,CUST0577,PROD0055,2026-02-13,4,550.37
OL000102,ORD00048,CUST0949,PROD0093,2025-12-03,4,521.63
OL000103,ORD00048,CUST0949,PROD0115,2025-12-03,4,524.14
OL000104,ORD00048,CUST0949,PROD0001,2025-12-03,6,669.88
OL000105,ORD00049,CUST0292,PROD0005,2025-09-02,5,67.39
OL000106,ORD00050,CUST0912,PROD0002,2026-01-21,3,288.03
OL000107,ORD00051,CUST0220,PROD0081,2026-05-26,1,81.55
OL000108,ORD00052,CUST0843,PROD0142,2025-07-21,5,496.38
OL000109,ORD00052,CUST0843,PROD0143,2025-07-21,5,72.02
OL000110,ORD00052,CUST0843,PROD0147,2025-07-21,2,591.38
OL000111,ORD00053,CUST0039,PROD0092,2025-12-10,2,463.59
OL000112,ORD00054,CUST0272,PROD0150,2025-01-10,2,423.75
OL000113,ORD00055,CUST0263,PROD0024,2025-04-06,5,422.95
OL000114,ORD00056,CUST0583,PROD0056,2026-08-19,6,652.27
OL000115,ORD00056,CUST0583,PROD0020,2026-08-19,6,411.34
OL000116,ORD00057,CUST0812,PROD0045,2026-04-29,4,277.75
OL000117,ORD00057,CUST0812,PROD0177,2026-04-29,6,13.38
OL000118,ORD00058,CUST0840,PROD0153,2024-09-10,6,288.68
OL000119,ORD00058,CUST0840,PROD0077,2024-09-10,1,134.85
OL000120,ORD00058,CUST0840,PROD0188,2024-09-10,5,639.37
OL000121,ORD00059,CUST0081,PROD0015,2026-03-09,3,705.37
OL000122,ORD00059,CUST0081,PROD0090,2026-03-09,4,545.26
OL000123,ORD00060,CUST0953,PROD0198,2024-08-22,2,663.59
OL000124,ORD00060,CUST0953,PROD0192,2024-08-22,6,154.90
OL000125,ORD00061,CUST0951,PROD0163,2025-09-22,6,474.70
OL000126,ORD00061,CUST0951,PROD0098,2025-09-22,1,410.79
OL000127,ORD00061,CUST0951,PROD0079,2025-09-22,5,207.15
OL000128,ORD00062,CUST0327,PROD0145,2025-07-06,2,314.92
OL000129,ORD00063,CUST0515,PROD0057,2026-01-18,2,578.04
OL000130,ORD00063,CUST0515,PROD0013,2026-01-18,6,255.75
OL000131,ORD00064,CUST0403,PROD0193,2026-01-31,5,706.31
OL000132,ORD00064,CUST0403,PROD0148,2026-01-31,5,357.30
OL000133,ORD00064,CUST0403,PROD0024,2026-01-31,2,422.95
OL000134,ORD00065,CUST0297,PROD0038,2026-05-15,2,85.08
OL000135,ORD00065,CUST0297,PROD0087,2026-05-15,1,278.58
OL000136,ORD00066,CUST0586,PROD0141,2025-11-02,4,87.61
OL000137,ORD00066,CUST0586,PROD0068,2025-11-02,1,715.14
OL000138,ORD00067,CUST0514,PROD0199,2026-07-29,6,180.36
OL000139,ORD00067,CUST0514,PROD0034,2026-07-29,2,255.93
OL000140,ORD00068,CUST0573,PROD0125,2024-07-21,4,138.01
OL000141,ORD00068,CUST0573,PROD0167,2024-07-21,5,350.80
OL000142,ORD00069,CUST0575,PROD0189,2025-09-22,5,479.61
OL000143,ORD00070,CUST0249,PROD0069,2024-03-14,4,506.36
OL000144,ORD00071,CUST0702,PROD0029,2025-06-24,6,689.01
OL000145,ORD00071,CUST0702,PROD0106,2025-06-24,4,514.25
OL000146,ORD00072,CUST0357,PROD0083,2024-08-05,3,211.51
OL000147,ORD00072,CUST0357,PROD0153,2024-08-05,6,288.68
OL000148,ORD00073,CUST0789,PROD0044,2024-11-08,3,767.02
OL000149,ORD00074,CUST0842,PROD0114,2026-04-02,5,254.21
OL000150,ORD00074,CUST0842,PROD0038,2026-04-02,4,85.08
OL000151,ORD00074,CUST0842,PROD0012,2026-04-02,2,300.09
OL000152,ORD00075,CUST0702,PROD0040,2026-04-11,6,690.15
OL000153,ORD00076,CUST0116,PROD0014,2026-06-04,2,719.00
OL000154,ORD00077,CUST0949,PROD0074,2025-08-16,1,687.50
OL000155,ORD00077,CUST0949,PROD0088,2025-08-16,6,332.34
OL000156,ORD00077,CUST0949,PROD0029,2025-08-16,3,689.01
OL000157,ORD00078,CUST0483,PROD0085,2024-01-24,2,448.20
OL000158,ORD00078,CUST0483,PROD0190,2024-01-24,5,638.42
OL000159,ORD00079,CUST0209,PROD0134,2025-07-13,3,80.96
OL000160,ORD00080,CUST0495,PROD0187,2025-10-28,2,613.86
OL000161,ORD00080,CUST0495,PROD0178,2025-10-28,6,421.03
OL000162,ORD00080,CUST0495,PROD0172,2025-10-28,1,185.56
OL000163,ORD00081,CUST0597,PROD0066,2025-05-01,2,340.10
OL000164,ORD00081,CUST0597,PROD0016,2025-05-01,3,461.73
OL000165,ORD00082,CUST0809,PROD0159,2025-12-19,3,441.08
OL000166,ORD00083,CUST0477,PROD0003,2025-11-01,1,624.25
OL000167,ORD00084,CUST0677,PROD0170,2024-10-04,6,727.58
OL000168,ORD00084,CUST0677,PROD0093,2024-10-04,1,521.63
OL000169,ORD00085,CUST0300,PROD0167,2026-06-07,4,350.80
OL000170,ORD00086,CUST0390,PROD0182,2025-06-04,1,430.39
OL000171,ORD00087,CUST0497,PROD0153,2026-06-06,5,288.68
OL000172,ORD00087,CUST0497,PROD0023,2026-06-06,2,106.95
OL000173,ORD00088,CUST0513,PROD0144,2025-04-13,6,745.60
OL000174,ORD00089,CUST0041,PROD0136,2024-09-10,3,381.17
OL000175,ORD00090,CUST0502,PROD0191,2025-09-18,2,440.82
OL000176,ORD00090,CUST0502,PROD0005,2025-09-18,3,67.39
OL000177,ORD00091,CUST0361,PROD0161,2024-12-29,3,759.04
OL000178,ORD00091,CUST0361,PROD0061,2024-12-29,5,160.86
OL000179,ORD00091,CUST0361,PROD0071,2024-12-29,1,255.99
OL000180,ORD00092,CUST0264,PROD0008,2026-03-16,5,10.26
OL000181,ORD00092,CUST0264,PROD0072,2026-03-16,2,391.85
OL000182,ORD00092,CUST0264,PROD0039,2026-03-16,3,292.46
OL000183,ORD00093,CUST0673,PROD0023,2024-05-20,6,106.95
OL000184,ORD00093,CUST0673,PROD0098,2024-05-20,5,410.79
OL000185,ORD00094,CUST0628,PROD0161,2026-06-12,6,759.04
OL000186,ORD00094,CUST0628,PROD0059,2026-06-12,4,446.49
OL000187,ORD00094,CUST0628,PROD0062,2026-06-12,5,641.02
OL000188,ORD00095,CUST0437,PROD0155,2026-01-05,3,692.06
OL000189,ORD00096,CUST0556,PROD0053,2024-05-14,6,459.26
OL000190,ORD00096,CUST0556,PROD0036,2024-05-14,5,540.90
OL000191,ORD00097,CUST0701,PROD0036,2025-12-19,3,540.90
OL000192,ORD00097,CUST0701,PROD0177,2025-12-19,6,13.38
OL000193,ORD00097,CUST0701,PROD0135,2025-12-19,2,749.74
OL000194,ORD00098,CUST0931,PROD0168,2025-11-14,5,513.62
OL000195,ORD00098,CUST0931,PROD0041,2025-11-14,3,153.78
OL000196,ORD00099,CUST0571,PROD0185,2025-06-29,1,605.59
OL000197,ORD00100,CUST0326,PROD0038,2026-05-09,6,85.08
OL000198,ORD00101,CUST0784,PROD0106,2026-02-24,4,514.25
OL000199,ORD00102,CUST0454,PROD0164,2026-02-02,6,367.94
OL000200,ORD00102,CUST0454,PROD0071,2026-02-02,2,255.99
OL000201,ORD00103,CUST0110,PROD0048,2024-05-14,1,338.17
OL000202,ORD00104,CUST0632,PROD0156,2024-09-30,5,376.41
OL000203,ORD00104,CUST0632,PROD0157,2024-09-30,2,697.35
OL000204,ORD00104,CUST0632,PROD0153,2024-09-30,2,288.68
OL000205,ORD00105,CUST0704,PROD0092,2025-12-24,1,463.59
OL000206,ORD00106,CUST0799,PROD0035,2026-03-24,5,11.68
OL000207,ORD00106,CUST0799,PROD0155,2026-03-24,4,692.06
OL000208,ORD00106,CUST0799,PROD0183,2026-03-24,6,551.77
OL000209,ORD00107,CUST0189,PROD0100,2026-05-22,4,360.30
OL000210,ORD00107,CUST0189,PROD0122,2026-05-22,2,599.57
OL000211,ORD00108,CUST0198,PROD0009,2024-08-19,4,686.38
OL000212,ORD00109,CUST0948,PROD0106,2025-12-21,2,514.25
OL000213,ORD00110,CUST0688,PROD0194,2024-07-26,2,352.49
OL000214,ORD00110,CUST0688,PROD0017,2024-07-26,2,223.40
OL000215,ORD00110,CUST0688,PROD0113,2024-07-26,5,278.17
OL000216,ORD00111,CUST0705,PROD0118,2026-01-25,2,319.38
OL000217,ORD00111,CUST0705,PROD0110,2026-01-25,4,326.78
OL000218,ORD00112,CUST0623,PROD0185,2025-09-27,3,605.59
OL000219,ORD00113,CUST0627,PROD0147,2026-02-21,5,591.38
OL000220,ORD00113,CUST0627,PROD0138,2026-02-21,5,617.88
OL000221,ORD00114,CUST0897,PROD0134,2024-11-01,1,80.96
OL000222,ORD00114,CUST0897,PROD0116,2024-11-01,4,569.78
OL000223,ORD00114,CUST0897,PROD0011,2024-11-01,2,679.16
OL000224,ORD00115,CUST0551,PROD0189,2025-02-09,1,479.61
OL000225,ORD00115,CUST0551,PROD0143,2025-02-09,4,72.02
OL000226,ORD00115,CUST0551,PROD0133,2025-02-09,6,320.64
OL000227,ORD00116,CUST0195,PROD0113,2024-10-25,4,278.17
OL000228,ORD00117,CUST0793,PROD0119,2025-06-09,2,710.70
OL000229,ORD00117,CUST0793,PROD0109,2025-06-09,3,491.78
OL000230,ORD00118,CUST0942,PROD0177,2024-11-18,5,13.38
OL000231,ORD00118,CUST0942,PROD0037,2024-11-18,4,306.64
OL000232,ORD00118,CUST0942,PROD0166,2024-11-18,4,702.44
OL000233,ORD00119,CUST0740,PROD0029,2025-05-27,2,689.01
OL000234,ORD00120,CUST0961,PROD0179,2026-07-04,5,607.83
OL000235,ORD00120,CUST0961,PROD0035,2026-07-04,4,11.68
OL000236,ORD00120,CUST0961,PROD0106,2026-07-04,3,514.25
OL000237,ORD00121,CUST0026,PROD0117,2026-01-24,5,486.27
OL000238,ORD00121,CUST0026,PROD0183,2026-01-24,2,551.77
OL000239,ORD00122,CUST0093,PROD0083,2024-09-13,6,211.51
OL000240,ORD00122,CUST0093,PROD0167,2024-09-13,6,350.80
OL000241,ORD00123,CUST0736,PROD0024,2025-11-19,1,422.95
OL000242,ORD00124,CUST0461,PROD0093,2025-10-11,1,521.63
OL000243,ORD00124,CUST0461,PROD0135,2025-10-11,6,749.74
OL000244,ORD00124,CUST0461,PROD0099,2025-10-11,6,620.91
OL000245,ORD00125,CUST0627,PROD0097,2024-07-04,5,263.44
OL000246,ORD00125,CUST0627,PROD0098,2024-07-04,1,410.79
OL000247,ORD00125,CUST0627,PROD0197,2024-07-04,2,518.55
OL000248,ORD00126,CUST0580,PROD0169,2026-06-11,2,429.35
OL000249,ORD00126,CUST0580,PROD0042,2026-06-11,2,213.95
OL000250,ORD00127,CUST0788,PROD0108,2025-11-02,3,340.33
OL000251,ORD00128,CUST0748,PROD0115,2026-02-26,3,524.14
OL000252,ORD00128,CUST0748,PROD0161,2026-02-26,2,759.04
OL000253,ORD00129,CUST0921,PROD0052,2025-02-03,1,363.32
OL000254,ORD00130,CUST0784,PROD0004,2026-01-21,4,100.29
OL000255,ORD00130,CUST0784,PROD0128,2026-01-21,4,191.52
OL000256,ORD00130,CUST0784,PROD0140,2026-01-21,1,796.82
OL000257,ORD00131,CUST0904,PROD0061,2025-11-29,2,160.86
OL000258,ORD00131,CUST0904,PROD0151,2025-11-29,6,140.62
OL000259,ORD00131,CUST0904,PROD0122,2025-11-29,4,599.57
OL000260,ORD00132,CUST0453,PROD0154,2024-03-22,5,732.63
OL000261,ORD00132,CUST0453,PROD0002,2024-03-22,2,288.03
OL000262,ORD00133,CUST0285,PROD0161,2025-09-26,5,759.04
OL000263,ORD00133,CUST0285,PROD0054,2025-09-26,1,783.51
OL000264,ORD00133,CUST0285,PROD0048,2025-09-26,2,338.17
OL000265,ORD00134,CUST0669,PROD0010,2024-12-23,2,766.59
OL000266,ORD00135,CUST0684,PROD0155,2025-08-14,3,692.06
OL000267,ORD00136,CUST0943,PROD0013,2024-09-16,1,255.75
OL000268,ORD00136,CUST0943,PROD0107,2024-09-16,2,743.20
OL000269,ORD00137,CUST0689,PROD0157,2024-10-18,6,697.35
OL000270,ORD00138,CUST0717,PROD0147,2025-09-01,5,591.38
OL000271,ORD00138,CUST0717,PROD0046,2025-09-01,4,151.20
OL000272,ORD00138,CUST0717,PROD0192,2025-09-01,5,154.90
OL000273,ORD00139,CUST0954,PROD0024,2025-07-18,3,422.95
OL000274,ORD00139,CUST0954,PROD0083,2025-07-18,3,211.51
OL000275,ORD00140,CUST0840,PROD0195,2024-08-13,4,203.66
OL000276,ORD00140,CUST0840,PROD0141,2024-08-13,1,87.61
OL000277,ORD00141,CUST0483,PROD0032,2024-05-17,6,100.68
OL000278,ORD00141,CUST0483,PROD0071,2024-05-17,3,255.99
OL000279,ORD00142,CUST0424,PROD0054,2025-06-21,6,783.51
OL000280,ORD00142,CUST0424,PROD0054,2025-06-21,5,783.51
OL000281,ORD00142,CUST0424,PROD0015,2025-06-21,1,705.37
OL000282,ORD00143,CUST0748,PROD0136,2025-10-06,1,381.17
OL000283,ORD00143,CUST0748,PROD0124,2025-10-06,6,362.97
OL000284,ORD00143,CUST0748,PROD0177,2025-10-06,5,13.38
OL000285,ORD00144,CUST0295,PROD0156,2025-03-13,3,376.41
OL000286,ORD00144,CUST0295,PROD0067,2025-03-13,5,111.89
OL000287,ORD00144,CUST0295,PROD0148,2025-03-13,5,357.30
OL000288,ORD00145,CUST0950,PROD0158,2025-04-05,5,748.20
OL000289,ORD00145,CUST0950,PROD0128,2025-04-05,5,191.52
OL000290,ORD00146,CUST0648,PROD0127,2026-02-16,2,104.40
OL000291,ORD00146,CUST0648,PROD0157,2026-02-16,2,697.35
OL000292,ORD00146,CUST0648,PROD0182,2026-02-16,3,430.39
OL000293,ORD00147,CUST0002,PROD0007,2025-06-23,4,396.66
OL000294,ORD00148,CUST0816,PROD0189,2026-02-06,2,479.61
OL000295,ORD00148,CUST0816,PROD0158,2026-02-06,4,748.20
OL000296,ORD00148,CUST0816,PROD0106,2026-02-06,1,514.25
OL000297,ORD00149,CUST0359,PROD0164,2025-07-27,2,367.94
OL000298,ORD00149,CUST0359,PROD0003,2025-07-27,6,624.25
OL000299,ORD00150,CUST0707,PROD0066,2025-10-08,1,340.10
OL000300,ORD00151,CUST0308,PROD0141,2025-06-17,3,87.61
OL000301,ORD00151,CUST0308,PROD0197,2025-06-17,1,518.55
OL000302,ORD00152,CUST0703,PROD0088,2024-12-07,4,332.34
OL000303,ORD00153,CUST0583,PROD0008,2026-03-18,2,10.26
OL000304,ORD00153,CUST0583,PROD0050,2026-03-18,3,295.23
OL000305,ORD00153,CUST0583,PROD0087,2026-03-18,6,278.58
OL000306,ORD00154,CUST0939,PROD0010,2025-04-30,6,766.59
OL000307,ORD00154,CUST0939,PROD0035,2025-04-30,4,11.68
OL000308,ORD00155,CUST0643,PROD0138,2025-08-31,3,617.88
OL000309,ORD00156,CUST0803,PROD0106,2026-05-17,6,514.25
OL000310,ORD00156,CUST0803,PROD0015,2026-05-17,5,705.37
OL000311,ORD00157,CUST0579,PROD0174,2026-07-21,3,249.75
OL000312,ORD00157,CUST0579,PROD0143,2026-07-21,5,72.02
OL000313,ORD00158,CUST0214,PROD0176,2026-08-10,3,128.79
OL000314,ORD00159,CUST0068,PROD0072,2024-06-01,1,391.85
OL000315,ORD00159,CUST0068,PROD0087,2024-06-01,4,278.58
OL000316,ORD00160,CUST0548,PROD0043,2026-05-12,5,219.17
OL000317,ORD00160,CUST0548,PROD0156,2026-05-12,4,376.41
OL000318,ORD00160,CUST0548,PROD0048,2026-05-12,5,338.17
OL000319,ORD00161,CUST0886,PROD0193,2026-08-08,3,706.31
OL000320,ORD00162,CUST0879,PROD0182,2024-11-18,1,430.39
OL000321,ORD00162,CUST0879,PROD0070,2024-11-18,4,429.51
OL000322,ORD00162,CUST0879,PROD0023,2024-11-18,4,106.95
OL000323,ORD00163,CUST0381,PROD0078,2025-10-15,2,176.29
OL000324,ORD00164,CUST0310,PROD0029,2024-06-28,3,689.01
OL000325,ORD00164,CUST0310,PROD0010,2024-06-28,2,766.59
OL000326,ORD00164,CUST0310,PROD0024,2024-06-28,4,422.95
OL000327,ORD00165,CUST0026,PROD0129,2026-06-29,2,205.05
OL000328,ORD00165,CUST0026,PROD0049,2026-06-29,3,602.99
OL000329,ORD00165,CUST0026,PROD0124,2026-06-29,6,362.97
OL000330,ORD00166,CUST0318,PROD0037,2025-08-23,1,306.64
OL000331,ORD00166,CUST0318,PROD0133,2025-08-23,6,320.64
OL000332,ORD00166,CUST0318,PROD0034,2025-08-23,2,255.93
OL000333,ORD00167,CUST0038,PROD0100,2025-04-15,6,360.30
OL000334,ORD00167,CUST0038,PROD0134,2025-04-15,1,80.96
OL000335,ORD00167,CUST0038,PROD0002,2025-04-15,3,288.03
OL000336,ORD00168,CUST0704,PROD0086,2026-01-24,4,648.95
OL000337,ORD00169,CUST0106,PROD0197,2025-12-10,6,518.55
OL000338,ORD00170,CUST0320,PROD0148,2025-09-28,3,357.30
OL000339,ORD00170,CUST0320,PROD0164,2025-09-28,2,367.94
OL000340,ORD00170,CUST0320,PROD0083,2025-09-28,2,211.51
OL000341,ORD00171,CUST0294,PROD0137,2026-01-02,3,47.78
OL000342,ORD00172,CUST0688,PROD0070,2024-04-30,2,429.51
OL000343,ORD00172,CUST0688,PROD0041,2024-04-30,3,153.78
OL000344,ORD00173,CUST0016,PROD0144,2026-05-03,5,745.60
OL000345,ORD00174,CUST0212,PROD0090,2026-04-24,5,545.26
OL000346,ORD00175,CUST0278,PROD0181,2025-08-08,3,232.97
OL000347,ORD00175,CUST0278,PROD0147,2025-08-08,2,591.38
OL000348,ORD00176,CUST0073,PROD0157,2024-11-14,3,697.35
OL000349,ORD00177,CUST0455,PROD0034,2025-09-25,1,255.93
OL000350,ORD00177,CUST0455,PROD0121,2025-09-25,6,751.31
OL000351,ORD00177,CUST0455,PROD0013,2025-09-25,1,255.75
OL000352,ORD00178,CUST0056,PROD0110,2024-03-29,4,326.78
OL000353,ORD00178,CUST0056,PROD0046,2024-03-29,6,151.20
OL000354,ORD00179,CUST0913,PROD0162,2025-08-29,6,433.72
OL000355,ORD00179,CUST0913,PROD0180,2025-08-29,4,113.35
OL000356,ORD00179,CUST0913,PROD0158,2025-08-29,3,748.20
OL000357,ORD00180,CUST0341,PROD0183,2025-10-27,6,551.77
OL000358,ORD00180,CUST0341,PROD0137,2025-10-27,1,47.78
OL000359,ORD00181,CUST0582,PROD0024,2024-05-14,6,422.95
OL000360,ORD00181,CUST0582,PROD0120,2024-05-14,1,625.86
OL000361,ORD00182,CUST0318,PROD0165,2026-08-23,6,600.37
OL000362,ORD00182,CUST0318,PROD0197,2026-08-23,4,518.55
OL000363,ORD00183,CUST0238,PROD0037,2025-05-16,5,306.64
OL000364,ORD00183,CUST0238,PROD0067,2025-05-16,3,111.89
OL000365,ORD00184,CUST0188,PROD0171,2025-12-17,3,387.90
OL000366,ORD00184,CUST0188,PROD0084,2025-12-17,4,291.43
OL000367,ORD00185,CUST0031,PROD0122,2025-06-13,1,599.57
OL000368,ORD00185,CUST0031,PROD0090,2025-06-13,4,545.26
OL000369,ORD00186,CUST0867,PROD0073,2024-06-23,3,204.51
OL000370,ORD00186,CUST0867,PROD0155,2024-06-23,5,692.06
OL000371,ORD00187,CUST0521,PROD0104,2024-07-06,6,765.48
OL000372,ORD00188,CUST0334,PROD0167,2025-07-23,1,350.80
OL000373,ORD00189,CUST0546,PROD0103,2026-07-02,5,373.67
OL000374,ORD00189,CUST0546,PROD0106,2026-07-02,2,514.25
OL000375,ORD00190,CUST0250,PROD0041,2026-06-27,4,153.78
OL000376,ORD00190,CUST0250,PROD0099,2026-06-27,1,620.91
OL000377,ORD00190,CUST0250,PROD0088,2026-06-27,2,332.34
OL000378,ORD00191,CUST0606,PROD0112,2025-03-17,5,67.88
OL000379,ORD00191,CUST0606,PROD0088,2025-03-17,5,332.34
OL000380,ORD00191,CUST0606,PROD0178,2025-03-17,2,421.03
OL000381,ORD00192,CUST0679,PROD0020,2025-11-16,6,411.34
OL000382,ORD00193,CUST0588,PROD0030,2025-09-16,5,621.83
OL000383,ORD00193,CUST0588,PROD0153,2025-09-16,4,288.68
OL000384,ORD00193,CUST0588,PROD0084,2025-09-16,5,291.43
OL000385,ORD00194,CUST0842,PROD0046,2025-03-31,3,151.20
OL000386,ORD00195,CUST0072,PROD0028,2025-09-04,6,281.08
OL000387,ORD00195,CUST0072,PROD0153,2025-09-04,4,288.68
OL000388,ORD00196,CUST0507,PROD0170,2025-10-22,1,727.58
OL000389,ORD00196,CUST0507,PROD0024,2025-10-22,2,422.95
OL000390,ORD00197,CUST0909,PROD0194,2025-08-17,6,352.49
OL000391,ORD00198,CUST0776,PROD0170,2024-05-30,2,727.58
OL000392,ORD00199,CUST0545,PROD0100,2024-10-25,5,360.30
OL000393,ORD00199,CUST0545,PROD0148,2024-10-25,4,357.30
OL000394,ORD00200,CUST0211,PROD0082,2025-11-28,3,596.94
OL000395,ORD00201,CUST0814,PROD0078,2026-08-13,4,176.29
OL000396,ORD00201,CUST0814,PROD0184,2026-08-13,3,396.08
OL000397,ORD00201,CUST0814,PROD0023,2026-08-13,5,106.95
OL000398,ORD00202,CUST0627,PROD0104,2025-06-28,2,765.48
OL000399,ORD00203,CUST0064,PROD0141,2025-01-13,1,87.61
OL000400,ORD00203,CUST0064,PROD0001,2025-01-13,6,669.88
OL000401,ORD00204,CUST0841,PROD0029,2026-03-23,3,689.01
OL000402,ORD00204,CUST0841,PROD0008,2026-03-23,2,10.26
OL000403,ORD00204,CUST0841,PROD0111,2026-03-23,6,726.11
OL000404,ORD00205,CUST0404,PROD0082,2025-10-02,6,596.94
OL000405,ORD00205,CUST0404,PROD0098,2025-10-02,4,410.79
OL000406,ORD00205,CUST0404,PROD0098,2025-10-02,4,410.79
OL000407,ORD00206,CUST0217,PROD0045,2025-11-09,4,277.75
OL000408,ORD00206,CUST0217,PROD0036,2025-11-09,2,540.90
OL000409,ORD00206,CUST0217,PROD0143,2025-11-09,4,72.02
OL000410,ORD00207,CUST0861,PROD0040,2025-11-12,3,690.15
OL000411,ORD00207,CUST0861,PROD0172,2025-11-12,2,185.56
OL000412,ORD00208,CUST0012,PROD0166,2024-03-14,1,702.44
OL000413,ORD00209,CUST0739,PROD0169,2026-02-08,4,429.35
OL000414,ORD00210,CUST0087,PROD0165,2024-05-20,4,600.37
OL000415,ORD00211,CUST0916,PROD0179,2026-03-18,5,607.83
OL000416,ORD00211,CUST0916,PROD0109,2026-03-18,5,491.78
OL000417,ORD00212,CUST0466,PROD0109,2026-04-16,5,491.78
OL000418,ORD00213,CUST0394,PROD0058,2026-05-11,2,644.24
OL000419,ORD00213,CUST0394,PROD0109,2026-05-11,5,491.78
OL000420,ORD00214,CUST0592,PROD0188,2025-05-25,2,639.37
OL000421,ORD00215,CUST0514,PROD0106,2026-05-05,5,514.25
OL000422,ORD00215,CUST0514,PROD0148,2026-05-05,3,357.30
OL000423,ORD00215,CUST0514,PROD0009,2026-05-05,1,686.38
OL000424,ORD00216,CUST0495,PROD0095,2026-01-20,1,783.59
OL000425,ORD00216,CUST0495,PROD0149,2026-01-20,4,105.49
OL000426,ORD00216,CUST0495,PROD0177,2026-01-20,1,13.38
OL000427,ORD00217,CUST0748,PROD0135,2026-01-18,3,749.74
OL000428,ORD00218,CUST0530,PROD0134,2026-01-19,5,80.96
OL000429,ORD00218,CUST0530,PROD0023,2026-01-19,2,106.95
OL000430,ORD00219,CUST0646,PROD0170,2026-01-29,6,727.58
OL000431,ORD00219,CUST0646,PROD0020,2026-01-29,6,411.34
OL000432,ORD00220,CUST0553,PROD0149,2026-03-28,3,105.49
OL000433,ORD00220,CUST0553,PROD0157,2026-03-28,1,697.35
OL000434,ORD00220,CUST0553,PROD0088,2026-03-28,5,332.34
OL000435,ORD00221,CUST0481,PROD0132,2025-04-09,4,172.39
OL000436,ORD00222,CUST0752,PROD0108,2025-11-04,3,340.33
OL000437,ORD00222,CUST0752,PROD0076,2025-11-04,3,83.67
OL000438,ORD00222,CUST0752,PROD0043,2025-11-04,1,219.17
OL000439,ORD00223,CUST0946,PROD0192,2026-05-17,3,154.90
OL000440,ORD00223,CUST0946,PROD0187,2026-05-17,5,613.86
OL000441,ORD00223,CUST0946,PROD0067,2026-05-17,1,111.89
OL000442,ORD00224,CUST0485,PROD0147,2025-09-14,1,591.38
OL000443,ORD00224,CUST0485,PROD0169,2025-09-14,3,429.35
OL000444,ORD00224,CUST0485,PROD0189,2025-09-14,5,479.61
OL000445,ORD00225,CUST0294,PROD0022,2026-04-19,2,601.37
OL000446,ORD00226,CUST0079,PROD0072,2026-05-21,3,391.85
OL000447,ORD00226,CUST0079,PROD0034,2026-05-21,5,255.93
OL000448,ORD00226,CUST0079,PROD0072,2026-05-21,3,391.85
OL000449,ORD00227,CUST0015,PROD0029,2026-06-15,5,689.01
OL000450,ORD00227,CUST0015,PROD0045,2026-06-15,5,277.75
OL000451,ORD00228,CUST0155,PROD0115,2025-11-05,3,524.14
OL000452,ORD00228,CUST0155,PROD0045,2025-11-05,3,277.75
OL000453,ORD00228,CUST0155,PROD0180,2025-11-05,2,113.35
OL000454,ORD00229,CUST0186,PROD0136,2026-03-29,1,381.17
OL000455,ORD00229,CUST0186,PROD0088,2026-03-29,1,332.34
OL000456,ORD00230,CUST0610,PROD0040,2026-07-25,4,690.15
OL000457,ORD00231,CUST0789,PROD0061,2025-01-27,6,160.86
OL000458,ORD00231,CUST0789,PROD0113,2025-01-27,6,278.17
OL000459,ORD00232,CUST0172,PROD0148,2024-08-03,6,357.30
OL000460,ORD00232,CUST0172,PROD0089,2024-08-03,1,284.11
OL000461,ORD00232,CUST0172,PROD0165,2024-08-03,3,600.37
OL000462,ORD00233,CUST0054,PROD0119,2024-06-20,4,710.70
OL000463,ORD00234,CUST0309,PROD0192,2025-05-02,5,154.90
OL000464,ORD00234,CUST0309,PROD0060,2025-05-02,4,685.76
OL000465,ORD00235,CUST0723,PROD0122,2025-04-04,3,599.57
OL000466,ORD00235,CUST0723,PROD0038,2025-04-04,5,85.08
OL000467,ORD00235,CUST0723,PROD0112,2025-04-04,1,67.88
OL000468,ORD00236,CUST0950,PROD0098,2026-02-26,6,410.79
OL000469,ORD00236,CUST0950,PROD0081,2026-02-26,5,81.55
OL000470,ORD00237,CUST0979,PROD0025,2024-07-30,5,341.41
OL000471,ORD00237,CUST0979,PROD0164,2024-07-30,3,367.94
OL000472,ORD00237,CUST0979,PROD0111,2024-07-30,5,726.11
OL000473,ORD00238,CUST0879,PROD0086,2024-10-06,3,648.95
OL000474,ORD00238,CUST0879,PROD0069,2024-10-06,1,506.36
OL000475,ORD00238,CUST0879,PROD0066,2024-10-06,6,340.10
OL000476,ORD00239,CUST0401,PROD0198,2025-04-17,6,663.59
OL000477,ORD00239,CUST0401,PROD0192,2025-04-17,2,154.90
OL000478,ORD00239,CUST0401,PROD0188,2025-04-17,6,639.37
OL000479,ORD00240,CUST0789,PROD0134,2024-07-18,3,80.96
OL000480,ORD00240,CUST0789,PROD0174,2024-07-18,6,249.75
OL000481,ORD00240,CUST0789,PROD0047,2024-07-18,3,342.02
OL000482,ORD00241,CUST0011,PROD0018,2025-04-05,1,150.37
OL000483,ORD00241,CUST0011,PROD0106,2025-04-05,1,514.25
OL000484,ORD00241,CUST0011,PROD0135,2025-04-05,1,749.74
OL000485,ORD00242,CUST0457,PROD0057,2026-05-12,6,578.04
OL000486,ORD00242,CUST0457,PROD0073,2026-05-12,3,204.51
OL000487,ORD00242,CUST0457,PROD0050,2026-05-12,1,295.23
OL000488,ORD00243,CUST0635,PROD0015,2025-02-28,5,705.37
OL000489,ORD00244,CUST0916,PROD0056,2026-05-05,5,652.27
OL000490,ORD00244,CUST0916,PROD0164,2026-05-05,1,367.94
OL000491,ORD00244,CUST0916,PROD0182,2026-05-05,1,430.39
OL000492,ORD00245,CUST0877,PROD0097,2026-01-25,6,263.44
OL000493,ORD00246,CUST0580,PROD0048,2026-04-02,1,338.17
OL000494,ORD00246,CUST0580,PROD0179,2026-04-02,2,607.83
OL000495,ORD00246,CUST0580,PROD0065,2026-04-02,3,12.74
OL000496,ORD00247,CUST0677,PROD0020,2026-08-16,6,411.34
OL000497,ORD00247,CUST0677,PROD0117,2026-08-16,3,486.27
OL000498,ORD00248,CUST0709,PROD0171,2026-07-14,3,387.90
OL000499,ORD00248,CUST0709,PROD0066,2026-07-14,2,340.10
OL000500,ORD00249,CUST0284,PROD0098,2025-02-27,4,410.79
OL000501,ORD00250,CUST0062,PROD0068,2024-09-21,2,715.14
OL000502,ORD00250,CUST0062,PROD0113,2024-09-21,1,278.17
OL000503,ORD00251,CUST0951,PROD0157,2025-12-28,4,697.35
OL000504,ORD00251,CUST0951,PROD0046,2025-12-28,6,151.20
OL000505,ORD00252,CUST0112,PROD0139,2024-05-27,4,421.56
OL000506,ORD00252,CUST0112,PROD0056,2024-05-27,5,652.27
OL000507,ORD00253,CUST0109,PROD0184,2026-02-18,3,396.08
OL000508,ORD00253,CUST0109,PROD0027,2026-02-18,1,30.88
OL000509,ORD00253,CUST0109,PROD0019,2026-02-18,1,612.58
OL000510,ORD00254,CUST0746,PROD0199,2025-05-16,4,180.36
OL000511,ORD00254,CUST0746,PROD0005,2025-05-16,4,67.39
OL000512,ORD00254,CUST0746,PROD0039,2025-05-16,6,292.46
OL000513,ORD00255,CUST0001,PROD0010,2026-08-13,6,766.59
OL000514,ORD00255,CUST0001,PROD0100,2026-08-13,3,360.30
OL000515,ORD00255,CUST0001,PROD0039,2026-08-13,6,292.46
OL000516,ORD00256,CUST0927,PROD0148,2025-02-04,1,357.30
OL000517,ORD00256,CUST0927,PROD0132,2025-02-04,6,172.39
OL000518,ORD00257,CUST0490,PROD0104,2026-07-08,6,765.48
OL000519,ORD00257,CUST0490,PROD0200,2026-07-08,1,67.96
OL000520,ORD00258,CUST0232,PROD0099,2024-01-04,6,620.91
OL000521,ORD00258,CUST0232,PROD0200,2024-01-04,4,67.96
OL000522,ORD00258,CUST0232,PROD0032,2024-01-04,5,100.68
OL000523,ORD00259,CUST0958,PROD0086,2025-12-26,6,648.95
OL000524,ORD00259,CUST0958,PROD0078,2025-12-26,4,176.29
OL000525,ORD00259,CUST0958,PROD0015,2025-12-26,6,705.37
OL000526,ORD00260,CUST0093,PROD0137,2025-01-09,3,47.78
OL000527,ORD00260,CUST0093,PROD0021,2025-01-09,4,321.30
OL000528,ORD00260,CUST0093,PROD0195,2025-01-09,3,203.66
OL000529,ORD00261,CUST0208,PROD0142,2024-06-29,1,496.38
OL000530,ORD00261,CUST0208,PROD0099,2024-06-29,6,620.91
OL000531,ORD00261,CUST0208,PROD0049,2024-06-29,3,602.99
OL000532,ORD00262,CUST0400,PROD0028,2026-07-06,6,281.08
OL000533,ORD00262,CUST0400,PROD0177,2026-07-06,3,13.38
OL000534,ORD00262,CUST0400,PROD0125,2026-07-06,1,138.01
OL000535,ORD00263,CUST0449,PROD0049,2026-01-22,2,602.99
OL000536,ORD00263,CUST0449,PROD0010,2026-01-22,2,766.59
OL000537,ORD00263,CUST0449,PROD0007,2026-01-22,6,396.66
OL000538,ORD00264,CUST0245,PROD0100,2025-05-15,1,360.30
OL000539,ORD00264,CUST0245,PROD0139,2025-05-15,6,421.56
OL000540,ORD00264,CUST0245,PROD0079,2025-05-15,4,207.15
OL000541,ORD00265,CUST0989,PROD0116,2026-05-04,1,569.78
OL000542,ORD00265,CUST0989,PROD0010,2026-05-04,3,766.59
OL000543,ORD00265,CUST0989,PROD0015,2026-05-04,3,705.37
OL000544,ORD00266,CUST0044,PROD0031,2025-02-19,2,368.46
OL000545,ORD00266,CUST0044,PROD0168,2025-02-19,6,513.62
OL000546,ORD00266,CUST0044,PROD0134,2025-02-19,4,80.96
OL000547,ORD00267,CUST0892,PROD0039,2026-08-26,6,292.46
OL000548,ORD00267,CUST0892,PROD0149,2026-08-26,2,105.49
OL000549,ORD00267,CUST0892,PROD0019,2026-08-26,1,612.58
OL000550,ORD00268,CUST0145,PROD0168,2026-06-26,1,513.62
OL000551,ORD00268,CUST0145,PROD0121,2026-06-26,5,751.31
OL000552,ORD00268,CUST0145,PROD0012,2026-06-26,2,300.09
OL000553,ORD00269,CUST0665,PROD0004,2024-12-19,2,100.29
OL000554,ORD00269,CUST0665,PROD0162,2024-12-19,1,433.72
OL000555,ORD00269,CUST0665,PROD0079,2024-12-19,1,207.15
OL000556,ORD00270,CUST0626,PROD0152,2024-06-23,1,32.94
OL000557,ORD00270,CUST0626,PROD0028,2024-06-23,1,281.08
OL000558,ORD00271,CUST0610,PROD0158,2026-07-02,2,748.20
OL000559,ORD00271,CUST0610,PROD0017,2026-07-02,2,223.40
OL000560,ORD00272,CUST0346,PROD0189,2026-04-10,6,479.61
OL000561,ORD00272,CUST0346,PROD0103,2026-04-10,3,373.67
OL000562,ORD00273,CUST1000,PROD0148,2025-12-01,5,357.30
OL000563,ORD00274,CUST0330,PROD0055,2026-05-06,1,550.37
OL000564,ORD00275,CUST0178,PROD0017,2025-07-29,1,223.40
OL000565,ORD00275,CUST0178,PROD0071,2025-07-29,2,255.99
OL000566,ORD00275,CUST0178,PROD0194,2025-07-29,4,352.49
OL000567,ORD00276,CUST0714,PROD0142,2025-01-13,2,496.38
OL000568,ORD00277,CUST0250,PROD0011,2026-07-31,2,679.16
OL000569,ORD00277,CUST0250,PROD0026,2026-07-31,6,752.02
OL000570,ORD00278,CUST0386,PROD0041,2026-08-26,1,153.78
OL000571,ORD00278,CUST0386,PROD0125,2026-08-26,1,138.01
OL000572,ORD00278,CUST0386,PROD0002,2026-08-26,1,288.03
OL000573,ORD00279,CUST0949,PROD0181,2025-06-17,6,232.97
OL000574,ORD00280,CUST0909,PROD0107,2024-10-17,6,743.20
OL000575,ORD00280,CUST0909,PROD0198,2024-10-17,4,663.59
OL000576,ORD00280,CUST0909,PROD0178,2024-10-17,2,421.03
OL000577,ORD00281,CUST0147,PROD0070,2025-10-17,5,429.51
OL000578,ORD00282,CUST0422,PROD0045,2024-09-01,5,277.75
OL000579,ORD00282,CUST0422,PROD0178,2024-09-01,1,421.03
OL000580,ORD00283,CUST0185,PROD0157,2026-06-24,1,697.35
OL000581,ORD00283,CUST0185,PROD0161,2026-06-24,3,759.04
OL000582,ORD00283,CUST0185,PROD0090,2026-06-24,4,545.26
OL000583,ORD00284,CUST0572,PROD0050,2024-08-29,1,295.23
OL000584,ORD00285,CUST0098,PROD0093,2025-09-25,5,521.63
OL000585,ORD00285,CUST0098,PROD0130,2025-09-25,2,596.37
OL000586,ORD00285,CUST0098,PROD0119,2025-09-25,6,710.70
OL000587,ORD00286,CUST0214,PROD0014,2026-03-09,2,719.00
OL000588,ORD00286,CUST0214,PROD0029,2026-03-09,2,689.01
OL000589,ORD00286,CUST0214,PROD0176,2026-03-09,4,128.79
OL000590,ORD00287,CUST0181,PROD0172,2024-12-30,1,185.56
OL000591,ORD00287,CUST0181,PROD0014,2024-12-30,6,719.00
OL000592,ORD00288,CUST0292,PROD0112,2024-08-02,3,67.88
OL000593,ORD00288,CUST0292,PROD0086,2024-08-02,5,648.95
OL000594,ORD00289,CUST0045,PROD0190,2024-11-28,1,638.42
OL000595,ORD00289,CUST0045,PROD0138,2024-11-28,2,617.88
OL000596,ORD00290,CUST0805,PROD0125,2025-12-05,5,138.01
OL000597,ORD00291,CUST0073,PROD0061,2026-07-05,6,160.86
OL000598,ORD00292,CUST0607,PROD0108,2026-05-22,2,340.33
OL000599,ORD00292,CUST0607,PROD0192,2026-05-22,6,154.90
OL000600,ORD00293,CUST0236,PROD0029,2026-05-12,3,689.01
OL000601,ORD00293,CUST0236,PROD0059,2026-05-12,1,446.49
OL000602,ORD00294,CUST0756,PROD0052,2025-02-26,4,363.32
OL000603,ORD00295,CUST0076,PROD0150,2025-04-27,4,423.75
OL000604,ORD00296,CUST0912,PROD0038,2026-06-07,2,85.08
OL000605,ORD00297,CUST0466,PROD0100,2025-05-12,3,360.30
OL000606,ORD00297,CUST0466,PROD0035,2025-05-12,4,11.68
OL000607,ORD00297,CUST0466,PROD0185,2025-05-12,2,605.59
OL000608,ORD00298,CUST0368,PROD0052,2025-09-22,3,363.32
OL000609,ORD00298,CUST0368,PROD0033,2025-09-22,1,416.96
OL000610,ORD00298,CUST0368,PROD0178,2025-09-22,5,421.03
OL000611,ORD00299,CUST0288,PROD0029,2024-05-19,4,689.01
OL000612,ORD00300,CUST0429,PROD0195,2026-03-11,3,203.66
OL000613,ORD00300,CUST0429,PROD0057,2026-03-11,3,578.04
OL000614,ORD00301,CUST0161,PROD0044,2026-08-24,5,767.02
OL000615,ORD00301,CUST0161,PROD0142,2026-08-24,2,496.38
OL000616,ORD00301,CUST0161,PROD0023,2026-08-24,4,106.95
OL000617,ORD00302,CUST0501,PROD0056,2026-06-01,5,652.27
OL000618,ORD00302,CUST0501,PROD0122,2026-06-01,4,599.57
OL000619,ORD00302,CUST0501,PROD0072,2026-06-01,1,391.85
OL000620,ORD00303,CUST0439,PROD0064,2025-10-11,3,381.01
OL000621,ORD00303,CUST0439,PROD0112,2025-10-11,5,67.88
OL000622,ORD00303,CUST0439,PROD0057,2025-10-11,5,578.04
OL000623,ORD00304,CUST0936,PROD0002,2025-08-10,4,288.03
OL000624,ORD00305,CUST0042,PROD0188,2026-05-30,5,639.37
OL000625,ORD00306,CUST0436,PROD0101,2025-06-27,4,67.32
OL000626,ORD00307,CUST0842,PROD0116,2024-04-10,4,569.78
OL000627,ORD00307,CUST0842,PROD0062,2024-04-10,1,641.02
OL000628,ORD00307,CUST0842,PROD0143,2024-04-10,1,72.02
OL000629,ORD00308,CUST0750,PROD0056,2025-02-20,2,652.27
OL000630,ORD00308,CUST0750,PROD0092,2025-02-20,3,463.59
OL000631,ORD00308,CUST0750,PROD0062,2025-02-20,6,641.02
OL000632,ORD00309,CUST0017,PROD0172,2026-07-06,3,185.56
OL000633,ORD00310,CUST0721,PROD0147,2025-10-16,6,591.38
OL000634,ORD00311,CUST0025,PROD0119,2025-12-23,2,710.70
OL000635,ORD00311,CUST0025,PROD0181,2025-12-23,4,232.97
OL000636,ORD00311,CUST0025,PROD0048,2025-12-23,3,338.17
OL000637,ORD00312,CUST0476,PROD0161,2024-12-20,1,759.04
OL000638,ORD00312,CUST0476,PROD0099,2024-12-20,6,620.91
OL000639,ORD00312,CUST0476,PROD0086,2024-12-20,5,648.95
OL000640,ORD00313,CUST0304,PROD0193,2026-05-26,3,706.31
OL000641,ORD00314,CUST0969,PROD0148,2026-07-29,2,357.30
OL000642,ORD00314,CUST0969,PROD0176,2026-07-29,1,128.79
OL000643,ORD00314,CUST0969,PROD0159,2026-07-29,3,441.08
OL000644,ORD00315,CUST0955,PROD0132,2024-09-11,6,172.39
OL000645,ORD00315,CUST0955,PROD0094,2024-09-11,1,433.05
OL000646,ORD00315,CUST0955,PROD0029,2024-09-11,4,689.01
OL000647,ORD00316,CUST0477,PROD0011,2025-09-25,3,679.16
OL000648,ORD00316,CUST0477,PROD0094,2025-09-25,2,433.05
OL000649,ORD00317,CUST0573,PROD0018,2025-12-22,5,150.37
OL000650,ORD00317,CUST0573,PROD0182,2025-12-22,2,430.39
OL000651,ORD00317,CUST0573,PROD0036,2025-12-22,3,540.90
OL000652,ORD00318,CUST0553,PROD0167,2024-04-26,4,350.80
OL000653,ORD00319,CUST0962,PROD0149,2026-03-31,6,105.49
OL000654,ORD00319,CUST0962,PROD0054,2026-03-31,6,783.51
OL000655,ORD00319,CUST0962,PROD0195,2026-03-31,2,203.66
OL000656,ORD00320,CUST0362,PROD0069,2026-07-08,5,506.36
OL000657,ORD00320,CUST0362,PROD0175,2026-07-08,4,332.69
OL000658,ORD00321,CUST0056,PROD0096,2024-03-05,3,231.25
OL000659,ORD00321,CUST0056,PROD0116,2024-03-05,4,569.78
OL000660,ORD00322,CUST0540,PROD0032,2026-04-29,4,100.68
OL000661,ORD00322,CUST0540,PROD0182,2026-04-29,5,430.39
OL000662,ORD00322,CUST0540,PROD0174,2026-04-29,5,249.75
OL000663,ORD00323,CUST0463,PROD0095,2025-09-27,6,783.59
OL000664,ORD00323,CUST0463,PROD0178,2025-09-27,1,421.03
OL000665,ORD00324,CUST0914,PROD0023,2025-08-06,1,106.95
OL000666,ORD00325,CUST0920,PROD0074,2024-07-02,1,687.50
OL000667,ORD00325,CUST0920,PROD0028,2024-07-02,2,281.08
OL000668,ORD00326,CUST0115,PROD0038,2026-08-17,4,85.08
OL000669,ORD00326,CUST0115,PROD0039,2026-08-17,2,292.46
OL000670,ORD00327,CUST0975,PROD0006,2025-10-04,3,764.83
OL000671,ORD00327,CUST0975,PROD0107,2025-10-04,6,743.20
OL000672,ORD00327,CUST0975,PROD0139,2025-10-04,2,421.56
OL000673,ORD00328,CUST0356,PROD0114,2025-05-06,6,254.21
OL000674,ORD00328,CUST0356,PROD0166,2025-05-06,1,702.44
OL000675,ORD00329,CUST0194,PROD0006,2024-03-05,2,764.83
OL000676,ORD00329,CUST0194,PROD0134,2024-03-05,6,80.96
OL000677,ORD00330,CUST0422,PROD0088,2025-08-15,6,332.34
OL000678,ORD00330,CUST0422,PROD0166,2025-08-15,3,702.44
OL000679,ORD00331,CUST0608,PROD0141,2026-07-14,4,87.61
OL000680,ORD00331,CUST0608,PROD0118,2026-07-14,3,319.38
OL000681,ORD00332,CUST0136,PROD0044,2025-08-09,3,767.02
OL000682,ORD00332,CUST0136,PROD0059,2025-08-09,4,446.49
OL000683,ORD00332,CUST0136,PROD0096,2025-08-09,3,231.25
OL000684,ORD00333,CUST0152,PROD0073,2024-12-27,4,204.51
OL000685,ORD00334,CUST0634,PROD0183,2026-02-05,5,551.77
OL000686,ORD00335,CUST0187,PROD0045,2026-08-30,6,277.75
OL000687,ORD00335,CUST0187,PROD0178,2026-08-30,6,421.03
OL000688,ORD00336,CUST0166,PROD0030,2026-03-13,1,621.83
OL000689,ORD00337,CUST0589,PROD0113,2024-05-09,3,278.17
OL000690,ORD00337,CUST0589,PROD0095,2024-05-09,2,783.59
OL000691,ORD00338,CUST0576,PROD0171,2024-12-27,3,387.90
OL000692,ORD00339,CUST0152,PROD0115,2025-01-16,5,524.14
OL000693,ORD00339,CUST0152,PROD0042,2025-01-16,5,213.95
OL000694,ORD00340,CUST0125,PROD0104,2025-02-03,4,765.48
OL000695,ORD00340,CUST0125,PROD0197,2025-02-03,2,518.55
OL000696,ORD00341,CUST0951,PROD0040,2026-02-27,1,690.15
OL000697,ORD00341,CUST0951,PROD0190,2026-02-27,5,638.42
OL000698,ORD00342,CUST0340,PROD0181,2025-10-24,3,232.97
OL000699,ORD00342,CUST0340,PROD0122,2025-10-24,3,599.57
OL000700,ORD00342,CUST0340,PROD0194,2025-10-24,5,352.49
OL000701,ORD00343,CUST0151,PROD0145,2026-03-29,6,314.92
OL000702,ORD00343,CUST0151,PROD0114,2026-03-29,3,254.21
OL000703,ORD00343,CUST0151,PROD0177,2026-03-29,1,13.38
OL000704,ORD00344,CUST0491,PROD0011,2026-07-10,2,679.16
OL000705,ORD00344,CUST0491,PROD0174,2026-07-10,5,249.75
OL000706,ORD00344,CUST0491,PROD0030,2026-07-10,3,621.83
OL000707,ORD00345,CUST0412,PROD0057,2025-09-24,4,578.04
OL000708,ORD00346,CUST0095,PROD0015,2024-11-30,5,705.37
OL000709,ORD00346,CUST0095,PROD0165,2024-11-30,2,600.37
OL000710,ORD00347,CUST0540,PROD0197,2024-08-15,3,518.55
OL000711,ORD00347,CUST0540,PROD0051,2024-08-15,1,323.46
OL000712,ORD00347,CUST0540,PROD0022,2024-08-15,5,601.37
OL000713,ORD00348,CUST0694,PROD0023,2025-11-18,5,106.95
OL000714,ORD00348,CUST0694,PROD0101,2025-11-18,2,67.32
OL000715,ORD00349,CUST0326,PROD0155,2025-09-09,5,692.06
OL000716,ORD00349,CUST0326,PROD0015,2025-09-09,6,705.37
OL000717,ORD00350,CUST0408,PROD0184,2024-06-12,4,396.08
OL000718,ORD00350,CUST0408,PROD0095,2024-06-12,4,783.59
OL000719,ORD00351,CUST0013,PROD0089,2024-10-18,3,284.11
OL000720,ORD00351,CUST0013,PROD0079,2024-10-18,4,207.15
OL000721,ORD00352,CUST0090,PROD0187,2024-08-23,4,613.86
OL000722,ORD00352,CUST0090,PROD0190,2024-08-23,4,638.42
OL000723,ORD00352,CUST0090,PROD0114,2024-08-23,3,254.21
OL000724,ORD00353,CUST0826,PROD0109,2026-01-15,6,491.78
OL000725,ORD00354,CUST0143,PROD0151,2026-05-05,5,140.62
OL000726,ORD00354,CUST0143,PROD0023,2026-05-05,2,106.95
OL000727,ORD00355,CUST0311,PROD0135,2025-05-01,3,749.74
OL000728,ORD00356,CUST0956,PROD0194,2025-10-25,4,352.49
OL000729,ORD00357,CUST0007,PROD0164,2025-02-23,3,367.94
OL000730,ORD00358,CUST0180,PROD0119,2026-06-29,6,710.70
OL000731,ORD00358,CUST0180,PROD0146,2026-06-29,2,187.33
OL000732,ORD00359,CUST0191,PROD0098,2026-05-02,3,410.79
OL000733,ORD00360,CUST0503,PROD0078,2024-02-19,5,176.29
OL000734,ORD00360,CUST0503,PROD0078,2024-02-19,4,176.29
OL000735,ORD00360,CUST0503,PROD0144,2024-02-19,6,745.60
OL000736,ORD00361,CUST0230,PROD0001,2024-08-16,2,669.88
OL000737,ORD00361,CUST0230,PROD0068,2024-08-16,3,715.14
OL000738,ORD00362,CUST0855,PROD0121,2025-10-13,1,751.31
OL000739,ORD00362,CUST0855,PROD0168,2025-10-13,6,513.62
OL000740,ORD00362,CUST0855,PROD0074,2025-10-13,4,687.50
OL000741,ORD00363,CUST0504,PROD0166,2026-07-24,2,702.44
OL000742,ORD00364,CUST0123,PROD0071,2026-02-22,4,255.99
OL000743,ORD00365,CUST0614,PROD0093,2026-02-02,5,521.63
OL000744,ORD00366,CUST0580,PROD0067,2025-03-22,6,111.89
OL000745,ORD00366,CUST0580,PROD0176,2025-03-22,4,128.79
OL000746,ORD00367,CUST0838,PROD0096,2024-05-02,5,231.25
OL000747,ORD00367,CUST0838,PROD0188,2024-05-02,5,639.37
OL000748,ORD00367,CUST0838,PROD0005,2024-05-02,3,67.39
OL000749,ORD00368,CUST0596,PROD0038,2024-09-22,3,85.08
OL000750,ORD00369,CUST0900,PROD0035,2025-12-10,3,11.68
OL000751,ORD00369,CUST0900,PROD0042,2025-12-10,1,213.95
OL000752,ORD00370,CUST0370,PROD0163,2026-04-29,3,474.70
OL000753,ORD00370,CUST0370,PROD0013,2026-04-29,3,255.75
OL000754,ORD00371,CUST0543,PROD0020,2025-10-16,5,411.34
OL000755,ORD00371,CUST0543,PROD0050,2025-10-16,6,295.23
OL000756,ORD00372,CUST0784,PROD0154,2025-11-01,2,732.63
OL000757,ORD00373,CUST0331,PROD0176,2025-05-03,3,128.79
OL000758,ORD00373,CUST0331,PROD0070,2025-05-03,6,429.51
OL000759,ORD00373,CUST0331,PROD0179,2025-05-03,6,607.83
OL000760,ORD00374,CUST0099,PROD0149,2025-07-01,3,105.49
OL000761,ORD00374,CUST0099,PROD0037,2025-07-01,1,306.64
OL000762,ORD00375,CUST0531,PROD0096,2025-12-13,4,231.25
OL000763,ORD00376,CUST0349,PROD0027,2026-01-25,2,30.88
OL000764,ORD00376,CUST0349,PROD0040,2026-01-25,5,690.15
OL000765,ORD00377,CUST0852,PROD0144,2025-12-12,5,745.60
OL000766,ORD00378,CUST0852,PROD0137,2026-06-03,6,47.78
OL000767,ORD00378,CUST0852,PROD0142,2026-06-03,6,496.38
OL000768,ORD00378,CUST0852,PROD0194,2026-06-03,1,352.49
OL000769,ORD00379,CUST0472,PROD0020,2026-07-27,1,411.34
OL000770,ORD00379,CUST0472,PROD0034,2026-07-27,1,255.93
OL000771,ORD00380,CUST0357,PROD0177,2024-12-07,3,13.38
OL000772,ORD00380,CUST0357,PROD0036,2024-12-07,4,540.90
OL000773,ORD00381,CUST0536,PROD0088,2026-02-20,2,332.34
OL000774,ORD00381,CUST0536,PROD0182,2026-02-20,3,430.39
OL000775,ORD00381,CUST0536,PROD0008,2026-02-20,6,10.26
OL000776,ORD00382,CUST0228,PROD0178,2025-12-21,2,421.03
OL000777,ORD00383,CUST0233,PROD0033,2025-11-07,2,416.96
OL000778,ORD00383,CUST0233,PROD0034,2025-11-07,1,255.93
OL000779,ORD00383,CUST0233,PROD0109,2025-11-07,6,491.78
OL000780,ORD00384,CUST0080,PROD0199,2024-01-20,4,180.36
OL000781,ORD00385,CUST0044,PROD0028,2024-07-20,1,281.08
OL000782,ORD00385,CUST0044,PROD0169,2024-07-20,5,429.35
OL000783,ORD00386,CUST0061,PROD0031,2025-04-25,3,368.46
OL000784,ORD00386,CUST0061,PROD0012,2025-04-25,1,300.09
OL000785,ORD00386,CUST0061,PROD0078,2025-04-25,6,176.29
OL000786,ORD00387,CUST0773,PROD0032,2024-04-08,5,100.68
OL000787,ORD00388,CUST0602,PROD0052,2026-08-13,2,363.32
OL000788,ORD00389,CUST0360,PROD0024,2024-07-31,2,422.95
OL000789,ORD00389,CUST0360,PROD0192,2024-07-31,3,154.90
OL000790,ORD00389,CUST0360,PROD0149,2024-07-31,3,105.49
OL000791,ORD00390,CUST0165,PROD0200,2026-07-01,6,67.96
OL000792,ORD00390,CUST0165,PROD0157,2026-07-01,2,697.35
OL000793,ORD00391,CUST0584,PROD0026,2024-03-10,5,752.02
OL000794,ORD00391,CUST0584,PROD0196,2024-03-10,1,573.37
OL000795,ORD00391,CUST0584,PROD0136,2024-03-10,2,381.17
OL000796,ORD00392,CUST0197,PROD0044,2026-04-22,5,767.02
OL000797,ORD00392,CUST0197,PROD0002,2026-04-22,6,288.03
OL000798,ORD00392,CUST0197,PROD0026,2026-04-22,2,752.02
OL000799,ORD00393,CUST0872,PROD0122,2025-12-25,3,599.57
OL000800,ORD00393,CUST0872,PROD0179,2025-12-25,5,607.83
OL000801,ORD00393,CUST0872,PROD0048,2025-12-25,4,338.17
OL000802,ORD00394,CUST0981,PROD0047,2025-08-06,3,342.02
OL000803,ORD00394,CUST0981,PROD0098,2025-08-06,4,410.79
OL000804,ORD00394,CUST0981,PROD0055,2025-08-06,5,550.37
OL000805,ORD00395,CUST0418,PROD0195,2026-01-06,3,203.66
OL000806,ORD00396,CUST0478,PROD0134,2025-04-16,2,80.96
OL000807,ORD00397,CUST0781,PROD0181,2025-01-04,3,232.97
OL000808,ORD00397,CUST0781,PROD0143,2025-01-04,6,72.02
OL000809,ORD00398,CUST0085,PROD0127,2024-12-01,1,104.40
OL000810,ORD00399,CUST0291,PROD0154,2026-03-21,6,732.63
OL000811,ORD00399,CUST0291,PROD0080,2026-03-21,6,671.97
OL000812,ORD00400,CUST0232,PROD0105,2025-07-21,3,695.25
OL000813,ORD00400,CUST0232,PROD0110,2025-07-21,2,326.78
OL000814,ORD00401,CUST0917,PROD0174,2026-05-31,3,249.75
OL000815,ORD00402,CUST0014,PROD0126,2025-12-19,6,684.09
OL000816,ORD00403,CUST0406,PROD0134,2025-03-24,6,80.96
OL000817,ORD00404,CUST0088,PROD0037,2024-06-29,4,306.64
OL000818,ORD00404,CUST0088,PROD0103,2024-06-29,6,373.67
OL000819,ORD00404,CUST0088,PROD0152,2024-06-29,1,32.94
OL000820,ORD00405,CUST0948,PROD0017,2025-09-08,3,223.40
OL000821,ORD00405,CUST0948,PROD0051,2025-09-08,3,323.46
OL000822,ORD00405,CUST0948,PROD0052,2025-09-08,5,363.32
OL000823,ORD00406,CUST0126,PROD0109,2025-12-21,6,491.78
OL000824,ORD00406,CUST0126,PROD0128,2025-12-21,3,191.52
OL000825,ORD00407,CUST0785,PROD0152,2025-08-18,3,32.94
OL000826,ORD00407,CUST0785,PROD0194,2025-08-18,6,352.49
OL000827,ORD00407,CUST0785,PROD0103,2025-08-18,3,373.67
OL000828,ORD00408,CUST0683,PROD0104,2025-09-09,4,765.48
OL000829,ORD00408,CUST0683,PROD0131,2025-09-09,3,601.03
OL000830,ORD00409,CUST0787,PROD0028,2025-04-10,1,281.08
OL000831,ORD00410,CUST0502,PROD0060,2026-01-03,6,685.76
OL000832,ORD00410,CUST0502,PROD0035,2026-01-03,1,11.68
OL000833,ORD00411,CUST0756,PROD0018,2024-02-24,4,150.37
OL000834,ORD00412,CUST0028,PROD0098,2025-01-17,5,410.79
OL000835,ORD00412,CUST0028,PROD0174,2025-01-17,3,249.75
OL000836,ORD00412,CUST0028,PROD0040,2025-01-17,3,690.15
OL000837,ORD00413,CUST0639,PROD0195,2024-06-09,1,203.66
OL000838,ORD00413,CUST0639,PROD0170,2024-06-09,5,727.58
OL000839,ORD00413,CUST0639,PROD0197,2024-06-09,4,518.55
OL000840,ORD00414,CUST0207,PROD0170,2024-10-27,4,727.58
OL000841,ORD00414,CUST0207,PROD0126,2024-10-27,5,684.09
OL000842,ORD00415,CUST0556,PROD0139,2024-12-17,5,421.56
OL000843,ORD00415,CUST0556,PROD0005,2024-12-17,1,67.39
OL000844,ORD00416,CUST0902,PROD0031,2026-07-25,4,368.46
OL000845,ORD00416,CUST0902,PROD0116,2026-07-25,3,569.78
OL000846,ORD00417,CUST0454,PROD0010,2025-04-15,1,766.59
OL000847,ORD00417,CUST0454,PROD0046,2025-04-15,5,151.20
OL000848,ORD00418,CUST0882,PROD0078,2026-03-09,6,176.29
OL000849,ORD00418,CUST0882,PROD0043,2026-03-09,4,219.17
OL000850,ORD00418,CUST0882,PROD0111,2026-03-09,2,726.11
OL000851,ORD00419,CUST0733,PROD0125,2026-04-01,1,138.01
OL000852,ORD00419,CUST0733,PROD0146,2026-04-01,6,187.33
OL000853,ORD00420,CUST0676,PROD0176,2025-07-21,5,128.79
OL000854,ORD00420,CUST0676,PROD0147,2025-07-21,4,591.38
OL000855,ORD00421,CUST0576,PROD0130,2025-05-01,1,596.37
OL000856,ORD00421,CUST0576,PROD0101,2025-05-01,3,67.32
OL000857,ORD00422,CUST0606,PROD0158,2025-01-21,6,748.20
OL000858,ORD00422,CUST0606,PROD0091,2025-01-21,3,486.42
OL000859,ORD00423,CUST0063,PROD0152,2024-01-29,1,32.94
OL000860,ORD00423,CUST0063,PROD0033,2024-01-29,3,416.96
OL000861,ORD00424,CUST0829,PROD0150,2026-01-29,1,423.75
OL000862,ORD00424,CUST0829,PROD0196,2026-01-29,6,573.37
OL000863,ORD00425,CUST0390,PROD0110,2024-04-09,3,326.78
OL000864,ORD00425,CUST0390,PROD0092,2024-04-09,4,463.59
OL000865,ORD00426,CUST0058,PROD0063,2025-11-08,2,592.13
OL000866,ORD00426,CUST0058,PROD0061,2025-11-08,6,160.86
OL000867,ORD00427,CUST0607,PROD0177,2026-01-19,1,13.38
OL000868,ORD00427,CUST0607,PROD0079,2026-01-19,1,207.15
OL000869,ORD00428,CUST0174,PROD0138,2024-01-21,3,617.88
OL000870,ORD00428,CUST0174,PROD0010,2024-01-21,4,766.59
OL000871,ORD00429,CUST0885,PROD0146,2025-03-08,5,187.33
OL000872,ORD00429,CUST0885,PROD0108,2025-03-08,3,340.33
OL000873,ORD00429,CUST0885,PROD0006,2025-03-08,6,764.83
OL000874,ORD00430,CUST0603,PROD0082,2024-01-23,4,596.94
OL000875,ORD00430,CUST0603,PROD0147,2024-01-23,4,591.38
OL000876,ORD00431,CUST0587,PROD0126,2024-04-10,1,684.09
OL000877,ORD00431,CUST0587,PROD0177,2024-04-10,6,13.38
OL000878,ORD00432,CUST0345,PROD0129,2025-07-31,6,205.05
OL000879,ORD00433,CUST0171,PROD0077,2026-03-09,3,134.85
OL000880,ORD00433,CUST0171,PROD0112,2026-03-09,2,67.88
OL000881,ORD00434,CUST0651,PROD0020,2026-06-17,5,411.34
OL000882,ORD00434,CUST0651,PROD0055,2026-06-17,3,550.37
OL000883,ORD00435,CUST0049,PROD0147,2025-12-02,4,591.38
OL000884,ORD00435,CUST0049,PROD0058,2025-12-02,5,644.24
OL000885,ORD00436,CUST0981,PROD0184,2025-07-30,5,396.08
OL000886,ORD00436,CUST0981,PROD0025,2025-07-30,5,341.41
OL000887,ORD00436,CUST0981,PROD0087,2025-07-30,3,278.58
OL000888,ORD00437,CUST0581,PROD0122,2026-07-01,4,599.57
OL000889,ORD00438,CUST0356,PROD0020,2026-05-25,6,411.34
OL000890,ORD00439,CUST0517,PROD0077,2026-04-03,4,134.85
OL000891,ORD00439,CUST0517,PROD0170,2026-04-03,5,727.58
OL000892,ORD00440,CUST0205,PROD0103,2026-02-04,3,373.67
OL000893,ORD00440,CUST0205,PROD0160,2026-02-04,5,112.41
OL000894,ORD00441,CUST0688,PROD0141,2026-02-20,2,87.61
OL000895,ORD00441,CUST0688,PROD0005,2026-02-20,6,67.39
OL000896,ORD00442,CUST0529,PROD0048,2026-06-02,5,338.17
OL000897,ORD00442,CUST0529,PROD0128,2026-06-02,2,191.52
OL000898,ORD00442,CUST0529,PROD0170,2026-06-02,6,727.58
OL000899,ORD00443,CUST0275,PROD0164,2026-08-17,5,367.94
OL000900,ORD00443,CUST0275,PROD0158,2026-08-17,4,748.20
OL000901,ORD00444,CUST0745,PROD0134,2025-03-03,2,80.96
OL000902,ORD00444,CUST0745,PROD0094,2025-03-03,4,433.05
OL000903,ORD00444,CUST0745,PROD0038,2025-03-03,2,85.08
OL000904,ORD00445,CUST0765,PROD0196,2025-12-02,3,573.37
OL000905,ORD00446,CUST0421,PROD0017,2024-11-22,6,223.40
OL000906,ORD00446,CUST0421,PROD0053,2024-11-22,4,459.26
OL000907,ORD00447,CUST0844,PROD0166,2024-10-20,2,702.44
OL000908,ORD00447,CUST0844,PROD0066,2024-10-20,6,340.10
OL000909,ORD00448,CUST0242,PROD0062,2025-02-19,1,641.02
OL000910,ORD00448,CUST0242,PROD0039,2025-02-19,2,292.46
OL000911,ORD00448,CUST0242,PROD0008,2025-02-19,2,10.26
OL000912,ORD00449,CUST0476,PROD0144,2026-04-30,4,745.60
OL000913,ORD00449,CUST0476,PROD0109,2026-04-30,6,491.78
OL000914,ORD00450,CUST0207,PROD0070,2024-06-12,2,429.51
OL000915,ORD00451,CUST0265,PROD0169,2026-02-23,5,429.35
OL000916,ORD00452,CUST0660,PROD0011,2026-05-22,6,679.16
OL000917,ORD00453,CUST0802,PROD0015,2024-06-17,1,705.37
OL000918,ORD00453,CUST0802,PROD0081,2024-06-17,5,81.55
OL000919,ORD00454,CUST0888,PROD0105,2024-03-06,3,695.25
OL000920,ORD00454,CUST0888,PROD0172,2024-03-06,6,185.56
OL000921,ORD00455,CUST0407,PROD0186,2026-08-23,2,243.18
OL000922,ORD00456,CUST0115,PROD0189,2026-04-10,5,479.61
OL000923,ORD00457,CUST0535,PROD0149,2025-11-11,5,105.49
OL000924,ORD00458,CUST0509,PROD0061,2024-12-28,5,160.86
OL000925,ORD00458,CUST0509,PROD0032,2024-12-28,3,100.68
OL000926,ORD00459,CUST0853,PROD0189,2026-07-07,4,479.61
OL000927,ORD00459,CUST0853,PROD0192,2026-07-07,6,154.90
OL000928,ORD00460,CUST0958,PROD0056,2026-03-02,2,652.27
OL000929,ORD00461,CUST0180,PROD0071,2026-01-05,4,255.99
OL000930,ORD00462,CUST0261,PROD0015,2026-01-17,4,705.37
OL000931,ORD00462,CUST0261,PROD0137,2026-01-17,3,47.78
OL000932,ORD00463,CUST0972,PROD0082,2025-11-08,5,596.94
OL000933,ORD00463,CUST0972,PROD0109,2025-11-08,4,491.78
OL000934,ORD00463,CUST0972,PROD0175,2025-11-08,2,332.69
OL000935,ORD00464,CUST0901,PROD0093,2026-01-19,4,521.63
OL000936,ORD00464,CUST0901,PROD0184,2026-01-19,3,396.08
OL000937,ORD00465,CUST0022,PROD0156,2026-03-06,1,376.41
OL000938,ORD00465,CUST0022,PROD0190,2026-03-06,6,638.42
OL000939,ORD00466,CUST0708,PROD0172,2026-07-28,2,185.56
OL000940,ORD00467,CUST0566,PROD0080,2026-03-02,6,671.97
OL000941,ORD00467,CUST0566,PROD0180,2026-03-02,3,113.35
OL000942,ORD00468,CUST0125,PROD0061,2026-07-10,4,160.86
OL000943,ORD00468,CUST0125,PROD0100,2026-07-10,1,360.30
OL000944,ORD00468,CUST0125,PROD0101,2026-07-10,3,67.32
OL000945,ORD00469,CUST0093,PROD0194,2026-08-16,2,352.49
OL000946,ORD00469,CUST0093,PROD0077,2026-08-16,2,134.85
OL000947,ORD00470,CUST0938,PROD0162,2025-03-25,3,433.72
OL000948,ORD00471,CUST0417,PROD0009,2026-03-19,3,686.38
OL000949,ORD00471,CUST0417,PROD0021,2026-03-19,4,321.30
OL000950,ORD00471,CUST0417,PROD0121,2026-03-19,6,751.31
OL000951,ORD00472,CUST0949,PROD0184,2026-02-21,4,396.08
OL000952,ORD00472,CUST0949,PROD0026,2026-02-21,2,752.02
OL000953,ORD00473,CUST0268,PROD0017,2026-07-16,3,223.40
OL000954,ORD00473,CUST0268,PROD0108,2026-07-16,5,340.33
OL000955,ORD00473,CUST0268,PROD0187,2026-07-16,5,613.86
OL000956,ORD00474,CUST0335,PROD0178,2025-04-09,1,421.03
OL000957,ORD00474,CUST0335,PROD0196,2025-04-09,1,573.37
OL000958,ORD00474,CUST0335,PROD0165,2025-04-09,6,600.37
OL000959,ORD00475,CUST0646,PROD0165,2025-03-30,2,600.37
OL000960,ORD00476,CUST0411,PROD0161,2024-07-23,3,759.04
OL000961,ORD00477,CUST0590,PROD0029,2024-12-22,2,689.01
OL000962,ORD00477,CUST0590,PROD0064,2024-12-22,5,381.01
OL000963,ORD00478,CUST0993,PROD0167,2026-04-19,2,350.80
OL000964,ORD00478,CUST0993,PROD0153,2026-04-19,6,288.68
OL000965,ORD00478,CUST0993,PROD0106,2026-04-19,3,514.25
OL000966,ORD00479,CUST0490,PROD0067,2026-02-03,2,111.89
OL000967,ORD00479,CUST0490,PROD0176,2026-02-03,5,128.79
OL000968,ORD00480,CUST0819,PROD0051,2025-08-28,1,323.46
OL000969,ORD00480,CUST0819,PROD0107,2025-08-28,3,743.20
OL000970,ORD00481,CUST0403,PROD0147,2025-11-22,2,591.38
OL000971,ORD00482,CUST0971,PROD0143,2024-01-24,6,72.02
OL000972,ORD00483,CUST0642,PROD0023,2025-06-25,4,106.95
OL000973,ORD00483,CUST0642,PROD0051,2025-06-25,3,323.46
OL000974,ORD00483,CUST0642,PROD0180,2025-06-25,2,113.35
OL000975,ORD00484,CUST0411,PROD0110,2025-09-24,5,326.78
OL000976,ORD00485,CUST0153,PROD0095,2024-04-01,2,783.59
OL000977,ORD00485,CUST0153,PROD0146,2024-04-01,1,187.33
OL000978,ORD00486,CUST0736,PROD0112,2026-06-13,4,67.88
OL000979,ORD00487,CUST0507,PROD0058,2024-05-01,6,644.24
OL000980,ORD00487,CUST0507,PROD0053,2024-05-01,2,459.26
OL000981,ORD00487,CUST0507,PROD0069,2024-05-01,3,506.36
OL000982,ORD00488,CUST0507,PROD0034,2025-01-26,4,255.93
OL000983,ORD00488,CUST0507,PROD0053,2025-01-26,5,459.26
OL000984,ORD00488,CUST0507,PROD0056,2025-01-26,3,652.27
OL000985,ORD00489,CUST0694,PROD0108,2024-07-12,2,340.33
OL000986,ORD00489,CUST0694,PROD0105,2024-07-12,2,695.25
OL000987,ORD00489,CUST0694,PROD0008,2024-07-12,3,10.26
OL000988,ORD00490,CUST0242,PROD0116,2025-09-24,2,569.78
OL000989,ORD00490,CUST0242,PROD0095,2025-09-24,5,783.59
OL000990,ORD00491,CUST0663,PROD0022,2025-04-14,1,601.37
OL000991,ORD00491,CUST0663,PROD0121,2025-04-14,2,751.31
OL000992,ORD00491,CUST0663,PROD0083,2025-04-14,6,211.51
OL000993,ORD00492,CUST0704,PROD0183,2026-03-29,4,551.77
OL000994,ORD00492,CUST0704,PROD0182,2026-03-29,4,430.39
OL000995,ORD00493,CUST0612,PROD0019,2025-12-02,1,612.58
OL000996,ORD00493,CUST0612,PROD0143,2025-12-02,1,72.02
OL000997,ORD00493,CUST0612,PROD0014,2025-12-02,3,719.00
OL000998,ORD00494,CUST0483,PROD0091,2026-07-19,5,486.42
OL000999,ORD00495,CUST0991,PROD0154,2026-04-01,6,732.63
OL001000,ORD00495,CUST0991,PROD0192,2026-04-01,1,154.90
OL001001,ORD00495,CUST0991,PROD0002,2026-04-01,3,288.03
OL001002,ORD00496,CUST0635,PROD0078,2025-12-21,4,176.29
OL001003,ORD00496,CUST0635,PROD0172,2025-12-21,3,185.56
OL001004,ORD00496,CUST0635,PROD0034,2025-12-21,5,255.93
OL001005,ORD00497,CUST0595,PROD0067,2024-07-02,2,111.89
OL001006,ORD00498,CUST0505,PROD0120,2025-04-09,2,625.86
OL001007,ORD00498,CUST0505,PROD0023,2025-04-09,3,106.95
OL001008,ORD00498,CUST0505,PROD0182,2025-04-09,5,430.39
OL001009,ORD00499,CUST0146,PROD0030,2024-09-23,3,621.83
OL001010,ORD00499,CUST0146,PROD0012,2024-09-23,2,300.09
OL001011,ORD00500,CUST0893,PROD0072,2026-05-04,6,391.85
OL001012,ORD00500,CUST0893,PROD0093,2026-05-04,4,521.63
OL001013,ORD00501,CUST0925,PROD0157,2025-05-01,3,697.35
OL001014,ORD00501,CUST0925,PROD0133,2025-05-01,3,320.64
OL001015,ORD00502,CUST0915,PROD0081,2024-06-17,6,81.55
OL001016,ORD00502,CUST0915,PROD0126,2024-06-17,2,684.09
OL001017,ORD00503,CUST0874,PROD0014,2026-06-28,2,719.00
OL001018,ORD00503,CUST0874,PROD0039,2026-06-28,1,292.46
OL001019,ORD00503,CUST0874,PROD0059,2026-06-28,2,446.49
OL001020,ORD00504,CUST0482,PROD0042,2025-09-19,6,213.95
OL001021,ORD00505,CUST0447,PROD0127,2024-04-28,1,104.40
OL001022,ORD00505,CUST0447,PROD0114,2024-04-28,3,254.21
OL001023,ORD00506,CUST0575,PROD0118,2025-05-11,4,319.38
OL001024,ORD00506,CUST0575,PROD0029,2025-05-11,6,689.01
OL001025,ORD00506,CUST0575,PROD0038,2025-05-11,1,85.08
OL001026,ORD00507,CUST0096,PROD0073,2025-03-06,2,204.51
OL001027,ORD00507,CUST0096,PROD0044,2025-03-06,6,767.02
OL001028,ORD00508,CUST0843,PROD0145,2025-07-18,6,314.92
OL001029,ORD00508,CUST0843,PROD0150,2025-07-18,2,423.75
OL001030,ORD00508,CUST0843,PROD0150,2025-07-18,1,423.75
OL001031,ORD00509,CUST0786,PROD0047,2025-08-07,4,342.02
OL001032,ORD00509,CUST0786,PROD0020,2025-08-07,2,411.34
OL001033,ORD00509,CUST0786,PROD0197,2025-08-07,4,518.55
OL001034,ORD00510,CUST0097,PROD0085,2026-06-27,1,448.20
OL001035,ORD00510,CUST0097,PROD0073,2026-06-27,6,204.51
OL001036,ORD00510,CUST0097,PROD0175,2026-06-27,1,332.69
OL001037,ORD00511,CUST0383,PROD0028,2026-06-22,3,281.08
OL001038,ORD00511,CUST0383,PROD0040,2026-06-22,1,690.15
OL001039,ORD00512,CUST0472,PROD0182,2026-04-30,6,430.39
OL001040,ORD00513,CUST0465,PROD0153,2026-03-11,6,288.68
OL001041,ORD00513,CUST0465,PROD0002,2026-03-11,3,288.03
OL001042,ORD00514,CUST0672,PROD0116,2025-09-29,3,569.78
OL001043,ORD00515,CUST0752,PROD0034,2026-07-05,2,255.93
OL001044,ORD00515,CUST0752,PROD0013,2026-07-05,6,255.75
OL001045,ORD00515,CUST0752,PROD0073,2026-07-05,3,204.51
OL001046,ORD00516,CUST0762,PROD0141,2024-03-13,5,87.61
OL001047,ORD00517,CUST0095,PROD0066,2025-02-12,2,340.10
OL001048,ORD00517,CUST0095,PROD0062,2025-02-12,4,641.02
OL001049,ORD00518,CUST0022,PROD0054,2026-06-20,2,783.51
OL001050,ORD00519,CUST0799,PROD0073,2026-02-14,6,204.51
OL001051,ORD00519,CUST0799,PROD0193,2026-02-14,6,706.31
OL001052,ORD00520,CUST0124,PROD0126,2025-03-14,4,684.09
OL001053,ORD00521,CUST0826,PROD0080,2026-08-01,6,671.97
OL001054,ORD00521,CUST0826,PROD0155,2026-08-01,2,692.06
OL001055,ORD00521,CUST0826,PROD0092,2026-08-01,6,463.59
OL001056,ORD00522,CUST0853,PROD0132,2026-03-18,2,172.39
OL001057,ORD00523,CUST0457,PROD0122,2026-05-31,3,599.57
OL001058,ORD00523,CUST0457,PROD0145,2026-05-31,5,314.92
OL001059,ORD00524,CUST0093,PROD0109,2026-02-13,3,491.78
OL001060,ORD00524,CUST0093,PROD0158,2026-02-13,2,748.20
OL001061,ORD00525,CUST0646,PROD0024,2025-03-12,1,422.95
OL001062,ORD00525,CUST0646,PROD0132,2025-03-12,3,172.39
OL001063,ORD00526,CUST0693,PROD0166,2025-12-10,6,702.44
OL001064,ORD00526,CUST0693,PROD0183,2025-12-10,2,551.77
OL001065,ORD00527,CUST0540,PROD0166,2025-10-06,5,702.44
OL001066,ORD00527,CUST0540,PROD0022,2025-10-06,3,601.37
OL001067,ORD00528,CUST0448,PROD0123,2024-03-22,3,419.13
OL001068,ORD00528,CUST0448,PROD0039,2024-03-22,2,292.46
OL001069,ORD00529,CUST0925,PROD0064,2025-06-08,5,381.01
OL001070,ORD00529,CUST0925,PROD0110,2025-06-08,3,326.78
OL001071,ORD00529,CUST0925,PROD0146,2025-06-08,1,187.33
OL001072,ORD00530,CUST0079,PROD0012,2026-07-28,5,300.09
OL001073,ORD00530,CUST0079,PROD0028,2026-07-28,5,281.08
OL001074,ORD00530,CUST0079,PROD0109,2026-07-28,4,491.78
OL001075,ORD00531,CUST0476,PROD0065,2026-07-24,3,12.74
OL001076,ORD00532,CUST0600,PROD0197,2024-03-24,5,518.55
OL001077,ORD00532,CUST0600,PROD0005,2024-03-24,1,67.39
OL001078,ORD00533,CUST0678,PROD0046,2025-07-29,2,151.20
OL001079,ORD00533,CUST0678,PROD0101,2025-07-29,1,67.32
OL001080,ORD00533,CUST0678,PROD0022,2025-07-29,4,601.37
OL001081,ORD00534,CUST0305,PROD0151,2025-09-09,6,140.62
OL001082,ORD00534,CUST0305,PROD0117,2025-09-09,6,486.27
OL001083,ORD00534,CUST0305,PROD0116,2025-09-09,5,569.78
OL001084,ORD00535,CUST0350,PROD0048,2026-07-29,2,338.17
OL001085,ORD00535,CUST0350,PROD0048,2026-07-29,1,338.17
OL001086,ORD00536,CUST0619,PROD0173,2024-09-22,1,76.19
OL001087,ORD00536,CUST0619,PROD0112,2024-09-22,5,67.88
OL001088,ORD00536,CUST0619,PROD0005,2024-09-22,1,67.39
OL001089,ORD00537,CUST0120,PROD0044,2024-03-30,6,767.02
OL001090,ORD00537,CUST0120,PROD0123,2024-03-30,4,419.13
OL001091,ORD00538,CUST0415,PROD0169,2026-07-18,6,429.35
OL001092,ORD00538,CUST0415,PROD0155,2026-07-18,6,692.06
OL001093,ORD00538,CUST0415,PROD0125,2026-07-18,3,138.01
OL001094,ORD00539,CUST0833,PROD0093,2026-07-02,6,521.63
OL001095,ORD00539,CUST0833,PROD0173,2026-07-02,6,76.19
OL001096,ORD00539,CUST0833,PROD0173,2026-07-02,4,76.19
OL001097,ORD00540,CUST0090,PROD0035,2024-05-23,1,11.68
OL001098,ORD00540,CUST0090,PROD0049,2024-05-23,1,602.99
OL001099,ORD00541,CUST0713,PROD0007,2025-11-06,2,396.66
OL001100,ORD00542,CUST0665,PROD0167,2025-01-03,2,350.80
OL001101,ORD00542,CUST0665,PROD0112,2025-01-03,6,67.88
OL001102,ORD00543,CUST0196,PROD0078,2025-05-03,4,176.29
OL001103,ORD00543,CUST0196,PROD0038,2025-05-03,4,85.08
OL001104,ORD00543,CUST0196,PROD0109,2025-05-03,1,491.78
OL001105,ORD00544,CUST0171,PROD0190,2024-11-21,6,638.42
OL001106,ORD00545,CUST0987,PROD0121,2025-08-16,1,751.31
OL001107,ORD00545,CUST0987,PROD0116,2025-08-16,5,569.78
OL001108,ORD00546,CUST0207,PROD0146,2024-10-28,4,187.33
OL001109,ORD00547,CUST0342,PROD0027,2024-06-06,6,30.88
OL001110,ORD00548,CUST0443,PROD0127,2025-07-04,6,104.40
OL001111,ORD00548,CUST0443,PROD0149,2025-07-04,5,105.49
OL001112,ORD00548,CUST0443,PROD0188,2025-07-04,5,639.37
OL001113,ORD00549,CUST0038,PROD0103,2025-05-14,4,373.67
OL001114,ORD00549,CUST0038,PROD0132,2025-05-14,5,172.39
OL001115,ORD00550,CUST0627,PROD0125,2025-12-17,2,138.01
OL001116,ORD00550,CUST0627,PROD0183,2025-12-17,1,551.77
OL001117,ORD00550,CUST0627,PROD0136,2025-12-17,1,381.17
OL001118,ORD00551,CUST0591,PROD0142,2025-11-30,1,496.38
OL001119,ORD00551,CUST0591,PROD0069,2025-11-30,6,506.36
OL001120,ORD00552,CUST0911,PROD0030,2026-06-06,4,621.83
OL001121,ORD00552,CUST0911,PROD0160,2026-06-06,6,112.41
OL001122,ORD00553,CUST0460,PROD0112,2026-04-15,1,67.88
OL001123,ORD00553,CUST0460,PROD0042,2026-04-15,3,213.95
OL001124,ORD00554,CUST0197,PROD0089,2026-07-27,4,284.11
OL001125,ORD00554,CUST0197,PROD0060,2026-07-27,5,685.76
OL001126,ORD00554,CUST0197,PROD0057,2026-07-27,5,578.04
OL001127,ORD00555,CUST0348,PROD0155,2026-08-01,6,692.06
OL001128,ORD00555,CUST0348,PROD0169,2026-08-01,4,429.35
OL001129,ORD00555,CUST0348,PROD0034,2026-08-01,3,255.93
OL001130,ORD00556,CUST0729,PROD0107,2026-02-28,6,743.20
OL001131,ORD00556,CUST0729,PROD0168,2026-02-28,6,513.62
OL001132,ORD00556,CUST0729,PROD0093,2026-02-28,4,521.63
OL001133,ORD00557,CUST0637,PROD0073,2024-09-29,6,204.51
OL001134,ORD00558,CUST0089,PROD0124,2025-11-14,2,362.97
OL001135,ORD00558,CUST0089,PROD0045,2025-11-14,2,277.75
OL001136,ORD00558,CUST0089,PROD0041,2025-11-14,5,153.78
OL001137,ORD00559,CUST0104,PROD0107,2026-03-23,4,743.20
OL001138,ORD00559,CUST0104,PROD0078,2026-03-23,2,176.29
OL001139,ORD00560,CUST0571,PROD0005,2024-02-18,3,67.39
OL001140,ORD00561,CUST0366,PROD0041,2026-01-17,2,153.78
OL001141,ORD00561,CUST0366,PROD0129,2026-01-17,1,205.05
OL001142,ORD00562,CUST0346,PROD0030,2025-03-16,5,621.83
OL001143,ORD00563,CUST0124,PROD0058,2025-12-09,4,644.24
OL001144,ORD00564,CUST0349,PROD0197,2026-05-03,1,518.55
OL001145,ORD00564,CUST0349,PROD0198,2026-05-03,5,663.59
OL001146,ORD00565,CUST0918,PROD0177,2025-12-23,5,13.38
OL001147,ORD00565,CUST0918,PROD0155,2025-12-23,6,692.06
OL001148,ORD00566,CUST0724,PROD0113,2024-11-26,4,278.17
OL001149,ORD00567,CUST0999,PROD0157,2024-04-18,5,697.35
OL001150,ORD00568,CUST0844,PROD0011,2025-07-29,5,679.16
OL001151,ORD00569,CUST0172,PROD0031,2025-10-07,2,368.46
OL001152,ORD00570,CUST0161,PROD0182,2025-10-01,4,430.39
OL001153,ORD00570,CUST0161,PROD0196,2025-10-01,5,573.37
OL001154,ORD00571,CUST0751,PROD0026,2026-08-13,2,752.02
OL001155,ORD00571,CUST0751,PROD0166,2026-08-13,3,702.44
OL001156,ORD00572,CUST0839,PROD0032,2025-12-12,2,100.68
OL001157,ORD00572,CUST0839,PROD0113,2025-12-12,4,278.17
OL001158,ORD00573,CUST0252,PROD0122,2026-08-14,3,599.57
OL001159,ORD00574,CUST0518,PROD0022,2024-06-24,3,601.37
OL001160,ORD00574,CUST0518,PROD0096,2024-06-24,6,231.25
OL001161,ORD00575,CUST0370,PROD0039,2025-11-02,5,292.46
OL001162,ORD00575,CUST0370,PROD0108,2025-11-02,2,340.33
OL001163,ORD00576,CUST0822,PROD0106,2025-03-15,4,514.25
OL001164,ORD00577,CUST0975,PROD0133,2026-05-22,6,320.64
OL001165,ORD00577,CUST0975,PROD0093,2026-05-22,1,521.63
OL001166,ORD00578,CUST0150,PROD0003,2026-02-27,6,624.25
OL001167,ORD00578,CUST0150,PROD0133,2026-02-27,1,320.64
OL001168,ORD00579,CUST0347,PROD0103,2024-11-18,2,373.67
OL001169,ORD00580,CUST0063,PROD0195,2025-02-06,1,203.66
OL001170,ORD00580,CUST0063,PROD0170,2025-02-06,6,727.58
OL001171,ORD00581,CUST0925,PROD0015,2026-03-16,6,705.37
OL001172,ORD00582,CUST0819,PROD0076,2026-04-29,4,83.67
OL001173,ORD00582,CUST0819,PROD0103,2026-04-29,6,373.67
OL001174,ORD00582,CUST0819,PROD0180,2026-04-29,5,113.35
OL001175,ORD00583,CUST0739,PROD0089,2025-08-15,1,284.11
OL001176,ORD00583,CUST0739,PROD0072,2025-08-15,5,391.85
OL001177,ORD00584,CUST0943,PROD0180,2024-11-16,4,113.35
OL001178,ORD00584,CUST0943,PROD0115,2024-11-16,6,524.14
OL001179,ORD00584,CUST0943,PROD0053,2024-11-16,5,459.26
OL001180,ORD00585,CUST0808,PROD0167,2026-03-02,4,350.80
OL001181,ORD00585,CUST0808,PROD0179,2026-03-02,3,607.83
OL001182,ORD00585,CUST0808,PROD0167,2026-03-02,4,350.80
OL001183,ORD00586,CUST0903,PROD0022,2026-01-25,1,601.37
OL001184,ORD00587,CUST0343,PROD0186,2025-02-03,6,243.18
OL001185,ORD00587,CUST0343,PROD0190,2025-02-03,2,638.42
OL001186,ORD00587,CUST0343,PROD0134,2025-02-03,5,80.96
OL001187,ORD00588,CUST0219,PROD0131,2024-04-05,5,601.03
OL001188,ORD00588,CUST0219,PROD0080,2024-04-05,5,671.97
OL001189,ORD00589,CUST0776,PROD0041,2025-10-12,1,153.78
OL001190,ORD00589,CUST0776,PROD0008,2025-10-12,5,10.26
OL001191,ORD00590,CUST0265,PROD0199,2026-02-04,3,180.36
OL001192,ORD00590,CUST0265,PROD0186,2026-02-04,4,243.18
OL001193,ORD00590,CUST0265,PROD0130,2026-02-04,1,596.37
OL001194,ORD00591,CUST0062,PROD0096,2026-05-11,3,231.25
OL001195,ORD00591,CUST0062,PROD0161,2026-05-11,5,759.04
OL001196,ORD00591,CUST0062,PROD0091,2026-05-11,1,486.42
OL001197,ORD00592,CUST0775,PROD0032,2025-10-28,4,100.68
OL001198,ORD00593,CUST0587,PROD0002,2026-01-24,4,288.03
OL001199,ORD00593,CUST0587,PROD0087,2026-01-24,2,278.58
OL001200,ORD00594,CUST0596,PROD0183,2026-02-24,6,551.77
OL001201,ORD00594,CUST0596,PROD0171,2026-02-24,5,387.90
OL001202,ORD00594,CUST0596,PROD0153,2026-02-24,2,288.68
OL001203,ORD00595,CUST0307,PROD0171,2024-10-18,6,387.90
OL001204,ORD00595,CUST0307,PROD0147,2024-10-18,6,591.38
OL001205,ORD00596,CUST0732,PROD0134,2025-05-09,6,80.96
OL001206,ORD00597,CUST0108,PROD0133,2024-12-01,5,320.64
OL001207,ORD00598,CUST0843,PROD0117,2025-10-16,1,486.27
OL001208,ORD00599,CUST0729,PROD0106,2026-04-05,1,514.25
OL001209,ORD00600,CUST0064,PROD0034,2025-03-11,4,255.93
OL001210,ORD00601,CUST0457,PROD0095,2025-12-23,6,783.59
OL001211,ORD00602,CUST0413,PROD0144,2026-07-24,5,745.60
OL001212,ORD00602,CUST0413,PROD0200,2026-07-24,4,67.96
OL001213,ORD00602,CUST0413,PROD0068,2026-07-24,5,715.14
OL001214,ORD00603,CUST0652,PROD0113,2025-03-09,6,278.17
OL001215,ORD00603,CUST0652,PROD0126,2025-03-09,6,684.09
OL001216,ORD00604,CUST0844,PROD0037,2024-06-15,5,306.64
OL001217,ORD00604,CUST0844,PROD0033,2024-06-15,4,416.96
OL001218,ORD00605,CUST0469,PROD0181,2024-05-12,5,232.97
OL001219,ORD00605,CUST0469,PROD0136,2024-05-12,1,381.17
OL001220,ORD00605,CUST0469,PROD0178,2024-05-12,2,421.03
OL001221,ORD00606,CUST0485,PROD0192,2025-04-27,2,154.90
OL001222,ORD00606,CUST0485,PROD0144,2025-04-27,3,745.60
OL001223,ORD00607,CUST0617,PROD0105,2026-05-22,1,695.25
OL001224,ORD00608,CUST0379,PROD0075,2025-08-08,1,42.92
OL001225,ORD00609,CUST0157,PROD0096,2025-01-03,3,231.25
OL001226,ORD00609,CUST0157,PROD0096,2025-01-03,3,231.25
OL001227,ORD00609,CUST0157,PROD0076,2025-01-03,4,83.67
OL001228,ORD00610,CUST0811,PROD0037,2024-05-26,5,306.64
OL001229,ORD00611,CUST0050,PROD0079,2026-08-17,3,207.15
OL001230,ORD00611,CUST0050,PROD0056,2026-08-17,2,652.27
OL001231,ORD00612,CUST0501,PROD0032,2024-01-03,5,100.68
OL001232,ORD00612,CUST0501,PROD0090,2024-01-03,1,545.26
OL001233,ORD00612,CUST0501,PROD0012,2024-01-03,4,300.09
OL001234,ORD00613,CUST0587,PROD0145,2024-11-13,4,314.92
OL001235,ORD00613,CUST0587,PROD0087,2024-11-13,4,278.58
OL001236,ORD00614,CUST0855,PROD0156,2026-01-07,2,376.41
OL001237,ORD00614,CUST0855,PROD0196,2026-01-07,2,573.37
OL001238,ORD00615,CUST0652,PROD0195,2025-04-16,4,203.66
OL001239,ORD00615,CUST0652,PROD0171,2025-04-16,4,387.90
OL001240,ORD00615,CUST0652,PROD0039,2025-04-16,6,292.46
OL001241,ORD00616,CUST0092,PROD0171,2026-08-12,5,387.90
OL001242,ORD00616,CUST0092,PROD0105,2026-08-12,4,695.25
OL001243,ORD00617,CUST0922,PROD0087,2026-04-12,5,278.58
OL001244,ORD00618,CUST0982,PROD0114,2026-08-12,6,254.21
OL001245,ORD00619,CUST0662,PROD0043,2024-03-31,6,219.17
OL001246,ORD00619,CUST0662,PROD0007,2024-03-31,5,396.66
OL001247,ORD00620,CUST0816,PROD0144,2026-05-15,6,745.60
OL001248,ORD00620,CUST0816,PROD0032,2026-05-15,6,100.68
OL001249,ORD00620,CUST0816,PROD0144,2026-05-15,1,745.60
OL001250,ORD00621,CUST0979,PROD0139,2026-03-13,5,421.56
OL001251,ORD00622,CUST0981,PROD0134,2026-03-31,2,80.96
OL001252,ORD00623,CUST0515,PROD0005,2026-08-10,1,67.39
OL001253,ORD00623,CUST0515,PROD0169,2026-08-10,5,429.35
OL001254,ORD00624,CUST0986,PROD0071,2024-01-20,2,255.99
OL001255,ORD00625,CUST0850,PROD0149,2026-08-29,4,105.49
OL001256,ORD00626,CUST0827,PROD0156,2025-06-30,3,376.41
OL001257,ORD00627,CUST0604,PROD0126,2025-02-10,1,684.09
OL001258,ORD00627,CUST0604,PROD0088,2025-02-10,4,332.34
OL001259,ORD00628,CUST0425,PROD0136,2025-09-30,3,381.17
OL001260,ORD00629,CUST0264,PROD0030,2025-05-17,1,621.83
OL001261,ORD00629,CUST0264,PROD0139,2025-05-17,2,421.56
OL001262,ORD00630,CUST0148,PROD0066,2024-11-24,1,340.10
OL001263,ORD00630,CUST0148,PROD0040,2024-11-24,3,690.15
OL001264,ORD00631,CUST0695,PROD0016,2024-06-22,5,461.73
OL001265,ORD00631,CUST0695,PROD0084,2024-06-22,2,291.43
OL001266,ORD00632,CUST0731,PROD0077,2024-02-29,4,134.85
OL001267,ORD00633,CUST0328,PROD0106,2025-10-17,3,514.25
OL001268,ORD00634,CUST0385,PROD0014,2025-03-31,2,719.00
OL001269,ORD00634,CUST0385,PROD0062,2025-03-31,5,641.02
OL001270,ORD00635,CUST0243,PROD0131,2025-05-19,5,601.03
OL001271,ORD00635,CUST0243,PROD0099,2025-05-19,1,620.91
OL001272,ORD00635,CUST0243,PROD0069,2025-05-19,1,506.36
OL001273,ORD00636,CUST0476,PROD0105,2026-07-08,1,695.25
OL001274,ORD00636,CUST0476,PROD0124,2026-07-08,1,362.97
OL001275,ORD00637,CUST0649,PROD0005,2024-08-27,3,67.39
OL001276,ORD00637,CUST0649,PROD0142,2024-08-27,5,496.38
OL001277,ORD00638,CUST0104,PROD0196,2024-09-09,5,573.37
OL001278,ORD00638,CUST0104,PROD0167,2024-09-09,2,350.80
OL001279,ORD00638,CUST0104,PROD0078,2024-09-09,5,176.29
OL001280,ORD00639,CUST0457,PROD0163,2025-12-26,5,474.70
OL001281,ORD00639,CUST0457,PROD0053,2025-12-26,2,459.26
OL001282,ORD00640,CUST0554,PROD0063,2024-06-21,5,592.13
OL001283,ORD00640,CUST0554,PROD0109,2024-06-21,5,491.78
OL001284,ORD00641,CUST0043,PROD0119,2024-01-02,5,710.70
OL001285,ORD00641,CUST0043,PROD0075,2024-01-02,6,42.92
OL001286,ORD00642,CUST0001,PROD0124,2024-03-02,3,362.97
OL001287,ORD00643,CUST0257,PROD0175,2026-06-28,4,332.69
OL001288,ORD00643,CUST0257,PROD0090,2026-06-28,6,545.26
OL001289,ORD00643,CUST0257,PROD0055,2026-06-28,5,550.37
OL001290,ORD00644,CUST0289,PROD0042,2025-07-12,6,213.95
OL001291,ORD00644,CUST0289,PROD0137,2025-07-12,5,47.78
OL001292,ORD00644,CUST0289,PROD0018,2025-07-12,3,150.37
OL001293,ORD00645,CUST0405,PROD0032,2025-12-16,2,100.68
OL001294,ORD00646,CUST0570,PROD0111,2024-10-13,2,726.11
OL001295,ORD00646,CUST0570,PROD0157,2024-10-13,5,697.35
OL001296,ORD00646,CUST0570,PROD0082,2024-10-13,6,596.94
OL001297,ORD00647,CUST0651,PROD0193,2024-10-25,6,706.31
OL001298,ORD00647,CUST0651,PROD0116,2024-10-25,3,569.78
OL001299,ORD00648,CUST0679,PROD0088,2024-11-25,2,332.34
OL001300,ORD00649,CUST0983,PROD0085,2025-12-02,1,448.20
OL001301,ORD00649,CUST0983,PROD0178,2025-12-02,2,421.03
OL001302,ORD00650,CUST0945,PROD0156,2025-09-16,4,376.41
OL001303,ORD00650,CUST0945,PROD0002,2025-09-16,1,288.03
OL001304,ORD00650,CUST0945,PROD0173,2025-09-16,2,76.19
OL001305,ORD00651,CUST0570,PROD0179,2026-07-05,6,607.83
OL001306,ORD00651,CUST0570,PROD0126,2026-07-05,4,684.09
OL001307,ORD00652,CUST0084,PROD0167,2026-07-04,1,350.80
OL001308,ORD00652,CUST0084,PROD0138,2026-07-04,1,617.88
OL001309,ORD00652,CUST0084,PROD0172,2026-07-04,4,185.56
OL001310,ORD00653,CUST0127,PROD0097,2024-12-27,5,263.44
OL001311,ORD00653,CUST0127,PROD0092,2024-12-27,4,463.59
OL001312,ORD00653,CUST0127,PROD0046,2024-12-27,6,151.20
OL001313,ORD00654,CUST0128,PROD0095,2025-04-18,2,783.59
OL001314,ORD00655,CUST0010,PROD0191,2025-09-18,1,440.82
OL001315,ORD00655,CUST0010,PROD0195,2025-09-18,3,203.66
OL001316,ORD00656,CUST0944,PROD0092,2025-12-27,2,463.59
OL001317,ORD00656,CUST0944,PROD0024,2025-12-27,5,422.95
OL001318,ORD00656,CUST0944,PROD0161,2025-12-27,3,759.04
OL001319,ORD00657,CUST0227,PROD0127,2024-08-27,3,104.40
OL001320,ORD00657,CUST0227,PROD0010,2024-08-27,3,766.59
OL001321,ORD00657,CUST0227,PROD0127,2024-08-27,6,104.40
OL001322,ORD00658,CUST0621,PROD0002,2024-10-22,2,288.03
OL001323,ORD00658,CUST0621,PROD0164,2024-10-22,4,367.94
OL001324,ORD00658,CUST0621,PROD0029,2024-10-22,3,689.01
OL001325,ORD00659,CUST0513,PROD0044,2025-05-20,5,767.02
OL001326,ORD00659,CUST0513,PROD0050,2025-05-20,6,295.23
OL001327,ORD00659,CUST0513,PROD0190,2025-05-20,5,638.42
OL001328,ORD00660,CUST0699,PROD0145,2025-09-09,2,314.92
OL001329,ORD00660,CUST0699,PROD0017,2025-09-09,5,223.40
OL001330,ORD00660,CUST0699,PROD0033,2025-09-09,6,416.96
OL001331,ORD00661,CUST0131,PROD0146,2024-09-22,2,187.33
OL001332,ORD00662,CUST0747,PROD0071,2026-03-12,2,255.99
OL001333,ORD00662,CUST0747,PROD0174,2026-03-12,1,249.75
OL001334,ORD00662,CUST0747,PROD0178,2026-03-12,6,421.03
OL001335,ORD00663,CUST0630,PROD0175,2025-10-22,5,332.69
OL001336,ORD00663,CUST0630,PROD0117,2025-10-22,1,486.27
OL001337,ORD00663,CUST0630,PROD0110,2025-10-22,6,326.78
OL001338,ORD00664,CUST0966,PROD0083,2025-01-22,4,211.51
OL001339,ORD00664,CUST0966,PROD0105,2025-01-22,3,695.25
OL001340,ORD00664,CUST0966,PROD0032,2025-01-22,6,100.68
OL001341,ORD00665,CUST0478,PROD0093,2026-05-16,5,521.63
OL001342,ORD00665,CUST0478,PROD0195,2026-05-16,1,203.66
OL001343,ORD00665,CUST0478,PROD0185,2026-05-16,2,605.59
OL001344,ORD00666,CUST0285,PROD0108,2026-07-29,5,340.33
OL001345,ORD00667,CUST0324,PROD0101,2025-01-03,2,67.32
OL001346,ORD00667,CUST0324,PROD0086,2025-01-03,1,648.95
OL001347,ORD00668,CUST0828,PROD0189,2024-01-26,2,479.61
OL001348,ORD00668,CUST0828,PROD0177,2024-01-26,4,13.38
OL001349,ORD00668,CUST0828,PROD0020,2024-01-26,2,411.34
OL001350,ORD00669,CUST0169,PROD0080,2025-04-22,1,671.97
OL001351,ORD00670,CUST0641,PROD0008,2024-04-09,4,10.26
OL001352,ORD00670,CUST0641,PROD0111,2024-04-09,1,726.11
OL001353,ORD00670,CUST0641,PROD0152,2024-04-09,6,32.94
OL001354,ORD00671,CUST0861,PROD0064,2025-08-19,1,381.01
OL001355,ORD00671,CUST0861,PROD0122,2025-08-19,2,599.57
OL001356,ORD00672,CUST0853,PROD0086,2025-10-08,5,648.95
OL001357,ORD00672,CUST0853,PROD0061,2025-10-08,1,160.86
OL001358,ORD00673,CUST0635,PROD0196,2026-02-18,1,573.37
OL001359,ORD00673,CUST0635,PROD0161,2026-02-18,4,759.04
OL001360,ORD00673,CUST0635,PROD0149,2026-02-18,1,105.49
OL001361,ORD00674,CUST0998,PROD0009,2024-03-03,4,686.38
OL001362,ORD00675,CUST0912,PROD0033,2025-05-23,1,416.96
OL001363,ORD00675,CUST0912,PROD0114,2025-05-23,1,254.21
OL001364,ORD00676,CUST0626,PROD0111,2025-10-03,1,726.11
OL001365,ORD00676,CUST0626,PROD0027,2025-10-03,6,30.88
OL001366,ORD00677,CUST0573,PROD0076,2024-02-23,4,83.67
OL001367,ORD00678,CUST0099,PROD0193,2025-09-24,4,706.31
OL001368,ORD00678,CUST0099,PROD0060,2025-09-24,5,685.76
OL001369,ORD00679,CUST0639,PROD0117,2024-03-13,4,486.27
OL001370,ORD00679,CUST0639,PROD0119,2024-03-13,4,710.70
OL001371,ORD00679,CUST0639,PROD0159,2024-03-13,5,441.08
OL001372,ORD00680,CUST0348,PROD0173,2025-10-28,1,76.19
OL001373,ORD00681,CUST0530,PROD0151,2026-03-24,2,140.62
OL001374,ORD00681,CUST0530,PROD0028,2026-03-24,1,281.08
OL001375,ORD00682,CUST0610,PROD0018,2026-04-05,5,150.37
OL001376,ORD00683,CUST0927,PROD0033,2025-08-09,6,416.96
OL001377,ORD00684,CUST0263,PROD0108,2025-06-01,4,340.33
OL001378,ORD00684,CUST0263,PROD0186,2025-06-01,5,243.18
OL001379,ORD00684,CUST0263,PROD0114,2025-06-01,2,254.21
OL001380,ORD00685,CUST0141,PROD0012,2026-03-27,1,300.09
OL001381,ORD00686,CUST0320,PROD0112,2026-07-13,5,67.88
OL001382,ORD00687,CUST0773,PROD0080,2025-01-01,5,671.97
OL001383,ORD00687,CUST0773,PROD0139,2025-01-01,2,421.56
OL001384,ORD00687,CUST0773,PROD0038,2025-01-01,4,85.08
OL001385,ORD00688,CUST0618,PROD0075,2024-12-17,3,42.92
OL001386,ORD00688,CUST0618,PROD0003,2024-12-17,5,624.25
OL001387,ORD00689,CUST0674,PROD0038,2025-11-25,1,85.08
OL001388,ORD00689,CUST0674,PROD0061,2025-11-25,5,160.86
OL001389,ORD00689,CUST0674,PROD0144,2025-11-25,1,745.60
OL001390,ORD00690,CUST0353,PROD0052,2024-07-19,6,363.32
OL001391,ORD00690,CUST0353,PROD0052,2024-07-19,1,363.32
OL001392,ORD00691,CUST0194,PROD0122,2025-11-14,6,599.57
OL001393,ORD00691,CUST0194,PROD0178,2025-11-14,4,421.03
OL001394,ORD00692,CUST0710,PROD0149,2024-12-05,5,105.49
OL001395,ORD00692,CUST0710,PROD0086,2024-12-05,5,648.95
OL001396,ORD00692,CUST0710,PROD0077,2024-12-05,4,134.85
OL001397,ORD00693,CUST0167,PROD0117,2024-04-17,1,486.27
OL001398,ORD00693,CUST0167,PROD0127,2024-04-17,2,104.40
OL001399,ORD00694,CUST0655,PROD0178,2024-09-08,2,421.03
OL001400,ORD00695,CUST0639,PROD0062,2024-10-07,4,641.02
OL001401,ORD00695,CUST0639,PROD0189,2024-10-07,3,479.61
OL001402,ORD00696,CUST0385,PROD0103,2025-06-26,2,373.67
OL001403,ORD00696,CUST0385,PROD0002,2025-06-26,3,288.03
OL001404,ORD00696,CUST0385,PROD0003,2025-06-26,1,624.25
OL001405,ORD00697,CUST0031,PROD0030,2026-02-19,2,621.83
OL001406,ORD00697,CUST0031,PROD0075,2026-02-19,4,42.92
OL001407,ORD00698,CUST0647,PROD0196,2025-08-22,3,573.37
OL001408,ORD00699,CUST0999,PROD0051,2024-01-31,2,323.46
OL001409,ORD00700,CUST0179,PROD0068,2024-08-12,6,715.14
OL001410,ORD00700,CUST0179,PROD0045,2024-08-12,3,277.75
OL001411,ORD00701,CUST0252,PROD0051,2025-09-12,1,323.46
OL001412,ORD00701,CUST0252,PROD0046,2025-09-12,3,151.20
OL001413,ORD00701,CUST0252,PROD0026,2025-09-12,1,752.02
OL001414,ORD00702,CUST0141,PROD0168,2025-01-23,1,513.62
OL001415,ORD00702,CUST0141,PROD0087,2025-01-23,2,278.58
OL001416,ORD00702,CUST0141,PROD0079,2025-01-23,4,207.15
OL001417,ORD00703,CUST0379,PROD0096,2026-04-08,6,231.25
OL001418,ORD00704,CUST0964,PROD0160,2025-06-23,4,112.41
OL001419,ORD00705,CUST0067,PROD0037,2024-05-01,2,306.64
OL001420,ORD00705,CUST0067,PROD0049,2024-05-01,2,602.99
OL001421,ORD00705,CUST0067,PROD0137,2024-05-01,4,47.78
OL001422,ORD00706,CUST0384,PROD0154,2024-11-21,4,732.63
OL001423,ORD00706,CUST0384,PROD0163,2024-11-21,2,474.70
OL001424,ORD00706,CUST0384,PROD0012,2024-11-21,5,300.09
OL001425,ORD00707,CUST0194,PROD0138,2026-05-24,3,617.88
OL001426,ORD00707,CUST0194,PROD0039,2026-05-24,3,292.46
OL001427,ORD00707,CUST0194,PROD0064,2026-05-24,1,381.01
OL001428,ORD00708,CUST0815,PROD0033,2025-04-10,5,416.96
OL001429,ORD00708,CUST0815,PROD0150,2025-04-10,4,423.75
OL001430,ORD00708,CUST0815,PROD0054,2025-04-10,6,783.51
OL001431,ORD00709,CUST0804,PROD0170,2025-04-26,5,727.58
OL001432,ORD00710,CUST0172,PROD0100,2025-06-04,6,360.30
OL001433,ORD00711,CUST0384,PROD0133,2025-05-25,4,320.64
OL001434,ORD00711,CUST0384,PROD0046,2025-05-25,3,151.20
OL001435,ORD00711,CUST0384,PROD0183,2025-05-25,3,551.77
OL001436,ORD00712,CUST0712,PROD0184,2025-05-09,4,396.08
OL001437,ORD00712,CUST0712,PROD0122,2025-05-09,3,599.57
OL001438,ORD00712,CUST0712,PROD0149,2025-05-09,4,105.49
OL001439,ORD00713,CUST0944,PROD0150,2026-03-20,6,423.75
OL001440,ORD00713,CUST0944,PROD0010,2026-03-20,2,766.59
OL001441,ORD00713,CUST0944,PROD0057,2026-03-20,2,578.04
OL001442,ORD00714,CUST0884,PROD0102,2025-08-09,2,492.85
OL001443,ORD00714,CUST0884,PROD0079,2025-08-09,4,207.15
OL001444,ORD00715,CUST0586,PROD0096,2025-12-27,3,231.25
OL001445,ORD00715,CUST0586,PROD0141,2025-12-27,1,87.61
OL001446,ORD00716,CUST0770,PROD0076,2024-12-23,4,83.67
OL001447,ORD00717,CUST0361,PROD0150,2024-08-23,1,423.75
OL001448,ORD00717,CUST0361,PROD0120,2024-08-23,5,625.86
OL001449,ORD00717,CUST0361,PROD0160,2024-08-23,3,112.41
OL001450,ORD00718,CUST0462,PROD0111,2026-04-09,4,726.11
OL001451,ORD00718,CUST0462,PROD0095,2026-04-09,4,783.59
OL001452,ORD00719,CUST0280,PROD0007,2026-01-10,2,396.66
OL001453,ORD00719,CUST0280,PROD0114,2026-01-10,2,254.21
OL001454,ORD00720,CUST0661,PROD0092,2024-03-18,1,463.59
OL001455,ORD00720,CUST0661,PROD0076,2024-03-18,5,83.67
OL001456,ORD00721,CUST0560,PROD0071,2025-11-19,2,255.99
OL001457,ORD00721,CUST0560,PROD0026,2025-11-19,1,752.02
OL001458,ORD00721,CUST0560,PROD0019,2025-11-19,3,612.58
OL001459,ORD00722,CUST0560,PROD0086,2026-01-20,2,648.95
OL001460,ORD00723,CUST0338,PROD0078,2024-09-13,6,176.29
OL001461,ORD00723,CUST0338,PROD0197,2024-09-13,6,518.55
OL001462,ORD00723,CUST0338,PROD0071,2024-09-13,2,255.99
OL001463,ORD00724,CUST0619,PROD0193,2024-05-21,6,706.31
OL001464,ORD00724,CUST0619,PROD0190,2024-05-21,5,638.42
OL001465,ORD00724,CUST0619,PROD0067,2024-05-21,1,111.89
OL001466,ORD00725,CUST0289,PROD0089,2026-08-14,4,284.11
OL001467,ORD00725,CUST0289,PROD0104,2026-08-14,5,765.48
OL001468,ORD00726,CUST0013,PROD0168,2025-04-28,5,513.62
OL001469,ORD00726,CUST0013,PROD0195,2025-04-28,2,203.66
OL001470,ORD00726,CUST0013,PROD0102,2025-04-28,2,492.85
OL001471,ORD00727,CUST0741,PROD0054,2026-08-07,4,783.51
OL001472,ORD00728,CUST0529,PROD0142,2025-08-24,4,496.38
OL001473,ORD00729,CUST0834,PROD0088,2025-04-17,1,332.34
OL001474,ORD00729,CUST0834,PROD0081,2025-04-17,2,81.55
OL001475,ORD00729,CUST0834,PROD0110,2025-04-17,6,326.78
OL001476,ORD00730,CUST0215,PROD0116,2025-11-28,5,569.78
OL001477,ORD00730,CUST0215,PROD0008,2025-11-28,3,10.26
OL001478,ORD00731,CUST0592,PROD0033,2026-06-13,3,416.96
OL001479,ORD00732,CUST0010,PROD0169,2026-06-30,3,429.35
OL001480,ORD00732,CUST0010,PROD0087,2026-06-30,2,278.58
OL001481,ORD00732,CUST0010,PROD0108,2026-06-30,4,340.33
OL001482,ORD00733,CUST0771,PROD0196,2025-02-17,6,573.37
OL001483,ORD00733,CUST0771,PROD0138,2025-02-17,3,617.88
OL001484,ORD00733,CUST0771,PROD0084,2025-02-17,5,291.43
OL001485,ORD00734,CUST0582,PROD0009,2026-03-15,2,686.38
OL001486,ORD00735,CUST0976,PROD0146,2024-12-04,6,187.33
OL001487,ORD00736,CUST0936,PROD0147,2025-09-14,4,591.38
OL001488,ORD00736,CUST0936,PROD0098,2025-09-14,2,410.79
OL001489,ORD00736,CUST0936,PROD0101,2025-09-14,1,67.32
OL001490,ORD00737,CUST0396,PROD0122,2024-07-11,1,599.57
OL001491,ORD00737,CUST0396,PROD0085,2024-07-11,5,448.20
OL001492,ORD00737,CUST0396,PROD0116,2024-07-11,6,569.78
OL001493,ORD00738,CUST0096,PROD0027,2025-02-01,6,30.88
OL001494,ORD00738,CUST0096,PROD0142,2025-02-01,2,496.38
OL001495,ORD00739,CUST0847,PROD0126,2026-06-26,1,684.09
OL001496,ORD00740,CUST0204,PROD0099,2024-03-12,3,620.91
OL001497,ORD00741,CUST0239,PROD0169,2026-04-12,5,429.35
OL001498,ORD00742,CUST0466,PROD0095,2025-01-08,5,783.59
OL001499,ORD00743,CUST0176,PROD0106,2025-10-28,4,514.25
OL001500,ORD00744,CUST0114,PROD0138,2025-06-16,4,617.88
OL001501,ORD00745,CUST0761,PROD0100,2024-03-11,2,360.30
OL001502,ORD00745,CUST0761,PROD0034,2024-03-11,2,255.93
OL001503,ORD00746,CUST0443,PROD0182,2026-08-20,6,430.39
OL001504,ORD00746,CUST0443,PROD0122,2026-08-20,2,599.57
OL001505,ORD00747,CUST0589,PROD0080,2026-08-19,5,671.97
OL001506,ORD00747,CUST0589,PROD0052,2026-08-19,5,363.32
OL001507,ORD00747,CUST0589,PROD0184,2026-08-19,6,396.08
OL001508,ORD00748,CUST0283,PROD0002,2025-05-09,2,288.03
OL001509,ORD00748,CUST0283,PROD0115,2025-05-09,1,524.14
OL001510,ORD00749,CUST0620,PROD0064,2026-05-07,5,381.01
OL001511,ORD00749,CUST0620,PROD0085,2026-05-07,5,448.20
OL001512,ORD00750,CUST0472,PROD0148,2025-04-18,1,357.30
OL001513,ORD00750,CUST0472,PROD0189,2025-04-18,1,479.61
OL001514,ORD00751,CUST0662,PROD0117,2026-06-21,3,486.27
OL001515,ORD00751,CUST0662,PROD0180,2026-06-21,6,113.35
OL001516,ORD00752,CUST0401,PROD0045,2025-09-19,4,277.75
OL001517,ORD00752,CUST0401,PROD0064,2025-09-19,2,381.01
OL001518,ORD00753,CUST0751,PROD0118,2025-05-21,4,319.38
OL001519,ORD00753,CUST0751,PROD0169,2025-05-21,2,429.35
OL001520,ORD00753,CUST0751,PROD0179,2025-05-21,5,607.83
OL001521,ORD00754,CUST0403,PROD0062,2024-12-15,2,641.02
OL001522,ORD00755,CUST0904,PROD0138,2026-04-16,3,617.88
OL001523,ORD00755,CUST0904,PROD0171,2026-04-16,1,387.90
OL001524,ORD00756,CUST0744,PROD0056,2026-04-26,4,652.27
OL001525,ORD00756,CUST0744,PROD0106,2026-04-26,5,514.25
OL001526,ORD00756,CUST0744,PROD0032,2026-04-26,3,100.68
OL001527,ORD00757,CUST0774,PROD0130,2025-10-19,3,596.37
OL001528,ORD00758,CUST0462,PROD0065,2025-06-03,2,12.74
OL001529,ORD00758,CUST0462,PROD0130,2025-06-03,1,596.37
OL001530,ORD00759,CUST0028,PROD0164,2024-09-30,6,367.94
OL001531,ORD00759,CUST0028,PROD0173,2024-09-30,6,76.19
OL001532,ORD00760,CUST0391,PROD0191,2026-03-03,4,440.82
OL001533,ORD00760,CUST0391,PROD0050,2026-03-03,4,295.23
OL001534,ORD00761,CUST0011,PROD0030,2025-12-09,6,621.83
OL001535,ORD00762,CUST0335,PROD0192,2025-11-17,4,154.90
OL001536,ORD00763,CUST0473,PROD0022,2024-05-02,5,601.37
OL001537,ORD00763,CUST0473,PROD0169,2024-05-02,2,429.35
OL001538,ORD00764,CUST0973,PROD0036,2025-03-24,4,540.90
OL001539,ORD00764,CUST0973,PROD0072,2025-03-24,2,391.85
OL001540,ORD00764,CUST0973,PROD0044,2025-03-24,1,767.02
OL001541,ORD00765,CUST0103,PROD0076,2024-06-30,1,83.67
OL001542,ORD00765,CUST0103,PROD0137,2024-06-30,6,47.78
OL001543,ORD00765,CUST0103,PROD0101,2024-06-30,2,67.32
OL001544,ORD00766,CUST0688,PROD0003,2026-02-20,6,624.25
OL001545,ORD00767,CUST0158,PROD0092,2025-03-27,2,463.59
OL001546,ORD00767,CUST0158,PROD0056,2025-03-27,6,652.27
OL001547,ORD00768,CUST0915,PROD0137,2025-11-22,2,47.78
OL001548,ORD00769,CUST0714,PROD0163,2024-02-18,5,474.70
OL001549,ORD00769,CUST0714,PROD0165,2024-02-18,6,600.37
OL001550,ORD00770,CUST0676,PROD0027,2026-07-07,4,30.88
OL001551,ORD00770,CUST0676,PROD0177,2026-07-07,3,13.38
OL001552,ORD00770,CUST0676,PROD0114,2026-07-07,1,254.21
OL001553,ORD00771,CUST0005,PROD0198,2025-05-15,4,663.59
OL001554,ORD00771,CUST0005,PROD0197,2025-05-15,2,518.55
OL001555,ORD00771,CUST0005,PROD0064,2025-05-15,3,381.01
OL001556,ORD00772,CUST0205,PROD0005,2025-08-22,4,67.39
OL001557,ORD00773,CUST0015,PROD0050,2025-11-20,6,295.23
OL001558,ORD00774,CUST0065,PROD0025,2024-08-13,6,341.41
OL001559,ORD00774,CUST0065,PROD0043,2024-08-13,6,219.17
OL001560,ORD00774,CUST0065,PROD0043,2024-08-13,1,219.17
OL001561,ORD00775,CUST0525,PROD0084,2025-09-21,3,291.43
OL001562,ORD00775,CUST0525,PROD0144,2025-09-21,6,745.60
OL001563,ORD00776,CUST0640,PROD0139,2025-03-22,4,421.56
OL001564,ORD00777,CUST0124,PROD0055,2025-01-05,1,550.37
OL001565,ORD00777,CUST0124,PROD0092,2025-01-05,3,463.59
OL001566,ORD00778,CUST0016,PROD0168,2025-09-19,3,513.62
OL001567,ORD00779,CUST0399,PROD0118,2024-08-05,2,319.38
OL001568,ORD00780,CUST0674,PROD0072,2026-04-14,6,391.85
OL001569,ORD00781,CUST0378,PROD0018,2024-09-28,2,150.37
OL001570,ORD00781,CUST0378,PROD0106,2024-09-28,3,514.25
OL001571,ORD00781,CUST0378,PROD0197,2024-09-28,5,518.55
OL001572,ORD00782,CUST0105,PROD0138,2025-12-30,5,617.88
OL001573,ORD00782,CUST0105,PROD0044,2025-12-30,3,767.02
OL001574,ORD00783,CUST0615,PROD0162,2026-01-31,6,433.72
OL001575,ORD00784,CUST0695,PROD0198,2026-08-04,6,663.59
OL001576,ORD00784,CUST0695,PROD0035,2026-08-04,3,11.68
OL001577,ORD00785,CUST0651,PROD0177,2026-03-21,3,13.38
OL001578,ORD00786,CUST0494,PROD0086,2024-03-10,1,648.95
OL001579,ORD00786,CUST0494,PROD0156,2024-03-10,5,376.41
OL001580,ORD00786,CUST0494,PROD0115,2024-03-10,4,524.14
OL001581,ORD00787,CUST0656,PROD0060,2026-01-29,5,685.76
OL001582,ORD00787,CUST0656,PROD0151,2026-01-29,6,140.62
OL001583,ORD00787,CUST0656,PROD0004,2026-01-29,2,100.29
OL001584,ORD00788,CUST0632,PROD0032,2026-02-16,3,100.68
OL001585,ORD00789,CUST0756,PROD0194,2025-03-14,2,352.49
OL001586,ORD00790,CUST0082,PROD0036,2024-03-02,3,540.90
OL001587,ORD00790,CUST0082,PROD0128,2024-03-02,3,191.52
OL001588,ORD00790,CUST0082,PROD0052,2024-03-02,2,363.32
OL001589,ORD00791,CUST0210,PROD0010,2025-10-19,2,766.59
OL001590,ORD00791,CUST0210,PROD0186,2025-10-19,5,243.18
OL001591,ORD00792,CUST0757,PROD0085,2026-06-17,2,448.20
OL001592,ORD00792,CUST0757,PROD0072,2026-06-17,3,391.85
OL001593,ORD00793,CUST0806,PROD0134,2024-12-06,4,80.96
OL001594,ORD00793,CUST0806,PROD0166,2024-12-06,3,702.44
OL001595,ORD00793,CUST0806,PROD0193,2024-12-06,1,706.31
OL001596,ORD00794,CUST0868,PROD0088,2026-03-27,2,332.34
OL001597,ORD00795,CUST0553,PROD0171,2024-02-25,2,387.90
OL001598,ORD00796,CUST0713,PROD0057,2026-08-05,5,578.04
OL001599,ORD00796,CUST0713,PROD0098,2026-08-05,5,410.79
OL001600,ORD00796,CUST0713,PROD0083,2026-08-05,2,211.51
OL001601,ORD00797,CUST0645,PROD0017,2024-01-07,4,223.40
OL001602,ORD00797,CUST0645,PROD0018,2024-01-07,2,150.37
OL001603,ORD00798,CUST0650,PROD0053,2025-03-06,2,459.26
OL001604,ORD00799,CUST0178,PROD0141,2026-04-18,2,87.61
OL001605,ORD00800,CUST0520,PROD0110,2025-08-02,6,326.78
OL001606,ORD00801,CUST0319,PROD0185,2024-06-17,2,605.59
OL001607,ORD00801,CUST0319,PROD0063,2024-06-17,4,592.13
OL001608,ORD00802,CUST0621,PROD0078,2024-12-01,3,176.29
OL001609,ORD00803,CUST0460,PROD0052,2026-02-10,3,363.32
OL001610,ORD00803,CUST0460,PROD0124,2026-02-10,1,362.97
OL001611,ORD00803,CUST0460,PROD0093,2026-02-10,4,521.63
OL001612,ORD00804,CUST0172,PROD0113,2025-04-27,4,278.17
OL001613,ORD00804,CUST0172,PROD0130,2025-04-27,5,596.37
OL001614,ORD00805,CUST0444,PROD0124,2025-03-19,1,362.97
OL001615,ORD00805,CUST0444,PROD0196,2025-03-19,4,573.37
OL001616,ORD00805,CUST0444,PROD0110,2025-03-19,1,326.78
OL001617,ORD00806,CUST0610,PROD0040,2025-10-07,5,690.15
OL001618,ORD00806,CUST0610,PROD0187,2025-10-07,2,613.86
OL001619,ORD00807,CUST0390,PROD0079,2025-04-19,4,207.15
OL001620,ORD00807,CUST0390,PROD0073,2025-04-19,4,204.51
OL001621,ORD00808,CUST0621,PROD0019,2025-07-27,3,612.58
OL001622,ORD00808,CUST0621,PROD0035,2025-07-27,6,11.68
OL001623,ORD00808,CUST0621,PROD0121,2025-07-27,2,751.31
OL001624,ORD00809,CUST0939,PROD0002,2024-07-13,1,288.03
OL001625,ORD00810,CUST0748,PROD0096,2026-01-12,4,231.25
OL001626,ORD00810,CUST0748,PROD0104,2026-01-12,4,765.48
OL001627,ORD00810,CUST0748,PROD0102,2026-01-12,6,492.85
OL001628,ORD00811,CUST0394,PROD0079,2026-07-19,6,207.15
OL001629,ORD00811,CUST0394,PROD0151,2026-07-19,1,140.62
OL001630,ORD00812,CUST0907,PROD0032,2024-12-04,4,100.68
OL001631,ORD00812,CUST0907,PROD0145,2024-12-04,2,314.92
OL001632,ORD00813,CUST0782,PROD0066,2026-04-16,6,340.10
OL001633,ORD00814,CUST0522,PROD0163,2026-07-16,6,474.70
OL001634,ORD00814,CUST0522,PROD0095,2026-07-16,6,783.59
OL001635,ORD00815,CUST0667,PROD0109,2025-01-29,6,491.78
OL001636,ORD00816,CUST0249,PROD0009,2025-05-04,3,686.38
OL001637,ORD00817,CUST0724,PROD0008,2026-08-29,6,10.26
OL001638,ORD00817,CUST0724,PROD0171,2026-08-29,6,387.90
OL001639,ORD00817,CUST0724,PROD0038,2026-08-29,3,85.08
OL001640,ORD00818,CUST0467,PROD0066,2025-04-16,2,340.10
OL001641,ORD00818,CUST0467,PROD0155,2025-04-16,5,692.06
OL001642,ORD00818,CUST0467,PROD0170,2025-04-16,2,727.58
OL001643,ORD00819,CUST0120,PROD0024,2026-05-15,6,422.95
OL001644,ORD00820,CUST0939,PROD0102,2025-01-28,6,492.85
OL001645,ORD00820,CUST0939,PROD0151,2025-01-28,1,140.62
OL001646,ORD00820,CUST0939,PROD0133,2025-01-28,2,320.64
OL001647,ORD00821,CUST0170,PROD0110,2026-04-29,3,326.78
OL001648,ORD00821,CUST0170,PROD0178,2026-04-29,3,421.03
OL001649,ORD00822,CUST0991,PROD0169,2025-06-29,4,429.35
OL001650,ORD00822,CUST0991,PROD0151,2025-06-29,3,140.62
OL001651,ORD00822,CUST0991,PROD0188,2025-06-29,4,639.37
OL001652,ORD00823,CUST0891,PROD0028,2024-04-01,6,281.08
OL001653,ORD00823,CUST0891,PROD0147,2024-04-01,3,591.38
OL001654,ORD00823,CUST0891,PROD0037,2024-04-01,3,306.64
OL001655,ORD00824,CUST0215,PROD0192,2026-08-07,4,154.90
OL001656,ORD00824,CUST0215,PROD0179,2026-08-07,3,607.83
OL001657,ORD00824,CUST0215,PROD0002,2026-08-07,2,288.03
OL001658,ORD00825,CUST0002,PROD0018,2025-06-12,6,150.37
OL001659,ORD00825,CUST0002,PROD0107,2025-06-12,5,743.20
OL001660,ORD00826,CUST0671,PROD0188,2024-10-22,4,639.37
OL001661,ORD00826,CUST0671,PROD0044,2024-10-22,2,767.02
OL001662,ORD00827,CUST0191,PROD0035,2025-12-21,2,11.68
OL001663,ORD00827,CUST0191,PROD0125,2025-12-21,2,138.01
OL001664,ORD00828,CUST0972,PROD0116,2025-11-07,5,569.78
OL001665,ORD00828,CUST0972,PROD0055,2025-11-07,2,550.37
OL001666,ORD00828,CUST0972,PROD0052,2025-11-07,1,363.32
OL001667,ORD00829,CUST0188,PROD0195,2026-04-08,2,203.66
OL001668,ORD00829,CUST0188,PROD0067,2026-04-08,4,111.89
OL001669,ORD00829,CUST0188,PROD0113,2026-04-08,6,278.17
OL001670,ORD00830,CUST0112,PROD0163,2026-06-08,2,474.70
OL001671,ORD00830,CUST0112,PROD0021,2026-06-08,3,321.30
OL001672,ORD00830,CUST0112,PROD0022,2026-06-08,4,601.37
OL001673,ORD00831,CUST0284,PROD0088,2025-03-01,1,332.34
OL001674,ORD00832,CUST0241,PROD0125,2025-05-04,6,138.01
OL001675,ORD00832,CUST0241,PROD0195,2025-05-04,1,203.66
OL001676,ORD00832,CUST0241,PROD0003,2025-05-04,1,624.25
OL001677,ORD00833,CUST0770,PROD0171,2024-10-05,5,387.90
OL001678,ORD00833,CUST0770,PROD0011,2024-10-05,1,679.16
OL001679,ORD00834,CUST0535,PROD0002,2026-03-21,4,288.03
OL001680,ORD00835,CUST0533,PROD0069,2026-02-18,4,506.36
OL001681,ORD00835,CUST0533,PROD0122,2026-02-18,3,599.57
OL001682,ORD00835,CUST0533,PROD0155,2026-02-18,4,692.06
OL001683,ORD00836,CUST0380,PROD0088,2026-03-17,3,332.34
OL001684,ORD00836,CUST0380,PROD0062,2026-03-17,3,641.02
OL001685,ORD00837,CUST0409,PROD0157,2026-02-22,1,697.35
OL001686,ORD00837,CUST0409,PROD0092,2026-02-22,3,463.59
OL001687,ORD00837,CUST0409,PROD0026,2026-02-22,1,752.02
OL001688,ORD00838,CUST0892,PROD0186,2026-04-10,2,243.18
OL001689,ORD00838,CUST0892,PROD0007,2026-04-10,5,396.66
OL001690,ORD00839,CUST0890,PROD0072,2025-06-27,6,391.85
OL001691,ORD00840,CUST0378,PROD0159,2025-11-20,6,441.08
OL001692,ORD00841,CUST0891,PROD0132,2025-05-01,4,172.39
OL001693,ORD00841,CUST0891,PROD0170,2025-05-01,2,727.58
OL001694,ORD00841,CUST0891,PROD0001,2025-05-01,6,669.88
OL001695,ORD00842,CUST0018,PROD0093,2025-10-10,1,521.63
OL001696,ORD00842,CUST0018,PROD0189,2025-10-10,3,479.61
OL001697,ORD00843,CUST0455,PROD0156,2025-12-28,4,376.41
OL001698,ORD00843,CUST0455,PROD0103,2025-12-28,6,373.67
OL001699,ORD00843,CUST0455,PROD0157,2025-12-28,1,697.35
OL001700,ORD00844,CUST0439,PROD0169,2026-06-03,6,429.35
OL001701,ORD00844,CUST0439,PROD0026,2026-06-03,6,752.02
OL001702,ORD00845,CUST0301,PROD0050,2025-09-13,6,295.23
OL001703,ORD00845,CUST0301,PROD0037,2025-09-13,5,306.64
OL001704,ORD00846,CUST0804,PROD0184,2026-05-27,5,396.08
OL001705,ORD00846,CUST0804,PROD0009,2026-05-27,2,686.38
OL001706,ORD00846,CUST0804,PROD0128,2026-05-27,1,191.52
OL001707,ORD00847,CUST0853,PROD0141,2026-08-21,4,87.61
OL001708,ORD00847,CUST0853,PROD0044,2026-08-21,4,767.02
OL001709,ORD00848,CUST0494,PROD0139,2025-11-09,2,421.56
OL001710,ORD00849,CUST0217,PROD0193,2024-06-23,6,706.31
OL001711,ORD00850,CUST0092,PROD0112,2025-11-20,6,67.88
OL001712,ORD00850,CUST0092,PROD0008,2025-11-20,2,10.26
OL001713,ORD00850,CUST0092,PROD0084,2025-11-20,4,291.43
OL001714,ORD00851,CUST0226,PROD0066,2026-01-06,6,340.10
OL001715,ORD00851,CUST0226,PROD0122,2026-01-06,6,599.57
OL001716,ORD00852,CUST0682,PROD0137,2024-08-08,6,47.78
OL001717,ORD00853,CUST0504,PROD0178,2024-11-19,3,421.03
OL001718,ORD00853,CUST0504,PROD0058,2024-11-19,5,644.24
OL001719,ORD00853,CUST0504,PROD0197,2024-11-19,5,518.55
OL001720,ORD00854,CUST0660,PROD0097,2024-12-17,6,263.44
OL001721,ORD00855,CUST0754,PROD0098,2026-01-12,6,410.79
OL001722,ORD00855,CUST0754,PROD0165,2026-01-12,5,600.37
OL001723,ORD00855,CUST0754,PROD0112,2026-01-12,2,67.88
OL001724,ORD00856,CUST0266,PROD0075,2024-04-28,1,42.92
OL001725,ORD00857,CUST0092,PROD0190,2026-03-20,5,638.42
OL001726,ORD00858,CUST0763,PROD0147,2024-10-19,3,591.38
OL001727,ORD00859,CUST0874,PROD0098,2026-04-24,5,410.79
OL001728,ORD00860,CUST0002,PROD0016,2025-09-30,5,461.73
OL001729,ORD00860,CUST0002,PROD0138,2025-09-30,2,617.88
OL001730,ORD00860,CUST0002,PROD0100,2025-09-30,4,360.30
OL001731,ORD00861,CUST0790,PROD0174,2026-04-28,2,249.75
OL001732,ORD00861,CUST0790,PROD0134,2026-04-28,6,80.96
OL001733,ORD00862,CUST0605,PROD0028,2026-04-04,4,281.08
OL001734,ORD00862,CUST0605,PROD0003,2026-04-04,5,624.25
OL001735,ORD00862,CUST0605,PROD0118,2026-04-04,3,319.38
OL001736,ORD00863,CUST0836,PROD0057,2026-04-02,4,578.04
OL001737,ORD00864,CUST0467,PROD0154,2025-04-16,3,732.63
OL001738,ORD00864,CUST0467,PROD0038,2025-04-16,6,85.08
OL001739,ORD00864,CUST0467,PROD0171,2025-04-16,6,387.90
OL001740,ORD00865,CUST0614,PROD0080,2024-11-23,5,671.97
OL001741,ORD00866,CUST0127,PROD0181,2024-10-07,5,232.97
OL001742,ORD00866,CUST0127,PROD0123,2024-10-07,6,419.13
OL001743,ORD00866,CUST0127,PROD0056,2024-10-07,4,652.27
OL001744,ORD00867,CUST0722,PROD0016,2025-01-20,3,461.73
OL001745,ORD00867,CUST0722,PROD0040,2025-01-20,6,690.15
OL001746,ORD00868,CUST0869,PROD0058,2026-06-30,6,644.24
OL001747,ORD00869,CUST0054,PROD0199,2026-08-03,2,180.36
OL001748,ORD00869,CUST0054,PROD0125,2026-08-03,6,138.01
OL001749,ORD00869,CUST0054,PROD0101,2026-08-03,3,67.32
OL001750,ORD00870,CUST0935,PROD0006,2025-02-27,5,764.83
OL001751,ORD00870,CUST0935,PROD0101,2025-02-27,3,67.32
OL001752,ORD00870,CUST0935,PROD0109,2025-02-27,6,491.78
OL001753,ORD00871,CUST0357,PROD0101,2026-03-08,4,67.32
OL001754,ORD00871,CUST0357,PROD0019,2026-03-08,5,612.58
OL001755,ORD00872,CUST0290,PROD0179,2025-03-29,2,607.83
OL001756,ORD00872,CUST0290,PROD0180,2025-03-29,5,113.35
OL001757,ORD00872,CUST0290,PROD0101,2025-03-29,1,67.32
OL001758,ORD00873,CUST0332,PROD0149,2026-02-09,1,105.49
OL001759,ORD00874,CUST0312,PROD0168,2025-04-13,2,513.62
OL001760,ORD00874,CUST0312,PROD0148,2025-04-13,2,357.30
OL001761,ORD00874,CUST0312,PROD0114,2025-04-13,6,254.21
OL001762,ORD00875,CUST0299,PROD0054,2024-11-19,2,783.51
OL001763,ORD00875,CUST0299,PROD0192,2024-11-19,2,154.90
OL001764,ORD00876,CUST0667,PROD0093,2024-01-10,6,521.63
OL001765,ORD00876,CUST0667,PROD0148,2024-01-10,1,357.30
OL001766,ORD00876,CUST0667,PROD0174,2024-01-10,2,249.75
OL001767,ORD00877,CUST0974,PROD0174,2025-03-13,2,249.75
OL001768,ORD00877,CUST0974,PROD0015,2025-03-13,1,705.37
OL001769,ORD00878,CUST0998,PROD0046,2025-04-30,1,151.20
OL001770,ORD00878,CUST0998,PROD0031,2025-04-30,5,368.46
OL001771,ORD00879,CUST0347,PROD0112,2025-08-30,2,67.88
OL001772,ORD00879,CUST0347,PROD0161,2025-08-30,6,759.04
OL001773,ORD00879,CUST0347,PROD0104,2025-08-30,2,765.48
OL001774,ORD00880,CUST0122,PROD0102,2024-09-03,4,492.85
OL001775,ORD00881,CUST0705,PROD0168,2025-08-22,6,513.62
OL001776,ORD00881,CUST0705,PROD0097,2025-08-22,6,263.44
OL001777,ORD00882,CUST0675,PROD0200,2026-01-20,4,67.96
OL001778,ORD00882,CUST0675,PROD0167,2026-01-20,4,350.80
OL001779,ORD00882,CUST0675,PROD0071,2026-01-20,6,255.99
OL001780,ORD00883,CUST0456,PROD0003,2025-08-22,1,624.25
OL001781,ORD00883,CUST0456,PROD0030,2025-08-22,1,621.83
OL001782,ORD00883,CUST0456,PROD0032,2025-08-22,4,100.68
OL001783,ORD00884,CUST0685,PROD0131,2026-07-19,2,601.03
OL001784,ORD00884,CUST0685,PROD0006,2026-07-19,5,764.83
OL001785,ORD00884,CUST0685,PROD0147,2026-07-19,5,591.38
OL001786,ORD00885,CUST0281,PROD0191,2026-05-02,1,440.82
OL001787,ORD00885,CUST0281,PROD0152,2026-05-02,2,32.94
OL001788,ORD00886,CUST0496,PROD0180,2025-10-22,4,113.35
OL001789,ORD00886,CUST0496,PROD0077,2025-10-22,5,134.85
OL001790,ORD00887,CUST0102,PROD0017,2026-02-18,6,223.40
OL001791,ORD00888,CUST0190,PROD0180,2025-12-28,1,113.35
OL001792,ORD00888,CUST0190,PROD0101,2025-12-28,5,67.32
OL001793,ORD00888,CUST0190,PROD0138,2025-12-28,5,617.88
OL001794,ORD00889,CUST0066,PROD0150,2026-06-21,5,423.75
OL001795,ORD00889,CUST0066,PROD0183,2026-06-21,6,551.77
OL001796,ORD00890,CUST0772,PROD0054,2026-02-10,6,783.51
OL001797,ORD00891,CUST0186,PROD0154,2026-06-01,6,732.63
OL001798,ORD00892,CUST0006,PROD0081,2026-07-16,1,81.55
OL001799,ORD00893,CUST0132,PROD0053,2025-11-01,6,459.26
OL001800,ORD00894,CUST0090,PROD0066,2025-08-13,1,340.10
OL001801,ORD00895,CUST0128,PROD0077,2025-06-02,3,134.85
OL001802,ORD00896,CUST0176,PROD0169,2026-02-04,1,429.35
OL001803,ORD00896,CUST0176,PROD0064,2026-02-04,3,381.01
OL001804,ORD00896,CUST0176,PROD0012,2026-02-04,5,300.09
OL001805,ORD00897,CUST0675,PROD0036,2026-07-21,5,540.90
OL001806,ORD00897,CUST0675,PROD0126,2026-07-21,6,684.09
OL001807,ORD00898,CUST0536,PROD0091,2026-07-21,5,486.42
OL001808,ORD00898,CUST0536,PROD0138,2026-07-21,5,617.88
OL001809,ORD00899,CUST0705,PROD0170,2025-06-08,1,727.58
OL001810,ORD00900,CUST0038,PROD0037,2024-07-11,3,306.64
OL001811,ORD00901,CUST0981,PROD0155,2025-08-20,5,692.06
OL001812,ORD00902,CUST0606,PROD0072,2025-01-02,2,391.85
OL001813,ORD00903,CUST0638,PROD0020,2026-02-22,5,411.34
OL001814,ORD00903,CUST0638,PROD0066,2026-02-22,3,340.10
OL001815,ORD00903,CUST0638,PROD0098,2026-02-22,6,410.79
OL001816,ORD00904,CUST0410,PROD0022,2025-04-12,3,601.37
OL001817,ORD00905,CUST0436,PROD0178,2026-08-20,2,421.03
OL001818,ORD00905,CUST0436,PROD0138,2026-08-20,2,617.88
OL001819,ORD00905,CUST0436,PROD0019,2026-08-20,6,612.58
OL001820,ORD00906,CUST0276,PROD0179,2025-10-10,6,607.83
OL001821,ORD00906,CUST0276,PROD0050,2025-10-10,6,295.23
OL001822,ORD00906,CUST0276,PROD0096,2025-10-10,5,231.25
OL001823,ORD00907,CUST0664,PROD0131,2026-04-20,5,601.03
OL001824,ORD00907,CUST0664,PROD0042,2026-04-20,4,213.95
OL001825,ORD00907,CUST0664,PROD0040,2026-04-20,3,690.15
OL001826,ORD00908,CUST0389,PROD0155,2025-03-26,2,692.06
OL001827,ORD00908,CUST0389,PROD0020,2025-03-26,3,411.34
OL001828,ORD00909,CUST0545,PROD0176,2024-04-22,5,128.79
OL001829,ORD00910,CUST0068,PROD0164,2024-12-03,1,367.94
OL001830,ORD00910,CUST0068,PROD0093,2024-12-03,3,521.63
OL001831,ORD00911,CUST0150,PROD0058,2026-06-08,3,644.24
OL001832,ORD00911,CUST0150,PROD0003,2026-06-08,1,624.25
OL001833,ORD00912,CUST0993,PROD0097,2024-10-07,1,263.44
OL001834,ORD00912,CUST0993,PROD0032,2024-10-07,2,100.68
OL001835,ORD00913,CUST0746,PROD0151,2025-07-12,4,140.62
OL001836,ORD00913,CUST0746,PROD0025,2025-07-12,5,341.41
OL001837,ORD00913,CUST0746,PROD0090,2025-07-12,6,545.26
OL001838,ORD00914,CUST0887,PROD0142,2025-12-31,3,496.38
OL001839,ORD00914,CUST0887,PROD0156,2025-12-31,1,376.41
OL001840,ORD00914,CUST0887,PROD0013,2025-12-31,2,255.75
OL001841,ORD00915,CUST0970,PROD0100,2026-02-08,2,360.30
OL001842,ORD00915,CUST0970,PROD0089,2026-02-08,6,284.11
OL001843,ORD00916,CUST0992,PROD0137,2026-05-24,5,47.78
OL001844,ORD00916,CUST0992,PROD0153,2026-05-24,4,288.68
OL001845,ORD00916,CUST0992,PROD0123,2026-05-24,5,419.13
OL001846,ORD00917,CUST0266,PROD0176,2024-01-10,5,128.79
OL001847,ORD00918,CUST0160,PROD0033,2025-11-04,2,416.96
OL001848,ORD00918,CUST0160,PROD0097,2025-11-04,5,263.44
OL001849,ORD00918,CUST0160,PROD0189,2025-11-04,3,479.61
OL001850,ORD00919,CUST0941,PROD0164,2026-02-21,3,367.94
OL001851,ORD00920,CUST0797,PROD0174,2024-09-12,5,249.75
OL001852,ORD00920,CUST0797,PROD0108,2024-09-12,6,340.33
OL001853,ORD00920,CUST0797,PROD0118,2024-09-12,2,319.38
OL001854,ORD00921,CUST0363,PROD0129,2026-06-02,3,205.05
OL001855,ORD00921,CUST0363,PROD0071,2026-06-02,4,255.99
OL001856,ORD00922,CUST0965,PROD0059,2026-01-05,3,446.49
OL001857,ORD00922,CUST0965,PROD0163,2026-01-05,1,474.70
OL001858,ORD00922,CUST0965,PROD0079,2026-01-05,4,207.15
OL001859,ORD00923,CUST0866,PROD0163,2026-01-22,1,474.70
OL001860,ORD00923,CUST0866,PROD0020,2026-01-22,6,411.34
OL001861,ORD00924,CUST0968,PROD0043,2024-04-05,5,219.17
OL001862,ORD00925,CUST0087,PROD0074,2026-01-31,5,687.50
OL001863,ORD00926,CUST0828,PROD0003,2026-06-14,4,624.25
OL001864,ORD00926,CUST0828,PROD0174,2026-06-14,5,249.75
OL001865,ORD00927,CUST0140,PROD0128,2025-05-06,5,191.52
OL001866,ORD00927,CUST0140,PROD0176,2025-05-06,6,128.79
OL001867,ORD00927,CUST0140,PROD0137,2025-05-06,6,47.78
OL001868,ORD00928,CUST0416,PROD0158,2025-12-25,2,748.20
OL001869,ORD00929,CUST0008,PROD0109,2026-01-01,6,491.78
OL001870,ORD00929,CUST0008,PROD0137,2026-01-01,6,47.78
OL001871,ORD00929,CUST0008,PROD0089,2026-01-01,2,284.11
OL001872,ORD00930,CUST0678,PROD0136,2026-08-03,6,381.17
OL001873,ORD00930,CUST0678,PROD0156,2026-08-03,1,376.41
OL001874,ORD00930,CUST0678,PROD0156,2026-08-03,4,376.41
OL001875,ORD00931,CUST0691,PROD0196,2026-08-10,5,573.37
OL001876,ORD00932,CUST0180,PROD0094,2025-10-26,2,433.05
OL001877,ORD00933,CUST0362,PROD0109,2024-02-22,4,491.78
OL001878,ORD00933,CUST0362,PROD0098,2024-02-22,2,410.79
OL001879,ORD00933,CUST0362,PROD0096,2024-02-22,1,231.25
OL001880,ORD00934,CUST0936,PROD0064,2025-11-26,5,381.01
OL001881,ORD00934,CUST0936,PROD0197,2025-11-26,1,518.55
OL001882,ORD00935,CUST0307,PROD0076,2025-05-09,3,83.67
OL001883,ORD00935,CUST0307,PROD0055,2025-05-09,1,550.37
OL001884,ORD00936,CUST0647,PROD0101,2025-08-05,2,67.32
OL001885,ORD00936,CUST0647,PROD0079,2025-08-05,6,207.15
OL001886,ORD00936,CUST0647,PROD0132,2025-08-05,1,172.39
OL001887,ORD00937,CUST0914,PROD0125,2026-01-17,1,138.01
OL001888,ORD00937,CUST0914,PROD0092,2026-01-17,1,463.59
OL001889,ORD00938,CUST0472,PROD0077,2024-12-02,3,134.85
OL001890,ORD00938,CUST0472,PROD0028,2024-12-02,1,281.08
OL001891,ORD00938,CUST0472,PROD0090,2024-12-02,6,545.26
OL001892,ORD00939,CUST0412,PROD0003,2024-12-29,1,624.25
OL001893,ORD00940,CUST0504,PROD0022,2025-03-09,5,601.37
OL001894,ORD00940,CUST0504,PROD0132,2025-03-09,2,172.39
OL001895,ORD00941,CUST0127,PROD0125,2026-07-24,1,138.01
OL001896,ORD00941,CUST0127,PROD0040,2026-07-24,6,690.15
OL001897,ORD00942,CUST0232,PROD0102,2025-04-26,3,492.85
OL001898,ORD00942,CUST0232,PROD0077,2025-04-26,3,134.85
OL001899,ORD00943,CUST0914,PROD0138,2024-10-28,3,617.88
OL001900,ORD00943,CUST0914,PROD0028,2024-10-28,4,281.08
OL001901,ORD00944,CUST0860,PROD0042,2026-01-10,2,213.95
OL001902,ORD00944,CUST0860,PROD0091,2026-01-10,6,486.42
OL001903,ORD00944,CUST0860,PROD0112,2026-01-10,1,67.88
OL001904,ORD00945,CUST0905,PROD0182,2026-08-16,2,430.39
OL001905,ORD00945,CUST0905,PROD0029,2026-08-16,2,689.01
OL001906,ORD00946,CUST0042,PROD0102,2025-12-09,4,492.85
OL001907,ORD00946,CUST0042,PROD0191,2025-12-09,3,440.82
OL001908,ORD00947,CUST0165,PROD0123,2025-08-26,6,419.13
OL001909,ORD00948,CUST0122,PROD0126,2025-03-07,5,684.09
OL001910,ORD00948,CUST0122,PROD0127,2025-03-07,6,104.40
OL001911,ORD00949,CUST0131,PROD0193,2024-11-28,4,706.31
OL001912,ORD00949,CUST0131,PROD0129,2024-11-28,6,205.05
OL001913,ORD00949,CUST0131,PROD0190,2024-11-28,4,638.42
OL001914,ORD00950,CUST0113,PROD0006,2024-08-19,2,764.83
OL001915,ORD00951,CUST0353,PROD0004,2025-05-27,6,100.29
OL001916,ORD00952,CUST0054,PROD0088,2025-11-25,4,332.34
OL001917,ORD00953,CUST0756,PROD0112,2024-01-09,4,67.88
OL001918,ORD00953,CUST0756,PROD0075,2024-01-09,3,42.92
OL001919,ORD00953,CUST0756,PROD0125,2024-01-09,1,138.01
OL001920,ORD00954,CUST0254,PROD0040,2025-12-25,6,690.15
OL001921,ORD00954,CUST0254,PROD0131,2025-12-25,2,601.03
OL001922,ORD00955,CUST0288,PROD0030,2026-02-24,3,621.83
OL001923,ORD00956,CUST0254,PROD0110,2026-02-13,2,326.78
OL001924,ORD00956,CUST0254,PROD0122,2026-02-13,6,599.57
OL001925,ORD00956,CUST0254,PROD0027,2026-02-13,6,30.88
OL001926,ORD00957,CUST0515,PROD0047,2025-10-21,2,342.02
OL001927,ORD00957,CUST0515,PROD0152,2025-10-21,6,32.94
OL001928,ORD00957,CUST0515,PROD0163,2025-10-21,2,474.70
OL001929,ORD00958,CUST0124,PROD0103,2024-09-25,1,373.67
OL001930,ORD00959,CUST0197,PROD0110,2026-02-11,1,326.78
OL001931,ORD00959,CUST0197,PROD0158,2026-02-11,2,748.20
OL001932,ORD00960,CUST0886,PROD0098,2025-07-30,4,410.79
OL001933,ORD00961,CUST0314,PROD0163,2026-04-26,2,474.70
OL001934,ORD00961,CUST0314,PROD0057,2026-04-26,3,578.04
OL001935,ORD00961,CUST0314,PROD0110,2026-04-26,4,326.78
OL001936,ORD00962,CUST0523,PROD0165,2026-06-07,1,600.37
OL001937,ORD00963,CUST0113,PROD0094,2025-01-31,3,433.05
OL001938,ORD00963,CUST0113,PROD0090,2025-01-31,6,545.26
OL001939,ORD00964,CUST0253,PROD0013,2025-06-19,2,255.75
OL001940,ORD00964,CUST0253,PROD0011,2025-06-19,1,679.16
OL001941,ORD00965,CUST0677,PROD0083,2026-02-01,2,211.51
OL001942,ORD00966,CUST0484,PROD0156,2024-10-13,1,376.41
OL001943,ORD00966,CUST0484,PROD0111,2024-10-13,2,726.11
OL001944,ORD00967,CUST0972,PROD0094,2026-05-21,3,433.05
OL001945,ORD00967,CUST0972,PROD0078,2026-05-21,1,176.29
OL001946,ORD00968,CUST0686,PROD0175,2024-01-14,5,332.69
OL001947,ORD00969,CUST0340,PROD0190,2025-01-04,3,638.42
OL001948,ORD00970,CUST0798,PROD0136,2026-05-21,5,381.17
OL001949,ORD00970,CUST0798,PROD0096,2026-05-21,2,231.25
OL001950,ORD00970,CUST0798,PROD0167,2026-05-21,3,350.80
OL001951,ORD00971,CUST0599,PROD0023,2025-06-17,1,106.95
OL001952,ORD00972,CUST0645,PROD0155,2026-01-30,1,692.06
OL001953,ORD00973,CUST0601,PROD0168,2026-07-23,2,513.62
OL001954,ORD00974,CUST0722,PROD0026,2025-04-01,1,752.02
OL001955,ORD00975,CUST0634,PROD0078,2026-05-09,6,176.29
OL001956,ORD00975,CUST0634,PROD0122,2026-05-09,2,599.57
OL001957,ORD00975,CUST0634,PROD0137,2026-05-09,6,47.78
OL001958,ORD00976,CUST0045,PROD0050,2024-12-22,4,295.23
OL001959,ORD00977,CUST0729,PROD0195,2025-10-10,5,203.66
OL001960,ORD00977,CUST0729,PROD0089,2025-10-10,3,284.11
OL001961,ORD00977,CUST0729,PROD0115,2025-10-10,6,524.14
OL001962,ORD00978,CUST0121,PROD0018,2026-03-20,4,150.37
OL001963,ORD00978,CUST0121,PROD0108,2026-03-20,5,340.33
OL001964,ORD00978,CUST0121,PROD0129,2026-03-20,1,205.05
OL001965,ORD00979,CUST0614,PROD0179,2024-10-07,2,607.83
OL001966,ORD00980,CUST0047,PROD0016,2025-08-02,6,461.73
OL001967,ORD00980,CUST0047,PROD0049,2025-08-02,6,602.99
OL001968,ORD00981,CUST0507,PROD0137,2025-12-02,5,47.78
OL001969,ORD00981,CUST0507,PROD0020,2025-12-02,2,411.34
OL001970,ORD00982,CUST0769,PROD0099,2026-04-11,5,620.91
OL001971,ORD00982,CUST0769,PROD0200,2026-04-11,4,67.96
OL001972,ORD00983,CUST0622,PROD0053,2026-01-21,2,459.26
OL001973,ORD00983,CUST0622,PROD0001,2026-01-21,2,669.88
OL001974,ORD00984,CUST0224,PROD0179,2025-08-29,1,607.83
OL001975,ORD00984,CUST0224,PROD0132,2025-08-29,4,172.39
OL001976,ORD00984,CUST0224,PROD0129,2025-08-29,6,205.05
OL001977,ORD00985,CUST0538,PROD0078,2025-10-30,2,176.29
OL001978,ORD00985,CUST0538,PROD0076,2025-10-30,6,83.67
OL001979,ORD00985,CUST0538,PROD0069,2025-10-30,5,506.36
OL001980,ORD00986,CUST0176,PROD0012,2025-07-15,5,300.09
OL001981,ORD00987,CUST0299,PROD0164,2024-08-03,2,367.94
OL001982,ORD00988,CUST0950,PROD0070,2025-04-09,1,429.51
OL001983,ORD00988,CUST0950,PROD0165,2025-04-09,2,600.37
OL001984,ORD00989,CUST0548,PROD0001,2024-04-28,6,669.88
OL001985,ORD00990,CUST0648,PROD0095,2026-04-12,3,783.59
OL001986,ORD00990,CUST0648,PROD0022,2026-04-12,6,601.37
OL001987,ORD00991,CUST0271,PROD0035,2026-01-09,4,11.68
OL001988,ORD00991,CUST0271,PROD0157,2026-01-09,3,697.35
OL001989,ORD00991,CUST0271,PROD0084,2026-01-09,1,291.43
OL001990,ORD00992,CUST0836,PROD0092,2025-11-07,2,463.59
OL001991,ORD00992,CUST0836,PROD0188,2025-11-07,3,639.37
OL001992,ORD00992,CUST0836,PROD0046,2025-11-07,3,151.20
OL001993,ORD00993,CUST0551,PROD0200,2025-11-04,5,67.96
OL001994,ORD00994,CUST0740,PROD0177,2026-02-02,4,13.38
OL001995,ORD00995,CUST0264,PROD0053,2026-08-31,4,459.26
OL001996,ORD00995,CUST0264,PROD0057,2026-08-31,3,578.04
OL001997,ORD00995,CUST0264,PROD0069,2026-08-31,2,506.36
OL001998,ORD00996,CUST0645,PROD0193,2026-04-07,4,706.31
OL001999,ORD00996,CUST0645,PROD0040,2026-04-07,4,690.15
OL002000,ORD00996,CUST0645,PROD0060,2026-04-07,6,685.76
OL002001,ORD00997,CUST0445,PROD0038,2025-01-12,4,85.08
OL002002,ORD00997,CUST0445,PROD0024,2025-01-12,4,422.95
OL002003,ORD00997,CUST0445,PROD0047,2025-01-12,4,342.02
OL002004,ORD00998,CUST0836,PROD0049,2026-01-31,5,602.99
OL002005,ORD00999,CUST0966,PROD0166,2025-06-02,3,702.44
OL002006,ORD00999,CUST0966,PROD0006,2025-06-02,3,764.83
OL002007,ORD01000,CUST0907,PROD0101,2025-04-25,6,67.32
OL002008,ORD01001,CUST0193,PROD0037,2024-03-12,1,306.64
OL002009,ORD01001,CUST0193,PROD0110,2024-03-12,2,326.78
OL002010,ORD01001,CUST0193,PROD0117,2024-03-12,6,486.27
OL002011,ORD01002,CUST0103,PROD0135,2026-01-11,2,749.74
OL002012,ORD01002,CUST0103,PROD0187,2026-01-11,1,613.86
OL002013,ORD01003,CUST0103,PROD0099,2025-01-21,1,620.91
OL002014,ORD01003,CUST0103,PROD0029,2025-01-21,1,689.01
OL002015,ORD01003,CUST0103,PROD0196,2025-01-21,6,573.37
OL002016,ORD01004,CUST0136,PROD0198,2025-06-11,1,663.59
OL002017,ORD01005,CUST0147,PROD0161,2026-08-19,5,759.04
OL002018,ORD01005,CUST0147,PROD0004,2026-08-19,1,100.29
OL002019,ORD01006,CUST0556,PROD0087,2026-01-23,6,278.58
OL002020,ORD01007,CUST0208,PROD0123,2024-05-22,5,419.13
OL002021,ORD01008,CUST0836,PROD0079,2026-01-24,3,207.15
OL002022,ORD01008,CUST0836,PROD0123,2026-01-24,2,419.13
OL002023,ORD01009,CUST0058,PROD0178,2025-07-10,3,421.03
OL002024,ORD01010,CUST0557,PROD0006,2024-05-06,1,764.83
OL002025,ORD01010,CUST0557,PROD0027,2024-05-06,5,30.88
OL002026,ORD01010,CUST0557,PROD0076,2024-05-06,1,83.67
OL002027,ORD01011,CUST0908,PROD0107,2026-05-06,2,743.20
OL002028,ORD01011,CUST0908,PROD0001,2026-05-06,2,669.88
OL002029,ORD01011,CUST0908,PROD0007,2026-05-06,2,396.66
OL002030,ORD01012,CUST0395,PROD0091,2025-01-06,6,486.42
OL002031,ORD01012,CUST0395,PROD0074,2025-01-06,2,687.50
OL002032,ORD01013,CUST0394,PROD0126,2026-01-07,2,684.09
OL002033,ORD01013,CUST0394,PROD0029,2026-01-07,2,689.01
OL002034,ORD01013,CUST0394,PROD0027,2026-01-07,3,30.88
OL002035,ORD01014,CUST0079,PROD0086,2025-09-22,1,648.95
OL002036,ORD01014,CUST0079,PROD0093,2025-09-22,1,521.63
OL002037,ORD01015,CUST0620,PROD0046,2024-07-04,4,151.20
OL002038,ORD01016,CUST0343,PROD0047,2025-09-06,6,342.02
OL002039,ORD01016,CUST0343,PROD0109,2025-09-06,2,491.78
OL002040,ORD01016,CUST0343,PROD0171,2025-09-06,6,387.90
OL002041,ORD01017,CUST0640,PROD0090,2025-06-11,1,545.26
OL002042,ORD01017,CUST0640,PROD0070,2025-06-11,4,429.51
OL002043,ORD01018,CUST0378,PROD0183,2025-05-13,1,551.77
OL002044,ORD01018,CUST0378,PROD0001,2025-05-13,2,669.88
OL002045,ORD01018,CUST0378,PROD0200,2025-05-13,6,67.96
OL002046,ORD01019,CUST0328,PROD0100,2025-10-20,4,360.30
OL002047,ORD01020,CUST0816,PROD0018,2026-08-09,1,150.37
OL002048,ORD01020,CUST0816,PROD0148,2026-08-09,4,357.30
OL002049,ORD01020,CUST0816,PROD0187,2026-08-09,3,613.86
OL002050,ORD01021,CUST0093,PROD0033,2024-11-26,2,416.96
OL002051,ORD01022,CUST0362,PROD0127,2024-11-22,4,104.40
OL002052,ORD01022,CUST0362,PROD0124,2024-11-22,6,362.97
OL002053,ORD01023,CUST0617,PROD0163,2026-03-23,3,474.70
OL002054,ORD01023,CUST0617,PROD0036,2026-03-23,6,540.90
OL002055,ORD01024,CUST0393,PROD0141,2025-03-04,4,87.61
OL002056,ORD01025,CUST0547,PROD0137,2025-05-19,5,47.78
OL002057,ORD01025,CUST0547,PROD0059,2025-05-19,4,446.49
OL002058,ORD01025,CUST0547,PROD0022,2025-05-19,5,601.37
OL002059,ORD01026,CUST0432,PROD0148,2025-06-23,6,357.30
OL002060,ORD01026,CUST0432,PROD0192,2025-06-23,2,154.90
OL002061,ORD01026,CUST0432,PROD0180,2025-06-23,1,113.35
OL002062,ORD01027,CUST0371,PROD0053,2024-01-03,1,459.26
OL002063,ORD01028,CUST0572,PROD0035,2025-04-30,1,11.68
OL002064,ORD01028,CUST0572,PROD0016,2025-04-30,3,461.73
OL002065,ORD01029,CUST0870,PROD0076,2025-08-28,4,83.67
OL002066,ORD01029,CUST0870,PROD0037,2025-08-28,5,306.64
OL002067,ORD01030,CUST0249,PROD0058,2024-08-03,1,644.24
OL002068,ORD01030,CUST0249,PROD0192,2024-08-03,2,154.90
OL002069,ORD01031,CUST0986,PROD0181,2025-12-13,2,232.97
OL002070,ORD01032,CUST0751,PROD0179,2024-03-31,4,607.83
OL002071,ORD01032,CUST0751,PROD0096,2024-03-31,1,231.25
OL002072,ORD01033,CUST0109,PROD0149,2026-06-11,1,105.49
OL002073,ORD01033,CUST0109,PROD0123,2026-06-11,5,419.13
OL002074,ORD01033,CUST0109,PROD0041,2026-06-11,1,153.78
OL002075,ORD01034,CUST0375,PROD0021,2024-05-24,2,321.30
OL002076,ORD01035,CUST0013,PROD0107,2025-08-05,2,743.20
OL002077,ORD01036,CUST0482,PROD0036,2026-05-24,6,540.90
OL002078,ORD01037,CUST0716,PROD0077,2026-08-29,4,134.85
OL002079,ORD01037,CUST0716,PROD0106,2026-08-29,6,514.25
OL002080,ORD01037,CUST0716,PROD0087,2026-08-29,4,278.58
OL002081,ORD01038,CUST0712,PROD0074,2024-01-14,1,687.50
OL002082,ORD01038,CUST0712,PROD0040,2024-01-14,1,690.15
OL002083,ORD01038,CUST0712,PROD0165,2024-01-14,1,600.37
OL002084,ORD01039,CUST0770,PROD0129,2025-03-24,2,205.05
OL002085,ORD01039,CUST0770,PROD0003,2025-03-24,4,624.25
OL002086,ORD01039,CUST0770,PROD0109,2025-03-24,6,491.78
OL002087,ORD01040,CUST0568,PROD0147,2025-08-02,5,591.38
OL002088,ORD01040,CUST0568,PROD0079,2025-08-02,6,207.15
OL002089,ORD01041,CUST0434,PROD0041,2026-08-11,3,153.78
OL002090,ORD01042,CUST0535,PROD0033,2025-01-21,6,416.96
OL002091,ORD01043,CUST0411,PROD0015,2025-09-25,2,705.37
OL002092,ORD01044,CUST0189,PROD0191,2026-04-22,5,440.82
OL002093,ORD01044,CUST0189,PROD0155,2026-04-22,1,692.06
OL002094,ORD01045,CUST0480,PROD0081,2026-05-16,6,81.55
OL002095,ORD01045,CUST0480,PROD0165,2026-05-16,4,600.37
OL002096,ORD01045,CUST0480,PROD0098,2026-05-16,2,410.79
OL002097,ORD01046,CUST0823,PROD0166,2025-01-15,4,702.44
OL002098,ORD01047,CUST0277,PROD0027,2025-12-06,1,30.88
OL002099,ORD01048,CUST0618,PROD0086,2026-03-08,1,648.95
OL002100,ORD01048,CUST0618,PROD0062,2026-03-08,3,641.02
OL002101,ORD01049,CUST0555,PROD0017,2026-01-17,2,223.40
OL002102,ORD01050,CUST0012,PROD0080,2026-02-13,2,671.97
OL002103,ORD01050,CUST0012,PROD0142,2026-02-13,2,496.38
OL002104,ORD01050,CUST0012,PROD0164,2026-02-13,1,367.94
OL002105,ORD01051,CUST0276,PROD0146,2024-03-28,5,187.33
OL002106,ORD01052,CUST0578,PROD0012,2026-04-08,1,300.09
OL002107,ORD01053,CUST0096,PROD0003,2025-06-22,3,624.25
OL002108,ORD01053,CUST0096,PROD0193,2025-06-22,3,706.31
OL002109,ORD01054,CUST0513,PROD0081,2024-07-18,4,81.55
OL002110,ORD01054,CUST0513,PROD0186,2024-07-18,3,243.18
OL002111,ORD01055,CUST0720,PROD0025,2025-11-21,3,341.41
OL002112,ORD01056,CUST0919,PROD0129,2026-01-29,1,205.05
OL002113,ORD01056,CUST0919,PROD0129,2026-01-29,2,205.05
OL002114,ORD01057,CUST0602,PROD0098,2026-07-17,4,410.79
OL002115,ORD01058,CUST0890,PROD0010,2026-05-22,3,766.59
OL002116,ORD01058,CUST0890,PROD0042,2026-05-22,2,213.95
OL002117,ORD01058,CUST0890,PROD0175,2026-05-22,4,332.69
OL002118,ORD01059,CUST0907,PROD0024,2026-07-28,6,422.95
OL002119,ORD01060,CUST0906,PROD0175,2025-08-02,6,332.69
OL002120,ORD01061,CUST0788,PROD0129,2025-12-28,5,205.05
OL002121,ORD01062,CUST0624,PROD0134,2025-10-29,3,80.96
OL002122,ORD01062,CUST0624,PROD0115,2025-10-29,2,524.14
OL002123,ORD01062,CUST0624,PROD0087,2025-10-29,3,278.58
OL002124,ORD01063,CUST0639,PROD0111,2026-07-27,1,726.11
OL002125,ORD01063,CUST0639,PROD0183,2026-07-27,6,551.77
OL002126,ORD01064,CUST0245,PROD0157,2024-08-01,5,697.35
OL002127,ORD01064,CUST0245,PROD0020,2024-08-01,2,411.34
OL002128,ORD01065,CUST0643,PROD0025,2025-10-08,1,341.41
OL002129,ORD01065,CUST0643,PROD0037,2025-10-08,3,306.64
OL002130,ORD01065,CUST0643,PROD0141,2025-10-08,1,87.61
OL002131,ORD01066,CUST0097,PROD0081,2025-04-10,2,81.55
OL002132,ORD01066,CUST0097,PROD0076,2025-04-10,2,83.67
OL002133,ORD01067,CUST0287,PROD0091,2026-03-27,1,486.42
OL002134,ORD01068,CUST0184,PROD0198,2026-07-02,4,663.59
OL002135,ORD01069,CUST0485,PROD0196,2025-12-12,4,573.37
OL002136,ORD01069,CUST0485,PROD0167,2025-12-12,2,350.80
OL002137,ORD01070,CUST0996,PROD0125,2026-07-29,1,138.01
OL002138,ORD01071,CUST0880,PROD0103,2024-10-20,4,373.67
OL002139,ORD01071,CUST0880,PROD0159,2024-10-20,6,441.08
OL002140,ORD01072,CUST0452,PROD0132,2025-01-10,5,172.39
OL002141,ORD01073,CUST0383,PROD0175,2025-01-19,4,332.69
OL002142,ORD01073,CUST0383,PROD0130,2025-01-19,4,596.37
OL002143,ORD01074,CUST0899,PROD0011,2026-06-21,5,679.16
OL002144,ORD01074,CUST0899,PROD0165,2026-06-21,1,600.37
OL002145,ORD01075,CUST0810,PROD0180,2024-09-07,5,113.35
OL002146,ORD01075,CUST0810,PROD0003,2024-09-07,2,624.25
OL002147,ORD01075,CUST0810,PROD0027,2024-09-07,3,30.88
OL002148,ORD01076,CUST0163,PROD0103,2026-03-20,1,373.67
OL002149,ORD01076,CUST0163,PROD0058,2026-03-20,4,644.24
OL002150,ORD01077,CUST0686,PROD0090,2024-04-05,4,545.26
OL002151,ORD01077,CUST0686,PROD0120,2024-04-05,6,625.86
OL002152,ORD01078,CUST0922,PROD0028,2026-06-23,1,281.08
OL002153,ORD01078,CUST0922,PROD0047,2026-06-23,6,342.02
OL002154,ORD01078,CUST0922,PROD0028,2026-06-23,4,281.08
OL002155,ORD01079,CUST0205,PROD0085,2026-01-28,1,448.20
OL002156,ORD01079,CUST0205,PROD0082,2026-01-28,3,596.94
OL002157,ORD01080,CUST0498,PROD0180,2025-04-13,6,113.35
OL002158,ORD01080,CUST0498,PROD0122,2025-04-13,1,599.57
OL002159,ORD01080,CUST0498,PROD0072,2025-04-13,4,391.85
OL002160,ORD01081,CUST0559,PROD0121,2024-11-22,2,751.31
OL002161,ORD01082,CUST0219,PROD0146,2024-11-23,1,187.33
OL002162,ORD01082,CUST0219,PROD0154,2024-11-23,4,732.63
OL002163,ORD01082,CUST0219,PROD0016,2024-11-23,3,461.73
OL002164,ORD01083,CUST0485,PROD0014,2025-10-29,2,719.00
OL002165,ORD01083,CUST0485,PROD0006,2025-10-29,6,764.83
OL002166,ORD01084,CUST0277,PROD0163,2026-02-18,2,474.70
OL002167,ORD01084,CUST0277,PROD0022,2026-02-18,2,601.37
OL002168,ORD01085,CUST0281,PROD0021,2025-12-05,3,321.30
OL002169,ORD01086,CUST0463,PROD0108,2026-06-11,5,340.33
OL002170,ORD01086,CUST0463,PROD0055,2026-06-11,6,550.37
OL002171,ORD01086,CUST0463,PROD0067,2026-06-11,2,111.89
OL002172,ORD01087,CUST0095,PROD0110,2026-07-05,3,326.78
OL002173,ORD01088,CUST0169,PROD0090,2024-12-09,4,545.26
OL002174,ORD01088,CUST0169,PROD0124,2024-12-09,4,362.97
OL002175,ORD01089,CUST0706,PROD0042,2026-03-13,6,213.95
OL002176,ORD01089,CUST0706,PROD0112,2026-03-13,3,67.88
OL002177,ORD01089,CUST0706,PROD0178,2026-03-13,5,421.03
OL002178,ORD01090,CUST0843,PROD0144,2024-10-22,5,745.60
OL002179,ORD01090,CUST0843,PROD0051,2024-10-22,1,323.46
OL002180,ORD01091,CUST0684,PROD0158,2025-08-15,2,748.20
OL002181,ORD01091,CUST0684,PROD0083,2025-08-15,6,211.51
OL002182,ORD01091,CUST0684,PROD0188,2025-08-15,6,639.37
OL002183,ORD01092,CUST0751,PROD0004,2025-01-23,2,100.29
OL002184,ORD01092,CUST0751,PROD0118,2025-01-23,2,319.38
OL002185,ORD01092,CUST0751,PROD0128,2025-01-23,3,191.52
OL002186,ORD01093,CUST0812,PROD0173,2026-09-01,4,76.19
OL002187,ORD01094,CUST0534,PROD0001,2026-05-28,4,669.88
OL002188,ORD01094,CUST0534,PROD0033,2026-05-28,6,416.96
OL002189,ORD01095,CUST0655,PROD0025,2025-09-07,1,341.41
OL002190,ORD01095,CUST0655,PROD0056,2025-09-07,6,652.27
OL002191,ORD01096,CUST0431,PROD0140,2025-12-14,2,796.82
OL002192,ORD01097,CUST0387,PROD0090,2025-06-04,2,545.26
OL002193,ORD01097,CUST0387,PROD0049,2025-06-04,6,602.99
OL002194,ORD01097,CUST0387,PROD0148,2025-06-04,1,357.30
OL002195,ORD01098,CUST0834,PROD0005,2025-01-07,3,67.39
OL002196,ORD01098,CUST0834,PROD0079,2025-01-07,5,207.15
OL002197,ORD01099,CUST0717,PROD0167,2025-05-26,4,350.80
OL002198,ORD01100,CUST0421,PROD0091,2024-12-26,5,486.42
OL002199,ORD01100,CUST0421,PROD0110,2024-12-26,5,326.78
OL002200,ORD01101,CUST0117,PROD0118,2025-03-25,4,319.38
OL002201,ORD01101,CUST0117,PROD0096,2025-03-25,2,231.25
OL002202,ORD01102,CUST0610,PROD0139,2024-09-18,4,421.56
OL002203,ORD01102,CUST0610,PROD0098,2024-09-18,3,410.79
OL002204,ORD01102,CUST0610,PROD0169,2024-09-18,6,429.35
OL002205,ORD01103,CUST0448,PROD0073,2025-10-11,6,204.51
OL002206,ORD01103,CUST0448,PROD0159,2025-10-11,1,441.08
OL002207,ORD01103,CUST0448,PROD0023,2025-10-11,1,106.95
OL002208,ORD01104,CUST0666,PROD0158,2025-02-09,4,748.20
OL002209,ORD01105,CUST0509,PROD0140,2026-06-27,1,796.82
OL002210,ORD01106,CUST0455,PROD0149,2026-05-15,1,105.49
OL002211,ORD01106,CUST0455,PROD0171,2026-05-15,3,387.90
OL002212,ORD01106,CUST0455,PROD0108,2026-05-15,2,340.33
OL002213,ORD01107,CUST0796,PROD0142,2025-04-10,4,496.38
OL002214,ORD01108,CUST0201,PROD0032,2025-10-13,3,100.68
OL002215,ORD01109,CUST0423,PROD0166,2026-08-13,6,702.44
OL002216,ORD01109,CUST0423,PROD0190,2026-08-13,4,638.42
OL002217,ORD01110,CUST0963,PROD0058,2025-06-08,5,644.24
OL002218,ORD01111,CUST0275,PROD0169,2026-06-19,3,429.35
OL002219,ORD01111,CUST0275,PROD0079,2026-06-19,4,207.15
OL002220,ORD01112,CUST0248,PROD0107,2024-01-05,1,743.20
OL002221,ORD01112,CUST0248,PROD0004,2024-01-05,1,100.29
OL002222,ORD01112,CUST0248,PROD0040,2024-01-05,3,690.15
OL002223,ORD01113,CUST0840,PROD0154,2026-07-04,3,732.63
OL002224,ORD01113,CUST0840,PROD0086,2026-07-04,2,648.95
OL002225,ORD01113,CUST0840,PROD0147,2026-07-04,4,591.38
OL002226,ORD01114,CUST0570,PROD0050,2025-02-04,5,295.23
OL002227,ORD01115,CUST0403,PROD0148,2024-12-23,4,357.30
OL002228,ORD01115,CUST0403,PROD0033,2024-12-23,6,416.96
OL002229,ORD01115,CUST0403,PROD0100,2024-12-23,6,360.30
OL002230,ORD01116,CUST0413,PROD0133,2025-10-20,2,320.64
OL002231,ORD01117,CUST0237,PROD0182,2025-06-06,2,430.39
OL002232,ORD01117,CUST0237,PROD0130,2025-06-06,1,596.37
OL002233,ORD01118,CUST0591,PROD0101,2026-07-28,6,67.32
OL002234,ORD01118,CUST0591,PROD0067,2026-07-28,5,111.89
OL002235,ORD01118,CUST0591,PROD0041,2026-07-28,3,153.78
OL002236,ORD01119,CUST0096,PROD0007,2024-11-13,4,396.66
OL002237,ORD01120,CUST0644,PROD0152,2026-02-27,2,32.94
OL002238,ORD01121,CUST0633,PROD0140,2025-12-25,1,796.82
OL002239,ORD01122,CUST0392,PROD0191,2025-07-20,6,440.82
OL002240,ORD01122,CUST0392,PROD0034,2025-07-20,4,255.93
OL002241,ORD01122,CUST0392,PROD0163,2025-07-20,6,474.70
OL002242,ORD01123,CUST0192,PROD0168,2025-09-11,2,513.62
OL002243,ORD01123,CUST0192,PROD0077,2025-09-11,2,134.85
OL002244,ORD01124,CUST0861,PROD0186,2025-08-16,4,243.18
OL002245,ORD01124,CUST0861,PROD0198,2025-08-16,3,663.59
OL002246,ORD01124,CUST0861,PROD0169,2025-08-16,1,429.35
OL002247,ORD01125,CUST0085,PROD0037,2026-08-15,6,306.64
OL002248,ORD01125,CUST0085,PROD0006,2026-08-15,6,764.83
OL002249,ORD01126,CUST0888,PROD0029,2024-04-15,4,689.01
OL002250,ORD01126,CUST0888,PROD0153,2024-04-15,1,288.68
OL002251,ORD01126,CUST0888,PROD0028,2024-04-15,2,281.08
OL002252,ORD01127,CUST0269,PROD0024,2024-11-28,1,422.95
OL002253,ORD01127,CUST0269,PROD0127,2024-11-28,3,104.40
OL002254,ORD01128,CUST0401,PROD0126,2024-04-13,1,684.09
OL002255,ORD01129,CUST0076,PROD0161,2025-05-13,1,759.04
OL002256,ORD01129,CUST0076,PROD0054,2025-05-13,6,783.51
OL002257,ORD01130,CUST0385,PROD0163,2025-10-15,4,474.70
OL002258,ORD01130,CUST0385,PROD0042,2025-10-15,2,213.95
OL002259,ORD01131,CUST0011,PROD0169,2025-09-26,5,429.35
OL002260,ORD01131,CUST0011,PROD0162,2025-09-26,5,433.72
OL002261,ORD01132,CUST0121,PROD0089,2026-01-31,4,284.11
OL002262,ORD01133,CUST0615,PROD0041,2025-03-10,5,153.78
OL002263,ORD01133,CUST0615,PROD0190,2025-03-10,3,638.42
OL002264,ORD01133,CUST0615,PROD0032,2025-03-10,2,100.68
OL002265,ORD01134,CUST0031,PROD0006,2026-02-09,5,764.83
OL002266,ORD01134,CUST0031,PROD0132,2026-02-09,2,172.39
OL002267,ORD01134,CUST0031,PROD0056,2026-02-09,3,652.27
OL002268,ORD01135,CUST0921,PROD0008,2025-05-02,3,10.26
OL002269,ORD01136,CUST0226,PROD0187,2024-03-26,6,613.86
OL002270,ORD01137,CUST0275,PROD0124,2024-10-07,2,362.97
OL002271,ORD01138,CUST0357,PROD0142,2026-01-17,6,496.38
OL002272,ORD01139,CUST0479,PROD0127,2026-02-02,4,104.40
OL002273,ORD01139,CUST0479,PROD0132,2026-02-02,4,172.39
OL002274,ORD01140,CUST0257,PROD0051,2024-08-15,6,323.46
OL002275,ORD01141,CUST0288,PROD0027,2025-02-06,5,30.88
OL002276,ORD01141,CUST0288,PROD0197,2025-02-06,5,518.55
OL002277,ORD01141,CUST0288,PROD0080,2025-02-06,2,671.97
OL002278,ORD01142,CUST0977,PROD0125,2026-03-07,4,138.01
OL002279,ORD01143,CUST0434,PROD0192,2025-09-02,3,154.90
OL002280,ORD01143,CUST0434,PROD0082,2025-09-02,5,596.94
OL002281,ORD01144,CUST0622,PROD0110,2026-03-19,2,326.78
OL002282,ORD01145,CUST0362,PROD0162,2025-01-17,1,433.72
OL002283,ORD01145,CUST0362,PROD0116,2025-01-17,2,569.78
OL002284,ORD01145,CUST0362,PROD0009,2025-01-17,5,686.38
OL002285,ORD01146,CUST0601,PROD0076,2025-02-23,5,83.67
OL002286,ORD01146,CUST0601,PROD0166,2025-02-23,5,702.44
OL002287,ORD01147,CUST0408,PROD0030,2024-02-12,2,621.83
OL002288,ORD01147,CUST0408,PROD0083,2024-02-12,4,211.51
OL002289,ORD01148,CUST0367,PROD0019,2024-10-07,2,612.58
OL002290,ORD01149,CUST0381,PROD0038,2025-07-25,3,85.08
OL002291,ORD01149,CUST0381,PROD0032,2025-07-25,1,100.68
OL002292,ORD01149,CUST0381,PROD0082,2025-07-25,6,596.94
OL002293,ORD01150,CUST0735,PROD0055,2024-12-02,4,550.37
OL002294,ORD01151,CUST0815,PROD0060,2025-05-23,5,685.76
OL002295,ORD01151,CUST0815,PROD0017,2025-05-23,4,223.40
OL002296,ORD01151,CUST0815,PROD0073,2025-05-23,5,204.51
OL002297,ORD01152,CUST0540,PROD0027,2024-08-10,5,30.88
OL002298,ORD01153,CUST0734,PROD0172,2025-11-27,1,185.56
OL002299,ORD01153,CUST0734,PROD0147,2025-11-27,6,591.38
OL002300,ORD01154,CUST0699,PROD0112,2026-02-13,3,67.88
OL002301,ORD01154,CUST0699,PROD0082,2026-02-13,2,596.94
OL002302,ORD01155,CUST0051,PROD0127,2026-04-01,4,104.40
OL002303,ORD01156,CUST0282,PROD0031,2025-03-07,1,368.46
OL002304,ORD01157,CUST0176,PROD0084,2026-08-05,5,291.43
OL002305,ORD01157,CUST0176,PROD0099,2026-08-05,2,620.91
OL002306,ORD01158,CUST0022,PROD0005,2025-09-02,6,67.39
OL002307,ORD01158,CUST0022,PROD0148,2025-09-02,1,357.30
OL002308,ORD01158,CUST0022,PROD0119,2025-09-02,3,710.70
OL002309,ORD01159,CUST0862,PROD0010,2025-02-16,5,766.59
OL002310,ORD01160,CUST0041,PROD0166,2024-12-11,1,702.44
OL002311,ORD01160,CUST0041,PROD0018,2024-12-11,4,150.37
OL002312,ORD01160,CUST0041,PROD0025,2024-12-11,4,341.41
OL002313,ORD01161,CUST0309,PROD0082,2024-10-08,3,596.94
OL002314,ORD01161,CUST0309,PROD0103,2024-10-08,1,373.67
OL002315,ORD01161,CUST0309,PROD0143,2024-10-08,3,72.02
OL002316,ORD01162,CUST0628,PROD0101,2024-02-18,3,67.32
OL002317,ORD01162,CUST0628,PROD0179,2024-02-18,4,607.83
OL002318,ORD01163,CUST0870,PROD0096,2025-08-10,5,231.25
OL002319,ORD01163,CUST0870,PROD0027,2025-08-10,1,30.88
OL002320,ORD01164,CUST0049,PROD0036,2025-02-11,1,540.90
OL002321,ORD01165,CUST0883,PROD0186,2026-05-01,4,243.18
OL002322,ORD01165,CUST0883,PROD0058,2026-05-01,2,644.24
OL002323,ORD01166,CUST0196,PROD0138,2026-02-16,1,617.88
OL002324,ORD01167,CUST0889,PROD0067,2024-06-23,1,111.89
OL002325,ORD01167,CUST0889,PROD0029,2024-06-23,1,689.01
OL002326,ORD01167,CUST0889,PROD0078,2024-06-23,1,176.29
OL002327,ORD01168,CUST0338,PROD0157,2025-12-05,4,697.35
OL002328,ORD01168,CUST0338,PROD0070,2025-12-05,6,429.51
OL002329,ORD01169,CUST0948,PROD0150,2025-08-08,4,423.75
OL002330,ORD01170,CUST0130,PROD0038,2025-11-04,5,85.08
OL002331,ORD01171,CUST0653,PROD0172,2025-04-02,1,185.56
OL002332,ORD01171,CUST0653,PROD0134,2025-04-02,5,80.96
OL002333,ORD01172,CUST0592,PROD0170,2025-05-04,4,727.58
OL002334,ORD01173,CUST0330,PROD0188,2026-03-02,4,639.37
OL002335,ORD01173,CUST0330,PROD0058,2026-03-02,1,644.24
OL002336,ORD01174,CUST0785,PROD0183,2024-10-30,1,551.77
OL002337,ORD01174,CUST0785,PROD0091,2024-10-30,5,486.42
OL002338,ORD01175,CUST0676,PROD0189,2025-10-24,2,479.61
OL002339,ORD01176,CUST0080,PROD0127,2024-03-17,1,104.40
OL002340,ORD01176,CUST0080,PROD0055,2024-03-17,1,550.37
OL002341,ORD01176,CUST0080,PROD0172,2024-03-17,2,185.56
OL002342,ORD01177,CUST0839,PROD0049,2026-04-18,4,602.99
OL002343,ORD01177,CUST0839,PROD0027,2026-04-18,3,30.88
OL002344,ORD01178,CUST0834,PROD0195,2025-08-27,5,203.66
OL002345,ORD01179,CUST0880,PROD0195,2024-11-16,3,203.66
OL002346,ORD01179,CUST0880,PROD0182,2024-11-16,4,430.39
OL002347,ORD01179,CUST0880,PROD0168,2024-11-16,2,513.62
OL002348,ORD01180,CUST0109,PROD0057,2025-09-11,3,578.04
OL002349,ORD01180,CUST0109,PROD0099,2025-09-11,4,620.91
OL002350,ORD01180,CUST0109,PROD0159,2025-09-11,5,441.08
OL002351,ORD01181,CUST0799,PROD0049,2026-02-12,1,602.99
OL002352,ORD01182,CUST0434,PROD0176,2024-06-17,3,128.79
OL002353,ORD01182,CUST0434,PROD0148,2024-06-17,6,357.30
OL002354,ORD01183,CUST0151,PROD0028,2025-04-17,6,281.08
OL002355,ORD01184,CUST0247,PROD0118,2024-01-17,2,319.38
OL002356,ORD01185,CUST0030,PROD0170,2025-05-02,5,727.58
OL002357,ORD01185,CUST0030,PROD0116,2025-05-02,3,569.78
OL002358,ORD01186,CUST0122,PROD0141,2026-08-07,1,87.61
OL002359,ORD01186,CUST0122,PROD0091,2026-08-07,4,486.42
OL002360,ORD01187,CUST0155,PROD0129,2025-02-10,4,205.05
OL002361,ORD01188,CUST0342,PROD0113,2024-07-22,3,278.17
OL002362,ORD01188,CUST0342,PROD0095,2024-07-22,1,783.59
OL002363,ORD01188,CUST0342,PROD0013,2024-07-22,6,255.75
OL002364,ORD01189,CUST0750,PROD0109,2026-08-08,2,491.78
OL002365,ORD01189,CUST0750,PROD0076,2026-08-08,2,83.67
OL002366,ORD01190,CUST0181,PROD0071,2026-03-20,5,255.99
OL002367,ORD01190,CUST0181,PROD0156,2026-03-20,4,376.41
OL002368,ORD01191,CUST0444,PROD0175,2025-01-30,1,332.69
OL002369,ORD01191,CUST0444,PROD0166,2025-01-30,2,702.44
OL002370,ORD01191,CUST0444,PROD0029,2025-01-30,2,689.01
OL002371,ORD01192,CUST0055,PROD0010,2026-07-05,5,766.59
OL002372,ORD01193,CUST0245,PROD0137,2024-03-08,1,47.78
OL002373,ORD01193,CUST0245,PROD0071,2024-03-08,2,255.99
OL002374,ORD01194,CUST0717,PROD0104,2026-01-03,4,765.48
OL002375,ORD01194,CUST0717,PROD0101,2026-01-03,1,67.32
OL002376,ORD01194,CUST0717,PROD0057,2026-01-03,6,578.04
OL002377,ORD01195,CUST0275,PROD0053,2025-05-22,2,459.26
OL002378,ORD01195,CUST0275,PROD0053,2025-05-22,3,459.26
OL002379,ORD01195,CUST0275,PROD0164,2025-05-22,3,367.94
OL002380,ORD01196,CUST0611,PROD0188,2025-07-17,1,639.37
OL002381,ORD01196,CUST0611,PROD0025,2025-07-17,2,341.41
OL002382,ORD01196,CUST0611,PROD0129,2025-07-17,6,205.05
OL002383,ORD01197,CUST0489,PROD0079,2026-01-26,6,207.15
OL002384,ORD01197,CUST0489,PROD0062,2026-01-26,2,641.02
OL002385,ORD01197,CUST0489,PROD0081,2026-01-26,6,81.55
OL002386,ORD01198,CUST0171,PROD0086,2024-12-26,4,648.95
OL002387,ORD01199,CUST0986,PROD0171,2024-01-14,4,387.90
OL002388,ORD01200,CUST0343,PROD0046,2024-01-22,3,151.20
OL002389,ORD01200,CUST0343,PROD0020,2024-01-22,2,411.34
OL002390,ORD01201,CUST0779,PROD0003,2026-06-22,5,624.25
OL002391,ORD01201,CUST0779,PROD0091,2026-06-22,4,486.42
OL002392,ORD01201,CUST0779,PROD0150,2026-06-22,1,423.75
OL002393,ORD01202,CUST0895,PROD0121,2024-11-09,1,751.31
OL002394,ORD01202,CUST0895,PROD0012,2024-11-09,1,300.09
OL002395,ORD01203,CUST0697,PROD0059,2025-07-03,5,446.49
OL002396,ORD01203,CUST0697,PROD0129,2025-07-03,2,205.05
OL002397,ORD01203,CUST0697,PROD0194,2025-07-03,2,352.49
OL002398,ORD01204,CUST0103,PROD0189,2024-11-07,3,479.61
OL002399,ORD01205,CUST0503,PROD0090,2026-01-28,5,545.26
OL002400,ORD01205,CUST0503,PROD0066,2026-01-28,6,340.10
OL002401,ORD01206,CUST0260,PROD0118,2025-07-25,1,319.38
OL002402,ORD01206,CUST0260,PROD0091,2025-07-25,3,486.42
OL002403,ORD01207,CUST0342,PROD0199,2025-11-10,6,180.36
OL002404,ORD01207,CUST0342,PROD0153,2025-11-10,4,288.68
OL002405,ORD01207,CUST0342,PROD0029,2025-11-10,3,689.01
OL002406,ORD01208,CUST0532,PROD0164,2026-03-12,1,367.94
OL002407,ORD01208,CUST0532,PROD0038,2026-03-12,4,85.08
OL002408,ORD01208,CUST0532,PROD0057,2026-03-12,6,578.04
OL002409,ORD01209,CUST0366,PROD0008,2025-07-17,2,10.26
OL002410,ORD01210,CUST0759,PROD0111,2025-12-13,3,726.11
OL002411,ORD01210,CUST0759,PROD0053,2025-12-13,6,459.26
OL002412,ORD01210,CUST0759,PROD0023,2025-12-13,2,106.95
OL002413,ORD01211,CUST0655,PROD0071,2024-05-13,6,255.99
OL002414,ORD01211,CUST0655,PROD0174,2024-05-13,5,249.75
OL002415,ORD01212,CUST0982,PROD0045,2026-05-30,3,277.75
OL002416,ORD01212,CUST0982,PROD0174,2026-05-30,3,249.75
OL002417,ORD01213,CUST0401,PROD0107,2025-08-26,3,743.20
OL002418,ORD01213,CUST0401,PROD0080,2025-08-26,2,671.97
OL002419,ORD01214,CUST0594,PROD0180,2025-06-16,3,113.35
OL002420,ORD01215,CUST0126,PROD0117,2026-04-02,5,486.27
OL002421,ORD01215,CUST0126,PROD0089,2026-04-02,3,284.11
OL002422,ORD01215,CUST0126,PROD0029,2026-04-02,1,689.01
OL002423,ORD01216,CUST0950,PROD0120,2025-04-23,6,625.86
OL002424,ORD01216,CUST0950,PROD0039,2025-04-23,5,292.46
OL002425,ORD01217,CUST0639,PROD0171,2025-09-25,2,387.90
OL002426,ORD01217,CUST0639,PROD0078,2025-09-25,4,176.29
OL002427,ORD01218,CUST0067,PROD0076,2026-03-29,1,83.67
OL002428,ORD01218,CUST0067,PROD0117,2026-03-29,1,486.27
OL002429,ORD01219,CUST0290,PROD0032,2026-02-10,1,100.68
OL002430,ORD01220,CUST0314,PROD0111,2025-05-05,3,726.11
OL002431,ORD01220,CUST0314,PROD0170,2025-05-05,1,727.58
OL002432,ORD01221,CUST0258,PROD0090,2024-05-21,3,545.26
OL002433,ORD01222,CUST0682,PROD0144,2026-05-18,2,745.60
OL002434,ORD01222,CUST0682,PROD0023,2026-05-18,6,106.95
OL002435,ORD01222,CUST0682,PROD0070,2026-05-18,2,429.51
OL002436,ORD01223,CUST0202,PROD0150,2025-03-18,1,423.75
OL002437,ORD01223,CUST0202,PROD0075,2025-03-18,2,42.92
OL002438,ORD01223,CUST0202,PROD0009,2025-03-18,4,686.38
OL002439,ORD01224,CUST0255,PROD0174,2026-04-11,6,249.75
OL002440,ORD01224,CUST0255,PROD0099,2026-04-11,4,620.91
OL002441,ORD01225,CUST0991,PROD0026,2026-07-14,3,752.02
OL002442,ORD01225,CUST0991,PROD0078,2026-07-14,5,176.29
OL002443,ORD01226,CUST0178,PROD0112,2026-03-20,6,67.88
OL002444,ORD01226,CUST0178,PROD0083,2026-03-20,5,211.51
OL002445,ORD01227,CUST0700,PROD0052,2026-05-09,3,363.32
OL002446,ORD01228,CUST0427,PROD0052,2026-03-13,3,363.32
OL002447,ORD01229,CUST0088,PROD0146,2024-12-28,6,187.33
OL002448,ORD01229,CUST0088,PROD0119,2024-12-28,5,710.70
OL002449,ORD01230,CUST0385,PROD0025,2026-02-18,2,341.41
OL002450,ORD01231,CUST0453,PROD0081,2025-12-11,5,81.55
OL002451,ORD01231,CUST0453,PROD0176,2025-12-11,6,128.79
OL002452,ORD01231,CUST0453,PROD0092,2025-12-11,4,463.59
OL002453,ORD01232,CUST0438,PROD0108,2025-12-15,4,340.33
OL002454,ORD01232,CUST0438,PROD0119,2025-12-15,1,710.70
OL002455,ORD01233,CUST0028,PROD0023,2025-09-22,2,106.95
OL002456,ORD01233,CUST0028,PROD0158,2025-09-22,3,748.20
OL002457,ORD01233,CUST0028,PROD0063,2025-09-22,5,592.13
OL002458,ORD01234,CUST0383,PROD0159,2025-03-05,5,441.08
OL002459,ORD01234,CUST0383,PROD0145,2025-03-05,3,314.92
OL002460,ORD01234,CUST0383,PROD0014,2025-03-05,4,719.00
OL002461,ORD01235,CUST0413,PROD0119,2024-12-05,5,710.70
OL002462,ORD01236,CUST0860,PROD0022,2024-12-12,1,601.37
OL002463,ORD01236,CUST0860,PROD0070,2024-12-12,6,429.51
OL002464,ORD01237,CUST0342,PROD0025,2026-01-27,3,341.41
OL002465,ORD01238,CUST0494,PROD0085,2025-12-08,1,448.20
OL002466,ORD01238,CUST0494,PROD0032,2025-12-08,6,100.68
OL002467,ORD01238,CUST0494,PROD0150,2025-12-08,6,423.75
OL002468,ORD01239,CUST0758,PROD0014,2026-01-04,6,719.00
OL002469,ORD01239,CUST0758,PROD0053,2026-01-04,5,459.26
OL002470,ORD01239,CUST0758,PROD0037,2026-01-04,5,306.64
OL002471,ORD01240,CUST0991,PROD0035,2025-05-22,2,11.68
OL002472,ORD01240,CUST0991,PROD0173,2025-05-22,6,76.19
OL002473,ORD01240,CUST0991,PROD0040,2025-05-22,3,690.15
OL002474,ORD01241,CUST0319,PROD0002,2026-01-06,4,288.03
OL002475,ORD01241,CUST0319,PROD0160,2026-01-06,6,112.41
OL002476,ORD01241,CUST0319,PROD0052,2026-01-06,1,363.32
OL002477,ORD01242,CUST0001,PROD0155,2024-06-05,1,692.06
OL002478,ORD01243,CUST0100,PROD0053,2025-03-31,1,459.26
OL002479,ORD01243,CUST0100,PROD0122,2025-03-31,1,599.57
OL002480,ORD01243,CUST0100,PROD0130,2025-03-31,4,596.37
OL002481,ORD01244,CUST0057,PROD0032,2026-08-20,3,100.68
OL002482,ORD01244,CUST0057,PROD0104,2026-08-20,4,765.48
OL002483,ORD01245,CUST0840,PROD0140,2025-01-31,3,796.82
OL002484,ORD01246,CUST0698,PROD0169,2025-05-29,5,429.35
OL002485,ORD01246,CUST0698,PROD0032,2025-05-29,4,100.68
OL002486,ORD01246,CUST0698,PROD0038,2025-05-29,6,85.08
OL002487,ORD01247,CUST0190,PROD0191,2025-04-02,6,440.82
OL002488,ORD01248,CUST0175,PROD0190,2026-06-26,6,638.42
OL002489,ORD01249,CUST0206,PROD0123,2026-02-16,3,419.13
OL002490,ORD01249,CUST0206,PROD0075,2026-02-16,6,42.92
OL002491,ORD01249,CUST0206,PROD0026,2026-02-16,5,752.02
OL002492,ORD01250,CUST0377,PROD0071,2025-11-14,4,255.99
OL002493,ORD01250,CUST0377,PROD0099,2025-11-14,6,620.91
OL002494,ORD01251,CUST0476,PROD0109,2026-02-18,2,491.78
OL002495,ORD01252,CUST0291,PROD0031,2026-03-22,5,368.46
OL002496,ORD01253,CUST0012,PROD0078,2025-08-17,1,176.29
OL002497,ORD01253,CUST0012,PROD0166,2025-08-17,6,702.44
OL002498,ORD01254,CUST0635,PROD0011,2026-02-24,3,679.16
OL002499,ORD01254,CUST0635,PROD0036,2026-02-24,4,540.90
OL002500,ORD01254,CUST0635,PROD0186,2026-02-24,4,243.18
OL002501,ORD01255,CUST0010,PROD0092,2025-07-16,5,463.59
OL002502,ORD01255,CUST0010,PROD0129,2025-07-16,2,205.05
OL002503,ORD01256,CUST0925,PROD0135,2026-07-29,4,749.74
OL002504,ORD01256,CUST0925,PROD0132,2026-07-29,1,172.39
OL002505,ORD01257,CUST0672,PROD0091,2024-06-04,6,486.42
OL002506,ORD01258,CUST0577,PROD0118,2025-07-17,6,319.38
OL002507,ORD01258,CUST0577,PROD0036,2025-07-17,3,540.90
OL002508,ORD01258,CUST0577,PROD0196,2025-07-17,6,573.37
OL002509,ORD01259,CUST0946,PROD0018,2025-10-21,6,150.37
OL002510,ORD01259,CUST0946,PROD0124,2025-10-21,4,362.97
OL002511,ORD01260,CUST0621,PROD0047,2026-01-25,5,342.02
OL002512,ORD01260,CUST0621,PROD0182,2026-01-25,5,430.39
OL002513,ORD01261,CUST0539,PROD0034,2024-09-22,6,255.93
OL002514,ORD01261,CUST0539,PROD0083,2024-09-22,5,211.51
OL002515,ORD01261,CUST0539,PROD0149,2024-09-22,3,105.49
OL002516,ORD01262,CUST0633,PROD0104,2026-04-29,1,765.48
OL002517,ORD01262,CUST0633,PROD0012,2026-04-29,1,300.09
OL002518,ORD01262,CUST0633,PROD0188,2026-04-29,2,639.37
OL002519,ORD01263,CUST0099,PROD0028,2025-11-12,4,281.08
OL002520,ORD01264,CUST0488,PROD0195,2025-12-18,2,203.66
OL002521,ORD01264,CUST0488,PROD0198,2025-12-18,6,663.59
OL002522,ORD01264,CUST0488,PROD0061,2025-12-18,1,160.86
OL002523,ORD01265,CUST0746,PROD0194,2025-09-30,4,352.49
OL002524,ORD01266,CUST0064,PROD0065,2025-09-18,1,12.74
OL002525,ORD01267,CUST0868,PROD0114,2025-11-15,3,254.21
OL002526,ORD01268,CUST0647,PROD0008,2026-05-10,2,10.26
OL002527,ORD01268,CUST0647,PROD0083,2026-05-10,1,211.51
OL002528,ORD01268,CUST0647,PROD0179,2026-05-10,4,607.83
OL002529,ORD01269,CUST0137,PROD0051,2026-03-31,3,323.46
OL002530,ORD01269,CUST0137,PROD0126,2026-03-31,4,684.09
OL002531,ORD01270,CUST0293,PROD0052,2025-08-09,6,363.32
OL002532,ORD01270,CUST0293,PROD0042,2025-08-09,4,213.95
OL002533,ORD01270,CUST0293,PROD0136,2025-08-09,2,381.17
OL002534,ORD01271,CUST0597,PROD0162,2025-04-11,6,433.72
OL002535,ORD01272,CUST0209,PROD0036,2024-02-04,1,540.90
OL002536,ORD01273,CUST0793,PROD0146,2025-10-12,5,187.33
OL002537,ORD01273,CUST0793,PROD0019,2025-10-12,3,612.58
OL002538,ORD01274,CUST0699,PROD0187,2026-01-17,6,613.86
OL002539,ORD01275,CUST0509,PROD0054,2025-04-09,5,783.51
OL002540,ORD01275,CUST0509,PROD0122,2025-04-09,5,599.57
OL002541,ORD01275,CUST0509,PROD0091,2025-04-09,3,486.42
OL002542,ORD01276,CUST0922,PROD0018,2025-07-23,4,150.37
OL002543,ORD01276,CUST0922,PROD0110,2025-07-23,6,326.78
OL002544,ORD01276,CUST0922,PROD0097,2025-07-23,1,263.44
OL002545,ORD01277,CUST0081,PROD0133,2024-05-10,3,320.64
OL002546,ORD01277,CUST0081,PROD0026,2024-05-10,1,752.02
OL002547,ORD01277,CUST0081,PROD0128,2024-05-10,2,191.52
OL002548,ORD01278,CUST0616,PROD0085,2025-07-07,1,448.20
OL002549,ORD01279,CUST0842,PROD0075,2026-08-21,3,42.92
OL002550,ORD01280,CUST0721,PROD0018,2025-07-04,2,150.37
OL002551,ORD01280,CUST0721,PROD0074,2025-07-04,1,687.50
OL002552,ORD01281,CUST0590,PROD0133,2025-06-03,5,320.64
OL002553,ORD01281,CUST0590,PROD0129,2025-06-03,3,205.05
OL002554,ORD01281,CUST0590,PROD0103,2025-06-03,5,373.67
OL002555,ORD01282,CUST0560,PROD0150,2025-12-05,4,423.75
OL002556,ORD01283,CUST0669,PROD0009,2024-01-31,3,686.38
OL002557,ORD01283,CUST0669,PROD0108,2024-01-31,3,340.33
OL002558,ORD01284,CUST0343,PROD0196,2026-06-28,1,573.37
OL002559,ORD01285,CUST0210,PROD0188,2025-07-14,3,639.37
OL002560,ORD01286,CUST0935,PROD0061,2024-11-19,4,160.86
OL002561,ORD01286,CUST0935,PROD0019,2024-11-19,5,612.58
OL002562,ORD01286,CUST0935,PROD0157,2024-11-19,6,697.35
OL002563,ORD01287,CUST0355,PROD0107,2024-03-13,5,743.20
OL002564,ORD01288,CUST0628,PROD0021,2026-08-09,5,321.30
OL002565,ORD01288,CUST0628,PROD0123,2026-08-09,2,419.13
OL002566,ORD01288,CUST0628,PROD0070,2026-08-09,6,429.51
OL002567,ORD01289,CUST0107,PROD0128,2025-03-04,5,191.52
OL002568,ORD01290,CUST0666,PROD0111,2026-01-17,4,726.11
OL002569,ORD01291,CUST0801,PROD0059,2026-05-20,1,446.49
OL002570,ORD01291,CUST0801,PROD0015,2026-05-20,1,705.37
OL002571,ORD01292,CUST0548,PROD0098,2025-09-14,6,410.79
OL002572,ORD01293,CUST0756,PROD0142,2024-01-19,4,496.38
OL002573,ORD01293,CUST0756,PROD0014,2024-01-19,4,719.00
OL002574,ORD01293,CUST0756,PROD0197,2024-01-19,4,518.55
OL002575,ORD01294,CUST0129,PROD0180,2025-10-24,4,113.35
OL002576,ORD01294,CUST0129,PROD0141,2025-10-24,2,87.61
OL002577,ORD01294,CUST0129,PROD0030,2025-10-24,4,621.83
OL002578,ORD01295,CUST0919,PROD0095,2025-09-22,3,783.59
OL002579,ORD01296,CUST0352,PROD0015,2025-03-23,2,705.37
OL002580,ORD01297,CUST0095,PROD0003,2025-08-25,2,624.25
OL002581,ORD01298,CUST0766,PROD0146,2026-06-11,1,187.33
OL002582,ORD01298,CUST0766,PROD0004,2026-06-11,6,100.29
OL002583,ORD01299,CUST0833,PROD0020,2025-09-19,1,411.34
OL002584,ORD01300,CUST0450,PROD0073,2024-07-03,1,204.51
OL002585,ORD01301,CUST0359,PROD0168,2025-09-08,2,513.62
OL002586,ORD01301,CUST0359,PROD0075,2025-09-08,2,42.92
OL002587,ORD01302,CUST0408,PROD0169,2025-05-17,1,429.35
OL002588,ORD01302,CUST0408,PROD0169,2025-05-17,1,429.35
OL002589,ORD01302,CUST0408,PROD0020,2025-05-17,3,411.34
OL002590,ORD01303,CUST0211,PROD0181,2025-05-21,6,232.97
OL002591,ORD01303,CUST0211,PROD0092,2025-05-21,2,463.59
OL002592,ORD01303,CUST0211,PROD0114,2025-05-21,6,254.21
OL002593,ORD01304,CUST0965,PROD0200,2025-01-10,5,67.96
OL002594,ORD01304,CUST0965,PROD0075,2025-01-10,6,42.92
OL002595,ORD01305,CUST0540,PROD0069,2026-07-03,3,506.36
OL002596,ORD01306,CUST0555,PROD0027,2026-08-08,1,30.88
OL002597,ORD01306,CUST0555,PROD0089,2026-08-08,4,284.11
OL002598,ORD01306,CUST0555,PROD0181,2026-08-08,5,232.97
OL002599,ORD01307,CUST0287,PROD0053,2025-06-08,2,459.26
OL002600,ORD01307,CUST0287,PROD0134,2025-06-08,2,80.96
OL002601,ORD01308,CUST0760,PROD0054,2025-07-20,1,783.51
OL002602,ORD01308,CUST0760,PROD0096,2025-07-20,6,231.25
OL002603,ORD01309,CUST0037,PROD0179,2026-02-04,4,607.83
OL002604,ORD01310,CUST0783,PROD0030,2025-04-09,1,621.83
OL002605,ORD01310,CUST0783,PROD0128,2025-04-09,1,191.52
OL002606,ORD01310,CUST0783,PROD0070,2025-04-09,3,429.51
OL002607,ORD01311,CUST0394,PROD0022,2026-04-13,1,601.37
OL002608,ORD01311,CUST0394,PROD0072,2026-04-13,5,391.85
OL002609,ORD01311,CUST0394,PROD0099,2026-04-13,4,620.91
OL002610,ORD01312,CUST0884,PROD0099,2025-10-23,4,620.91
OL002611,ORD01313,CUST0230,PROD0098,2025-02-15,2,410.79
OL002612,ORD01314,CUST0442,PROD0014,2026-06-29,6,719.00
OL002613,ORD01314,CUST0442,PROD0079,2026-06-29,1,207.15
OL002614,ORD01314,CUST0442,PROD0139,2026-06-29,3,421.56
OL002615,ORD01315,CUST0932,PROD0194,2025-09-15,3,352.49
OL002616,ORD01316,CUST0830,PROD0152,2026-07-26,2,32.94
OL002617,ORD01316,CUST0830,PROD0194,2026-07-26,1,352.49
OL002618,ORD01317,CUST0744,PROD0160,2026-06-20,4,112.41
OL002619,ORD01317,CUST0744,PROD0110,2026-06-20,6,326.78
OL002620,ORD01318,CUST0771,PROD0028,2024-02-28,5,281.08
OL002621,ORD01318,CUST0771,PROD0100,2024-02-28,6,360.30
OL002622,ORD01318,CUST0771,PROD0174,2024-02-28,3,249.75
OL002623,ORD01319,CUST0475,PROD0147,2026-04-05,6,591.38
OL002624,ORD01319,CUST0475,PROD0146,2026-04-05,5,187.33
OL002625,ORD01319,CUST0475,PROD0067,2026-04-05,2,111.89
OL002626,ORD01320,CUST0479,PROD0061,2026-02-02,2,160.86
OL002627,ORD01320,CUST0479,PROD0004,2026-02-02,3,100.29
OL002628,ORD01321,CUST0974,PROD0022,2024-10-07,2,601.37
OL002629,ORD01321,CUST0974,PROD0198,2024-10-07,5,663.59
OL002630,ORD01321,CUST0974,PROD0076,2024-10-07,3,83.67
OL002631,ORD01322,CUST0405,PROD0158,2024-02-09,3,748.20
OL002632,ORD01322,CUST0405,PROD0093,2024-02-09,3,521.63
OL002633,ORD01322,CUST0405,PROD0169,2024-02-09,3,429.35
OL002634,ORD01323,CUST0830,PROD0156,2026-08-14,1,376.41
OL002635,ORD01323,CUST0830,PROD0032,2026-08-14,3,100.68
OL002636,ORD01323,CUST0830,PROD0146,2026-08-14,6,187.33
OL002637,ORD01324,CUST0857,PROD0046,2024-09-27,4,151.20
OL002638,ORD01324,CUST0857,PROD0119,2024-09-27,1,710.70
OL002639,ORD01325,CUST0010,PROD0010,2026-05-27,3,766.59
OL002640,ORD01325,CUST0010,PROD0123,2026-05-27,6,419.13
OL002641,ORD01326,CUST0224,PROD0015,2025-02-22,5,705.37
OL002642,ORD01326,CUST0224,PROD0021,2025-02-22,3,321.30
OL002643,ORD01326,CUST0224,PROD0157,2025-02-22,5,697.35
OL002644,ORD01327,CUST0977,PROD0113,2024-05-02,2,278.17
OL002645,ORD01327,CUST0977,PROD0067,2024-05-02,3,111.89
OL002646,ORD01328,CUST0890,PROD0033,2025-05-21,2,416.96
OL002647,ORD01328,CUST0890,PROD0162,2025-05-21,2,433.72
OL002648,ORD01329,CUST0893,PROD0168,2025-09-24,1,513.62
OL002649,ORD01330,CUST0118,PROD0010,2026-01-06,2,766.59
OL002650,ORD01331,CUST0519,PROD0113,2026-05-31,5,278.17
OL002651,ORD01331,CUST0519,PROD0082,2026-05-31,1,596.94
OL002652,ORD01331,CUST0519,PROD0142,2026-05-31,6,496.38
OL002653,ORD01332,CUST0063,PROD0183,2026-09-01,3,551.77
OL002654,ORD01333,CUST0017,PROD0139,2026-05-02,6,421.56
OL002655,ORD01333,CUST0017,PROD0012,2026-05-02,5,300.09
OL002656,ORD01334,CUST0359,PROD0020,2024-04-21,5,411.34
OL002657,ORD01335,CUST0116,PROD0020,2025-10-13,2,411.34
OL002658,ORD01335,CUST0116,PROD0053,2025-10-13,3,459.26
OL002659,ORD01336,CUST0381,PROD0107,2026-06-07,1,743.20
OL002660,ORD01336,CUST0381,PROD0165,2026-06-07,4,600.37
OL002661,ORD01336,CUST0381,PROD0073,2026-06-07,2,204.51
OL002662,ORD01337,CUST0335,PROD0093,2025-09-13,3,521.63
OL002663,ORD01338,CUST0919,PROD0096,2025-10-29,4,231.25
OL002664,ORD01338,CUST0919,PROD0076,2025-10-29,5,83.67
OL002665,ORD01339,CUST0165,PROD0012,2026-02-16,3,300.09
OL002666,ORD01340,CUST0934,PROD0007,2026-07-16,1,396.66
OL002667,ORD01341,CUST0217,PROD0081,2026-04-07,5,81.55
OL002668,ORD01341,CUST0217,PROD0184,2026-04-07,6,396.08
OL002669,ORD01341,CUST0217,PROD0131,2026-04-07,5,601.03
OL002670,ORD01342,CUST0353,PROD0056,2026-08-20,4,652.27
OL002671,ORD01342,CUST0353,PROD0150,2026-08-20,1,423.75
OL002672,ORD01342,CUST0353,PROD0169,2026-08-20,6,429.35
OL002673,ORD01343,CUST0391,PROD0020,2025-06-05,2,411.34
OL002674,ORD01344,CUST0516,PROD0162,2026-07-03,5,433.72
OL002675,ORD01344,CUST0516,PROD0188,2026-07-03,4,639.37
OL002676,ORD01344,CUST0516,PROD0138,2026-07-03,6,617.88
OL002677,ORD01345,CUST0868,PROD0014,2026-07-06,5,719.00
OL002678,ORD01346,CUST0676,PROD0134,2025-06-21,4,80.96
OL002679,ORD01346,CUST0676,PROD0082,2025-06-21,3,596.94
OL002680,ORD01347,CUST0857,PROD0076,2025-08-12,2,83.67
OL002681,ORD01348,CUST0249,PROD0197,2026-03-29,3,518.55
OL002682,ORD01348,CUST0249,PROD0060,2026-03-29,4,685.76
OL002683,ORD01349,CUST0767,PROD0178,2024-04-28,2,421.03
OL002684,ORD01349,CUST0767,PROD0114,2024-04-28,6,254.21
OL002685,ORD01350,CUST0371,PROD0091,2024-03-22,5,486.42
OL002686,ORD01350,CUST0371,PROD0130,2024-03-22,1,596.37
OL002687,ORD01351,CUST0670,PROD0155,2025-05-10,2,692.06
OL002688,ORD01351,CUST0670,PROD0115,2025-05-10,4,524.14
OL002689,ORD01352,CUST0584,PROD0033,2026-04-27,5,416.96
OL002690,ORD01353,CUST0796,PROD0105,2026-07-20,6,695.25
OL002691,ORD01354,CUST0682,PROD0156,2024-08-10,3,376.41
OL002692,ORD01354,CUST0682,PROD0074,2024-08-10,3,687.50
OL002693,ORD01354,CUST0682,PROD0081,2024-08-10,1,81.55
OL002694,ORD01355,CUST0419,PROD0130,2026-04-07,2,596.37
OL002695,ORD01356,CUST0507,PROD0198,2025-10-09,2,663.59
OL002696,ORD01356,CUST0507,PROD0047,2025-10-09,4,342.02
OL002697,ORD01356,CUST0507,PROD0004,2025-10-09,2,100.29
OL002698,ORD01357,CUST0429,PROD0196,2026-04-27,5,573.37
OL002699,ORD01358,CUST0953,PROD0191,2025-08-15,1,440.82
OL002700,ORD01358,CUST0953,PROD0033,2025-08-15,1,416.96
OL002701,ORD01358,CUST0953,PROD0111,2025-08-15,1,726.11
OL002702,ORD01359,CUST0171,PROD0034,2024-08-31,5,255.93
OL002703,ORD01359,CUST0171,PROD0136,2024-08-31,4,381.17
OL002704,ORD01359,CUST0171,PROD0109,2024-08-31,3,491.78
OL002705,ORD01360,CUST0412,PROD0143,2025-12-14,2,72.02
OL002706,ORD01361,CUST0301,PROD0087,2024-05-01,3,278.58
OL002707,ORD01361,CUST0301,PROD0152,2024-05-01,5,32.94
OL002708,ORD01361,CUST0301,PROD0158,2024-05-01,1,748.20
OL002709,ORD01362,CUST0047,PROD0190,2024-03-16,3,638.42
OL002710,ORD01362,CUST0047,PROD0115,2024-03-16,4,524.14
OL002711,ORD01362,CUST0047,PROD0162,2024-03-16,4,433.72
OL002712,ORD01363,CUST0855,PROD0075,2025-03-22,4,42.92
OL002713,ORD01363,CUST0855,PROD0180,2025-03-22,2,113.35
OL002714,ORD01363,CUST0855,PROD0188,2025-03-22,2,639.37
OL002715,ORD01364,CUST0785,PROD0131,2025-08-26,1,601.03
OL002716,ORD01364,CUST0785,PROD0039,2025-08-26,1,292.46
OL002717,ORD01364,CUST0785,PROD0152,2025-08-26,5,32.94
OL002718,ORD01365,CUST0691,PROD0117,2025-10-26,4,486.27
OL002719,ORD01365,CUST0691,PROD0083,2025-10-26,4,211.51
OL002720,ORD01366,CUST0521,PROD0151,2026-04-01,3,140.62
OL002721,ORD01367,CUST0238,PROD0127,2025-07-30,3,104.40
OL002722,ORD01368,CUST0578,PROD0135,2026-04-26,5,749.74
OL002723,ORD01369,CUST0865,PROD0110,2026-08-08,3,326.78
OL002724,ORD01369,CUST0865,PROD0083,2026-08-08,4,211.51
OL002725,ORD01369,CUST0865,PROD0082,2026-08-08,2,596.94
OL002726,ORD01370,CUST0043,PROD0189,2026-04-13,6,479.61
OL002727,ORD01371,CUST0441,PROD0072,2025-06-15,5,391.85
OL002728,ORD01372,CUST0322,PROD0089,2024-09-24,3,284.11
OL002729,ORD01372,CUST0322,PROD0043,2024-09-24,1,219.17
OL002730,ORD01372,CUST0322,PROD0074,2024-09-24,3,687.50
OL002731,ORD01373,CUST0450,PROD0044,2024-08-17,3,767.02
OL002732,ORD01373,CUST0450,PROD0067,2024-08-17,5,111.89
OL002733,ORD01374,CUST0947,PROD0171,2025-12-14,3,387.90
OL002734,ORD01375,CUST0099,PROD0142,2024-07-30,5,496.38
OL002735,ORD01376,CUST0029,PROD0011,2026-07-10,5,679.16
OL002736,ORD01377,CUST0819,PROD0002,2025-05-31,4,288.03
OL002737,ORD01377,CUST0819,PROD0007,2025-05-31,3,396.66
OL002738,ORD01377,CUST0819,PROD0053,2025-05-31,3,459.26
OL002739,ORD01378,CUST0437,PROD0114,2026-08-08,5,254.21
OL002740,ORD01378,CUST0437,PROD0033,2026-08-08,4,416.96
OL002741,ORD01378,CUST0437,PROD0076,2026-08-08,1,83.67
OL002742,ORD01379,CUST0724,PROD0114,2025-02-05,4,254.21
OL002743,ORD01379,CUST0724,PROD0127,2025-02-05,3,104.40
OL002744,ORD01379,CUST0724,PROD0023,2025-02-05,2,106.95
OL002745,ORD01380,CUST0750,PROD0030,2025-11-15,3,621.83
OL002746,ORD01380,CUST0750,PROD0021,2025-11-15,6,321.30
OL002747,ORD01381,CUST0745,PROD0084,2025-03-18,2,291.43
OL002748,ORD01382,CUST0344,PROD0117,2024-10-09,6,486.27
OL002749,ORD01382,CUST0344,PROD0189,2024-10-09,5,479.61
OL002750,ORD01382,CUST0344,PROD0173,2024-10-09,1,76.19
OL002751,ORD01383,CUST0705,PROD0010,2026-01-15,4,766.59
OL002752,ORD01383,CUST0705,PROD0026,2026-01-15,6,752.02
OL002753,ORD01383,CUST0705,PROD0134,2026-01-15,3,80.96
OL002754,ORD01384,CUST0862,PROD0170,2025-07-25,6,727.58
OL002755,ORD01385,CUST0972,PROD0161,2026-08-02,1,759.04
OL002756,ORD01386,CUST0141,PROD0097,2025-08-23,2,263.44
OL002757,ORD01387,CUST0201,PROD0121,2025-03-18,2,751.31
OL002758,ORD01387,CUST0201,PROD0125,2025-03-18,2,138.01
OL002759,ORD01387,CUST0201,PROD0188,2025-03-18,4,639.37
OL002760,ORD01388,CUST0135,PROD0163,2024-07-22,1,474.70
OL002761,ORD01388,CUST0135,PROD0133,2024-07-22,6,320.64
OL002762,ORD01389,CUST0220,PROD0112,2024-01-04,1,67.88
OL002763,ORD01389,CUST0220,PROD0126,2024-01-04,5,684.09
OL002764,ORD01389,CUST0220,PROD0157,2024-01-04,2,697.35
OL002765,ORD01390,CUST0183,PROD0108,2024-06-04,6,340.33
OL002766,ORD01390,CUST0183,PROD0068,2024-06-04,5,715.14
OL002767,ORD01390,CUST0183,PROD0098,2024-06-04,6,410.79
OL002768,ORD01391,CUST0241,PROD0090,2025-10-15,4,545.26
OL002769,ORD01391,CUST0241,PROD0136,2025-10-15,6,381.17
OL002770,ORD01391,CUST0241,PROD0047,2025-10-15,3,342.02
OL002771,ORD01392,CUST0897,PROD0172,2025-07-19,4,185.56
OL002772,ORD01393,CUST0816,PROD0154,2026-06-26,3,732.63
OL002773,ORD01393,CUST0816,PROD0140,2026-06-26,4,796.82
OL002774,ORD01394,CUST0099,PROD0029,2024-08-12,3,689.01
OL002775,ORD01394,CUST0099,PROD0108,2024-08-12,4,340.33
OL002776,ORD01395,CUST0254,PROD0109,2026-02-09,1,491.78
OL002777,ORD01395,CUST0254,PROD0046,2026-02-09,4,151.20
OL002778,ORD01396,CUST0677,PROD0089,2024-04-26,6,284.11
OL002779,ORD01396,CUST0677,PROD0102,2024-04-26,6,492.85
OL002780,ORD01397,CUST0793,PROD0126,2025-12-29,5,684.09
OL002781,ORD01398,CUST0704,PROD0008,2026-04-10,3,10.26
OL002782,ORD01398,CUST0704,PROD0069,2026-04-10,5,506.36
OL002783,ORD01399,CUST0912,PROD0016,2026-05-10,5,461.73
OL002784,ORD01400,CUST0268,PROD0106,2026-01-04,4,514.25
OL002785,ORD01400,CUST0268,PROD0114,2026-01-04,4,254.21
OL002786,ORD01401,CUST0267,PROD0014,2026-07-23,3,719.00
OL002787,ORD01401,CUST0267,PROD0125,2026-07-23,6,138.01
OL002788,ORD01402,CUST0348,PROD0012,2025-10-13,3,300.09
OL002789,ORD01403,CUST0420,PROD0147,2024-08-14,2,591.38
OL002790,ORD01403,CUST0420,PROD0138,2024-08-14,2,617.88
OL002791,ORD01404,CUST0113,PROD0157,2026-01-19,3,697.35
OL002792,ORD01404,CUST0113,PROD0034,2026-01-19,5,255.93
OL002793,ORD01404,CUST0113,PROD0139,2026-01-19,1,421.56
OL002794,ORD01405,CUST0022,PROD0098,2026-05-25,1,410.79
OL002795,ORD01405,CUST0022,PROD0200,2026-05-25,6,67.96
OL002796,ORD01405,CUST0022,PROD0086,2026-05-25,3,648.95
OL002797,ORD01406,CUST0065,PROD0013,2025-11-01,5,255.75
OL002798,ORD01406,CUST0065,PROD0054,2025-11-01,3,783.51
OL002799,ORD01406,CUST0065,PROD0138,2025-11-01,2,617.88
OL002800,ORD01407,CUST0859,PROD0102,2026-01-10,6,492.85
OL002801,ORD01408,CUST0298,PROD0042,2026-08-22,3,213.95
OL002802,ORD01409,CUST0424,PROD0142,2024-08-08,6,496.38
OL002803,ORD01409,CUST0424,PROD0064,2024-08-08,1,381.01
OL002804,ORD01410,CUST0866,PROD0194,2025-12-17,5,352.49
OL002805,ORD01411,CUST0514,PROD0125,2026-07-10,1,138.01
OL002806,ORD01412,CUST0290,PROD0007,2025-04-17,2,396.66
OL002807,ORD01413,CUST0791,PROD0064,2025-12-05,1,381.01
OL002808,ORD01413,CUST0791,PROD0070,2025-12-05,6,429.51
OL002809,ORD01413,CUST0791,PROD0032,2025-12-05,4,100.68
OL002810,ORD01414,CUST0411,PROD0190,2024-05-14,3,638.42
OL002811,ORD01414,CUST0411,PROD0022,2024-05-14,1,601.37
OL002812,ORD01414,CUST0411,PROD0019,2024-05-14,5,612.58
OL002813,ORD01415,CUST0721,PROD0188,2026-08-22,4,639.37
OL002814,ORD01415,CUST0721,PROD0006,2026-08-22,1,764.83
OL002815,ORD01415,CUST0721,PROD0191,2026-08-22,5,440.82
OL002816,ORD01416,CUST0942,PROD0025,2025-02-26,6,341.41
OL002817,ORD01416,CUST0942,PROD0151,2025-02-26,4,140.62
OL002818,ORD01416,CUST0942,PROD0050,2025-02-26,5,295.23
OL002819,ORD01417,CUST0804,PROD0109,2024-11-27,5,491.78
OL002820,ORD01417,CUST0804,PROD0191,2024-11-27,1,440.82
OL002821,ORD01418,CUST0281,PROD0052,2026-01-01,1,363.32
OL002822,ORD01418,CUST0281,PROD0068,2026-01-01,6,715.14
OL002823,ORD01419,CUST0483,PROD0075,2025-01-20,4,42.92
OL002824,ORD01419,CUST0483,PROD0024,2025-01-20,2,422.95
OL002825,ORD01419,CUST0483,PROD0105,2025-01-20,5,695.25
OL002826,ORD01420,CUST0495,PROD0180,2024-11-16,5,113.35
OL002827,ORD01420,CUST0495,PROD0130,2024-11-16,2,596.37
OL002828,ORD01421,CUST0018,PROD0187,2025-05-23,4,613.86
OL002829,ORD01421,CUST0018,PROD0096,2025-05-23,5,231.25
OL002830,ORD01422,CUST0111,PROD0058,2025-04-08,5,644.24
OL002831,ORD01422,CUST0111,PROD0007,2025-04-08,4,396.66
OL002832,ORD01422,CUST0111,PROD0198,2025-04-08,2,663.59
OL002833,ORD01423,CUST0379,PROD0145,2025-05-03,1,314.92
OL002834,ORD01423,CUST0379,PROD0165,2025-05-03,3,600.37
OL002835,ORD01424,CUST0148,PROD0162,2026-08-28,1,433.72
OL002836,ORD01424,CUST0148,PROD0025,2026-08-28,5,341.41
OL002837,ORD01425,CUST0213,PROD0152,2025-12-13,2,32.94
OL002838,ORD01426,CUST0145,PROD0158,2026-03-30,4,748.20
OL002839,ORD01427,CUST0741,PROD0195,2026-02-01,2,203.66
OL002840,ORD01427,CUST0741,PROD0016,2026-02-01,4,461.73
OL002841,ORD01427,CUST0741,PROD0065,2026-02-01,4,12.74
OL002842,ORD01428,CUST0759,PROD0039,2024-12-11,1,292.46
OL002843,ORD01428,CUST0759,PROD0083,2024-12-11,6,211.51
OL002844,ORD01429,CUST0614,PROD0002,2025-02-20,3,288.03
OL002845,ORD01429,CUST0614,PROD0177,2025-02-20,2,13.38
OL002846,ORD01429,CUST0614,PROD0194,2025-02-20,5,352.49
OL002847,ORD01430,CUST0559,PROD0081,2025-11-09,6,81.55
OL002848,ORD01430,CUST0559,PROD0061,2025-11-09,3,160.86
OL002849,ORD01431,CUST0726,PROD0132,2025-11-19,5,172.39
OL002850,ORD01431,CUST0726,PROD0190,2025-11-19,6,638.42
OL002851,ORD01432,CUST0944,PROD0109,2024-04-17,6,491.78
OL002852,ORD01433,CUST0385,PROD0194,2025-04-07,1,352.49
OL002853,ORD01434,CUST0533,PROD0032,2026-02-05,2,100.68
OL002854,ORD01435,CUST0449,PROD0030,2026-06-09,1,621.83
OL002855,ORD01436,CUST0508,PROD0161,2025-09-02,5,759.04
OL002856,ORD01436,CUST0508,PROD0125,2025-09-02,2,138.01
OL002857,ORD01437,CUST0896,PROD0108,2026-06-07,4,340.33
OL002858,ORD01437,CUST0896,PROD0003,2026-06-07,3,624.25
OL002859,ORD01437,CUST0896,PROD0031,2026-06-07,4,368.46
OL002860,ORD01438,CUST0738,PROD0070,2026-07-20,5,429.51
OL002861,ORD01438,CUST0738,PROD0083,2026-07-20,5,211.51
OL002862,ORD01439,CUST0578,PROD0043,2026-07-02,2,219.17
OL002863,ORD01439,CUST0578,PROD0075,2026-07-02,5,42.92
OL002864,ORD01440,CUST0210,PROD0158,2026-04-02,6,748.20
OL002865,ORD01440,CUST0210,PROD0096,2026-04-02,5,231.25
OL002866,ORD01440,CUST0210,PROD0155,2026-04-02,3,692.06
OL002867,ORD01441,CUST0474,PROD0085,2024-08-03,6,448.20
OL002868,ORD01441,CUST0474,PROD0185,2024-08-03,2,605.59
OL002869,ORD01442,CUST0537,PROD0122,2026-01-02,1,599.57
OL002870,ORD01443,CUST0427,PROD0039,2025-09-02,4,292.46
OL002871,ORD01443,CUST0427,PROD0018,2025-09-02,1,150.37
OL002872,ORD01444,CUST0719,PROD0052,2024-07-11,6,363.32
OL002873,ORD01444,CUST0719,PROD0025,2024-07-11,5,341.41
OL002874,ORD01445,CUST0339,PROD0016,2024-04-06,5,461.73
OL002875,ORD01445,CUST0339,PROD0120,2024-04-06,5,625.86
OL002876,ORD01446,CUST0069,PROD0163,2026-05-06,5,474.70
OL002877,ORD01447,CUST0354,PROD0004,2025-10-06,2,100.29
OL002878,ORD01448,CUST0292,PROD0110,2026-04-20,5,326.78
OL002879,ORD01448,CUST0292,PROD0187,2026-04-20,3,613.86
OL002880,ORD01449,CUST0640,PROD0066,2025-10-08,5,340.10
OL002881,ORD01449,CUST0640,PROD0139,2025-10-08,6,421.56
OL002882,ORD01450,CUST0208,PROD0152,2024-03-20,2,32.94
OL002883,ORD01450,CUST0208,PROD0027,2024-03-20,6,30.88
OL002884,ORD01450,CUST0208,PROD0056,2024-03-20,3,652.27
OL002885,ORD01451,CUST0270,PROD0027,2026-03-16,2,30.88
OL002886,ORD01452,CUST0602,PROD0197,2026-06-09,4,518.55
OL002887,ORD01452,CUST0602,PROD0085,2026-06-09,5,448.20
OL002888,ORD01452,CUST0602,PROD0198,2026-06-09,5,663.59
OL002889,ORD01453,CUST0284,PROD0054,2026-04-24,2,783.51
OL002890,ORD01453,CUST0284,PROD0001,2026-04-24,2,669.88
OL002891,ORD01453,CUST0284,PROD0056,2026-04-24,1,652.27
OL002892,ORD01454,CUST0151,PROD0043,2024-05-26,4,219.17
OL002893,ORD01454,CUST0151,PROD0001,2024-05-26,3,669.88
OL002894,ORD01454,CUST0151,PROD0020,2024-05-26,1,411.34
OL002895,ORD01455,CUST0524,PROD0113,2026-07-15,4,278.17
OL002896,ORD01456,CUST0484,PROD0078,2024-11-30,5,176.29
OL002897,ORD01456,CUST0484,PROD0195,2024-11-30,1,203.66
OL002898,ORD01456,CUST0484,PROD0062,2024-11-30,5,641.02
OL002899,ORD01457,CUST0387,PROD0181,2025-11-24,4,232.97
OL002900,ORD01457,CUST0387,PROD0091,2025-11-24,3,486.42
OL002901,ORD01458,CUST0325,PROD0021,2025-07-20,5,321.30
OL002902,ORD01458,CUST0325,PROD0055,2025-07-20,2,550.37
OL002903,ORD01458,CUST0325,PROD0163,2025-07-20,3,474.70
OL002904,ORD01459,CUST0147,PROD0112,2026-05-10,5,67.88
OL002905,ORD01459,CUST0147,PROD0114,2026-05-10,4,254.21
OL002906,ORD01459,CUST0147,PROD0178,2026-05-10,3,421.03
OL002907,ORD01460,CUST0124,PROD0112,2025-12-05,6,67.88
OL002908,ORD01460,CUST0124,PROD0090,2025-12-05,2,545.26
OL002909,ORD01460,CUST0124,PROD0007,2025-12-05,3,396.66
OL002910,ORD01461,CUST0790,PROD0187,2026-04-19,4,613.86
OL002911,ORD01461,CUST0790,PROD0055,2026-04-19,5,550.37
OL002912,ORD01462,CUST0898,PROD0098,2025-06-01,3,410.79
OL002913,ORD01462,CUST0898,PROD0046,2025-06-01,6,151.20
OL002914,ORD01462,CUST0898,PROD0003,2025-06-01,2,624.25
OL002915,ORD01463,CUST0370,PROD0050,2026-08-16,1,295.23
OL002916,ORD01463,CUST0370,PROD0151,2026-08-16,3,140.62
OL002917,ORD01464,CUST0097,PROD0095,2026-07-21,3,783.59
OL002918,ORD01464,CUST0097,PROD0129,2026-07-21,1,205.05
OL002919,ORD01465,CUST0280,PROD0166,2025-01-18,3,702.44
OL002920,ORD01465,CUST0280,PROD0165,2025-01-18,4,600.37
OL002921,ORD01465,CUST0280,PROD0102,2025-01-18,1,492.85
OL002922,ORD01466,CUST0722,PROD0071,2024-09-16,6,255.99
OL002923,ORD01466,CUST0722,PROD0015,2024-09-16,5,705.37
OL002924,ORD01466,CUST0722,PROD0008,2024-09-16,6,10.26
OL002925,ORD01467,CUST0623,PROD0117,2026-06-12,4,486.27
OL002926,ORD01467,CUST0623,PROD0045,2026-06-12,4,277.75
OL002927,ORD01468,CUST0896,PROD0027,2026-06-05,1,30.88
OL002928,ORD01468,CUST0896,PROD0095,2026-06-05,1,783.59
OL002929,ORD01468,CUST0896,PROD0157,2026-06-05,6,697.35
OL002930,ORD01469,CUST0723,PROD0046,2026-03-24,2,151.20
OL002931,ORD01470,CUST0430,PROD0015,2025-01-09,4,705.37
OL002932,ORD01471,CUST0728,PROD0081,2024-03-04,1,81.55
OL002933,ORD01471,CUST0728,PROD0140,2024-03-04,3,796.82
OL002934,ORD01471,CUST0728,PROD0050,2024-03-04,6,295.23
OL002935,ORD01472,CUST0756,PROD0086,2024-01-18,6,648.95
OL002936,ORD01472,CUST0756,PROD0082,2024-01-18,6,596.94
OL002937,ORD01472,CUST0756,PROD0044,2024-01-18,5,767.02
OL002938,ORD01473,CUST0967,PROD0133,2025-04-27,1,320.64
OL002939,ORD01473,CUST0967,PROD0171,2025-04-27,4,387.90
OL002940,ORD01473,CUST0967,PROD0107,2025-04-27,6,743.20
OL002941,ORD01474,CUST0063,PROD0050,2024-03-07,5,295.23
OL002942,ORD01474,CUST0063,PROD0038,2024-03-07,6,85.08
OL002943,ORD01474,CUST0063,PROD0069,2024-03-07,1,506.36
OL002944,ORD01475,CUST0455,PROD0071,2025-09-22,5,255.99
OL002945,ORD01476,CUST0706,PROD0105,2025-06-01,2,695.25
OL002946,ORD01477,CUST0765,PROD0001,2026-05-12,3,669.88
OL002947,ORD01477,CUST0765,PROD0071,2026-05-12,5,255.99
OL002948,ORD01477,CUST0765,PROD0090,2026-05-12,1,545.26
OL002949,ORD01478,CUST0478,PROD0179,2026-07-29,1,607.83
OL002950,ORD01478,CUST0478,PROD0145,2026-07-29,4,314.92
OL002951,ORD01479,CUST0120,PROD0047,2024-06-17,6,342.02
OL002952,ORD01480,CUST0191,PROD0152,2024-11-21,6,32.94
OL002953,ORD01481,CUST0786,PROD0003,2024-06-22,2,624.25
OL002954,ORD01482,CUST0384,PROD0021,2025-04-16,6,321.30
OL002955,ORD01482,CUST0384,PROD0064,2025-04-16,3,381.01
OL002956,ORD01482,CUST0384,PROD0175,2025-04-16,6,332.69
OL002957,ORD01483,CUST0766,PROD0080,2025-04-23,1,671.97
OL002958,ORD01484,CUST0723,PROD0046,2024-12-19,3,151.20
OL002959,ORD01484,CUST0723,PROD0036,2024-12-19,5,540.90
OL002960,ORD01485,CUST0424,PROD0049,2024-08-19,3,602.99
OL002961,ORD01485,CUST0424,PROD0052,2024-08-19,2,363.32
OL002962,ORD01486,CUST0266,PROD0113,2025-12-15,3,278.17
OL002963,ORD01486,CUST0266,PROD0024,2025-12-15,4,422.95
OL002964,ORD01487,CUST0593,PROD0090,2025-04-24,6,545.26
OL002965,ORD01487,CUST0593,PROD0134,2025-04-24,4,80.96
OL002966,ORD01488,CUST0704,PROD0010,2026-03-08,5,766.59
OL002967,ORD01488,CUST0704,PROD0099,2026-03-08,2,620.91
OL002968,ORD01488,CUST0704,PROD0138,2026-03-08,5,617.88
OL002969,ORD01489,CUST0720,PROD0089,2025-03-20,6,284.11
OL002970,ORD01490,CUST0816,PROD0054,2026-05-04,3,783.51
OL002971,ORD01490,CUST0816,PROD0180,2026-05-04,5,113.35
OL002972,ORD01490,CUST0816,PROD0142,2026-05-04,6,496.38
OL002973,ORD01491,CUST0093,PROD0198,2025-06-09,2,663.59
OL002974,ORD01491,CUST0093,PROD0067,2025-06-09,2,111.89
OL002975,ORD01492,CUST0268,PROD0030,2025-03-17,5,621.83
OL002976,ORD01492,CUST0268,PROD0169,2025-03-17,6,429.35
OL002977,ORD01493,CUST0487,PROD0120,2024-09-16,5,625.86
OL002978,ORD01494,CUST0382,PROD0169,2026-02-24,5,429.35
OL002979,ORD01494,CUST0382,PROD0009,2026-02-24,3,686.38
OL002980,ORD01495,CUST0108,PROD0092,2025-10-06,1,463.59
OL002981,ORD01495,CUST0108,PROD0041,2025-10-06,4,153.78
OL002982,ORD01495,CUST0108,PROD0122,2025-10-06,3,599.57
OL002983,ORD01496,CUST0664,PROD0026,2026-07-13,2,752.02
OL002984,ORD01496,CUST0664,PROD0092,2026-07-13,3,463.59
OL002985,ORD01497,CUST0479,PROD0048,2025-07-13,1,338.17
OL002986,ORD01498,CUST0829,PROD0117,2025-09-23,5,486.27
OL002987,ORD01498,CUST0829,PROD0148,2025-09-23,6,357.30
OL002988,ORD01499,CUST0749,PROD0122,2025-02-12,2,599.57
OL002989,ORD01499,CUST0749,PROD0065,2025-02-12,6,12.74
OL002990,ORD01500,CUST0616,PROD0124,2024-12-11,6,362.97
OL002991,ORD01500,CUST0616,PROD0103,2024-12-11,3,373.67
OL002992,ORD01501,CUST0995,PROD0196,2026-04-04,5,573.37
OL002993,ORD01502,CUST0432,PROD0199,2025-03-12,3,180.36
OL002994,ORD01503,CUST0411,PROD0008,2025-08-30,2,10.26
OL002995,ORD01503,CUST0411,PROD0132,2025-08-30,2,172.39
OL002996,ORD01503,CUST0411,PROD0077,2025-08-30,5,134.85
OL002997,ORD01504,CUST0966,PROD0051,2026-05-20,5,323.46
OL002998,ORD01504,CUST0966,PROD0193,2026-05-20,2,706.31
OL002999,ORD01504,CUST0966,PROD0034,2026-05-20,6,255.93
OL003000,ORD01505,CUST0808,PROD0024,2024-08-01,3,422.95
OL003001,ORD01505,CUST0808,PROD0197,2024-08-01,2,518.55
OL003002,ORD01506,CUST0470,PROD0043,2025-06-26,4,219.17
OL003003,ORD01506,CUST0470,PROD0001,2025-06-26,6,669.88
OL003004,ORD01507,CUST0206,PROD0078,2025-09-14,3,176.29
OL003005,ORD01508,CUST0190,PROD0053,2025-07-07,4,459.26
OL003006,ORD01509,CUST0742,PROD0040,2024-09-07,6,690.15
OL003007,ORD01510,CUST0866,PROD0002,2026-06-16,4,288.03
OL003008,ORD01510,CUST0866,PROD0041,2026-06-16,3,153.78
OL003009,ORD01510,CUST0866,PROD0026,2026-06-16,4,752.02
OL003010,ORD01511,CUST0704,PROD0179,2026-06-30,2,607.83
OL003011,ORD01511,CUST0704,PROD0121,2026-06-30,6,751.31
OL003012,ORD01511,CUST0704,PROD0097,2026-06-30,4,263.44
OL003013,ORD01512,CUST0249,PROD0025,2026-02-20,4,341.41
OL003014,ORD01512,CUST0249,PROD0033,2026-02-20,3,416.96
OL003015,ORD01512,CUST0249,PROD0196,2026-02-20,2,573.37
OL003016,ORD01513,CUST0792,PROD0073,2024-12-31,6,204.51
OL003017,ORD01513,CUST0792,PROD0187,2024-12-31,4,613.86
OL003018,ORD01514,CUST0404,PROD0019,2025-06-30,3,612.58
OL003019,ORD01514,CUST0404,PROD0126,2025-06-30,6,684.09
OL003020,ORD01514,CUST0404,PROD0190,2025-06-30,5,638.42
OL003021,ORD01515,CUST0228,PROD0046,2026-08-24,2,151.20
OL003022,ORD01516,CUST0371,PROD0129,2024-12-14,1,205.05
OL003023,ORD01516,CUST0371,PROD0157,2024-12-14,5,697.35
OL003024,ORD01517,CUST0937,PROD0166,2025-02-13,2,702.44
OL003025,ORD01517,CUST0937,PROD0036,2025-02-13,4,540.90
OL003026,ORD01518,CUST0046,PROD0078,2024-11-06,4,176.29
OL003027,ORD01519,CUST0348,PROD0168,2025-01-28,2,513.62
OL003028,ORD01520,CUST0155,PROD0080,2024-10-18,4,671.97
OL003029,ORD01520,CUST0155,PROD0173,2024-10-18,4,76.19
OL003030,ORD01521,CUST0268,PROD0046,2026-04-20,2,151.20
OL003031,ORD01522,CUST0699,PROD0028,2025-06-13,4,281.08
OL003032,ORD01522,CUST0699,PROD0022,2025-06-13,3,601.37
OL003033,ORD01523,CUST0751,PROD0168,2024-06-16,4,513.62
OL003034,ORD01523,CUST0751,PROD0004,2024-06-16,2,100.29
OL003035,ORD01523,CUST0751,PROD0082,2024-06-16,2,596.94
OL003036,ORD01524,CUST0520,PROD0176,2026-01-05,4,128.79
OL003037,ORD01524,CUST0520,PROD0003,2026-01-05,4,624.25
OL003038,ORD01524,CUST0520,PROD0168,2026-01-05,6,513.62
OL003039,ORD01525,CUST0433,PROD0014,2026-02-28,3,719.00
OL003040,ORD01525,CUST0433,PROD0109,2026-02-28,3,491.78
OL003041,ORD01526,CUST0650,PROD0155,2025-02-08,4,692.06
OL003042,ORD01526,CUST0650,PROD0129,2025-02-08,3,205.05
OL003043,ORD01526,CUST0650,PROD0200,2025-02-08,4,67.96
OL003044,ORD01527,CUST0344,PROD0137,2026-05-14,3,47.78
OL003045,ORD01527,CUST0344,PROD0029,2026-05-14,2,689.01
OL003046,ORD01527,CUST0344,PROD0109,2026-05-14,5,491.78
OL003047,ORD01528,CUST0892,PROD0039,2025-05-15,1,292.46
OL003048,ORD01528,CUST0892,PROD0087,2025-05-15,6,278.58
OL003049,ORD01529,CUST0265,PROD0132,2026-01-13,5,172.39
OL003050,ORD01529,CUST0265,PROD0187,2026-01-13,4,613.86
OL003051,ORD01529,CUST0265,PROD0112,2026-01-13,1,67.88
OL003052,ORD01530,CUST0289,PROD0032,2025-07-09,4,100.68
OL003053,ORD01530,CUST0289,PROD0118,2025-07-09,3,319.38
OL003054,ORD01531,CUST0911,PROD0065,2026-02-20,4,12.74
OL003055,ORD01532,CUST0692,PROD0197,2025-05-01,1,518.55
OL003056,ORD01532,CUST0692,PROD0139,2025-05-01,3,421.56
OL003057,ORD01533,CUST0301,PROD0107,2024-12-31,1,743.20
OL003058,ORD01534,CUST0333,PROD0163,2024-10-31,1,474.70
OL003059,ORD01534,CUST0333,PROD0153,2024-10-31,1,288.68
OL003060,ORD01535,CUST0750,PROD0137,2024-02-07,6,47.78
OL003061,ORD01535,CUST0750,PROD0102,2024-02-07,2,492.85
OL003062,ORD01536,CUST0087,PROD0025,2025-07-01,2,341.41
OL003063,ORD01537,CUST0149,PROD0127,2025-10-10,4,104.40
OL003064,ORD01537,CUST0149,PROD0071,2025-10-10,3,255.99
OL003065,ORD01537,CUST0149,PROD0118,2025-10-10,6,319.38
OL003066,ORD01538,CUST0250,PROD0146,2026-06-02,4,187.33
OL003067,ORD01538,CUST0250,PROD0011,2026-06-02,1,679.16
OL003068,ORD01538,CUST0250,PROD0084,2026-06-02,3,291.43
OL003069,ORD01539,CUST0151,PROD0186,2025-09-15,6,243.18
OL003070,ORD01540,CUST0392,PROD0186,2026-03-27,1,243.18
OL003071,ORD01541,CUST0950,PROD0109,2025-09-29,4,491.78
OL003072,ORD01541,CUST0950,PROD0006,2025-09-29,2,764.83
OL003073,ORD01542,CUST0264,PROD0111,2025-05-05,1,726.11
OL003074,ORD01542,CUST0264,PROD0050,2025-05-05,5,295.23
OL003075,ORD01542,CUST0264,PROD0067,2025-05-05,3,111.89
OL003076,ORD01543,CUST0527,PROD0063,2026-06-22,6,592.13
OL003077,ORD01543,CUST0527,PROD0013,2026-06-22,3,255.75
OL003078,ORD01543,CUST0527,PROD0147,2026-06-22,4,591.38
OL003079,ORD01544,CUST0779,PROD0112,2026-08-03,3,67.88
OL003080,ORD01545,CUST0706,PROD0048,2026-03-07,3,338.17
OL003081,ORD01545,CUST0706,PROD0129,2026-03-07,6,205.05
OL003082,ORD01545,CUST0706,PROD0012,2026-03-07,5,300.09
OL003083,ORD01546,CUST0932,PROD0174,2024-07-04,3,249.75
OL003084,ORD01546,CUST0932,PROD0070,2024-07-04,1,429.51
OL003085,ORD01547,CUST0213,PROD0107,2024-08-18,6,743.20
OL003086,ORD01547,CUST0213,PROD0034,2024-08-18,3,255.93
OL003087,ORD01548,CUST0474,PROD0163,2025-09-05,3,474.70
OL003088,ORD01548,CUST0474,PROD0025,2025-09-05,2,341.41
OL003089,ORD01549,CUST0019,PROD0057,2026-02-02,1,578.04
OL003090,ORD01550,CUST0295,PROD0183,2026-01-15,5,551.77
OL003091,ORD01550,CUST0295,PROD0118,2026-01-15,5,319.38
OL003092,ORD01550,CUST0295,PROD0108,2026-01-15,6,340.33
OL003093,ORD01551,CUST0337,PROD0100,2025-07-08,4,360.30
OL003094,ORD01551,CUST0337,PROD0143,2025-07-08,1,72.02
OL003095,ORD01551,CUST0337,PROD0088,2025-07-08,3,332.34
OL003096,ORD01552,CUST0355,PROD0114,2026-04-22,2,254.21
OL003097,ORD01552,CUST0355,PROD0119,2026-04-22,6,710.70
OL003098,ORD01553,CUST0216,PROD0179,2026-01-20,2,607.83
OL003099,ORD01553,CUST0216,PROD0173,2026-01-20,4,76.19
OL003100,ORD01554,CUST0413,PROD0170,2025-01-01,5,727.58
OL003101,ORD01554,CUST0413,PROD0021,2025-01-01,6,321.30
OL003102,ORD01555,CUST0575,PROD0022,2024-12-19,2,601.37
OL003103,ORD01555,CUST0575,PROD0192,2024-12-19,5,154.90
OL003104,ORD01556,CUST0312,PROD0193,2024-10-25,3,706.31
OL003105,ORD01556,CUST0312,PROD0116,2024-10-25,6,569.78
OL003106,ORD01557,CUST0031,PROD0160,2025-07-29,5,112.41
OL003107,ORD01557,CUST0031,PROD0043,2025-07-29,5,219.17
OL003108,ORD01558,CUST0579,PROD0107,2025-09-23,1,743.20
OL003109,ORD01558,CUST0579,PROD0193,2025-09-23,3,706.31
OL003110,ORD01559,CUST0762,PROD0061,2025-05-17,4,160.86
OL003111,ORD01559,CUST0762,PROD0138,2025-05-17,2,617.88
OL003112,ORD01559,CUST0762,PROD0097,2025-05-17,5,263.44
OL003113,ORD01560,CUST0100,PROD0056,2025-08-30,2,652.27
OL003114,ORD01561,CUST0585,PROD0046,2026-03-08,2,151.20
OL003115,ORD01562,CUST0411,PROD0105,2025-07-17,3,695.25
OL003116,ORD01562,CUST0411,PROD0193,2025-07-17,2,706.31
OL003117,ORD01562,CUST0411,PROD0108,2025-07-17,5,340.33
OL003118,ORD01563,CUST0328,PROD0162,2026-02-07,1,433.72
OL003119,ORD01563,CUST0328,PROD0171,2026-02-07,6,387.90
OL003120,ORD01564,CUST0781,PROD0082,2025-10-13,5,596.94
OL003121,ORD01564,CUST0781,PROD0138,2025-10-13,5,617.88
OL003122,ORD01564,CUST0781,PROD0101,2025-10-13,2,67.32
OL003123,ORD01565,CUST0507,PROD0119,2026-02-13,3,710.70
OL003124,ORD01565,CUST0507,PROD0116,2026-02-13,2,569.78
OL003125,ORD01566,CUST0410,PROD0001,2024-10-22,5,669.88
OL003126,ORD01567,CUST0782,PROD0168,2026-04-30,2,513.62
OL003127,ORD01567,CUST0782,PROD0175,2026-04-30,1,332.69
OL003128,ORD01568,CUST0595,PROD0108,2025-10-30,4,340.33
OL003129,ORD01568,CUST0595,PROD0106,2025-10-30,2,514.25
OL003130,ORD01569,CUST0030,PROD0058,2025-09-25,2,644.24
OL003131,ORD01569,CUST0030,PROD0157,2025-09-25,5,697.35
OL003132,ORD01569,CUST0030,PROD0129,2025-09-25,1,205.05
OL003133,ORD01570,CUST0585,PROD0006,2026-05-08,3,764.83
OL003134,ORD01570,CUST0585,PROD0157,2026-05-08,2,697.35
OL003135,ORD01570,CUST0585,PROD0043,2026-05-08,5,219.17
OL003136,ORD01571,CUST0484,PROD0024,2025-12-01,3,422.95
OL003137,ORD01571,CUST0484,PROD0006,2025-12-01,6,764.83
OL003138,ORD01571,CUST0484,PROD0154,2025-12-01,6,732.63
OL003139,ORD01572,CUST0566,PROD0050,2026-05-06,2,295.23
OL003140,ORD01572,CUST0566,PROD0118,2026-05-06,3,319.38
OL003141,ORD01573,CUST0896,PROD0045,2025-07-27,4,277.75
OL003142,ORD01573,CUST0896,PROD0183,2025-07-27,2,551.77
OL003143,ORD01573,CUST0896,PROD0083,2025-07-27,2,211.51
OL003144,ORD01574,CUST0067,PROD0008,2026-07-04,2,10.26
OL003145,ORD01574,CUST0067,PROD0148,2026-07-04,4,357.30
OL003146,ORD01575,CUST0251,PROD0155,2025-12-12,4,692.06
OL003147,ORD01575,CUST0251,PROD0062,2025-12-12,2,641.02
OL003148,ORD01576,CUST0513,PROD0029,2025-10-18,5,689.01
OL003149,ORD01576,CUST0513,PROD0085,2025-10-18,2,448.20
OL003150,ORD01577,CUST0474,PROD0018,2026-01-09,1,150.37
OL003151,ORD01578,CUST0034,PROD0174,2025-11-29,4,249.75
OL003152,ORD01578,CUST0034,PROD0134,2025-11-29,4,80.96
OL003153,ORD01578,CUST0034,PROD0099,2025-11-29,1,620.91
OL003154,ORD01579,CUST0981,PROD0184,2025-10-24,5,396.08
OL003155,ORD01579,CUST0981,PROD0031,2025-10-24,6,368.46
OL003156,ORD01580,CUST0663,PROD0183,2025-06-30,1,551.77
OL003157,ORD01580,CUST0663,PROD0113,2025-06-30,4,278.17
OL003158,ORD01580,CUST0663,PROD0186,2025-06-30,1,243.18
OL003159,ORD01581,CUST0832,PROD0186,2025-02-11,1,243.18
OL003160,ORD01581,CUST0832,PROD0094,2025-02-11,4,433.05
OL003161,ORD01582,CUST0950,PROD0162,2026-05-01,6,433.72
OL003162,ORD01582,CUST0950,PROD0113,2026-05-01,4,278.17
OL003163,ORD01582,CUST0950,PROD0032,2026-05-01,1,100.68
OL003164,ORD01583,CUST0868,PROD0195,2026-02-20,5,203.66
OL003165,ORD01584,CUST0740,PROD0094,2024-06-22,4,433.05
OL003166,ORD01585,CUST0348,PROD0063,2024-05-25,4,592.13
OL003167,ORD01585,CUST0348,PROD0054,2024-05-25,3,783.51
OL003168,ORD01585,CUST0348,PROD0025,2024-05-25,3,341.41
OL003169,ORD01586,CUST0711,PROD0118,2026-01-19,6,319.38
OL003170,ORD01586,CUST0711,PROD0126,2026-01-19,2,684.09
OL003171,ORD01586,CUST0711,PROD0194,2026-01-19,3,352.49
OL003172,ORD01587,CUST0303,PROD0114,2026-07-11,3,254.21
OL003173,ORD01587,CUST0303,PROD0116,2026-07-11,6,569.78
OL003174,ORD01588,CUST0582,PROD0153,2024-10-08,1,288.68
OL003175,ORD01588,CUST0582,PROD0195,2024-10-08,2,203.66
OL003176,ORD01589,CUST0535,PROD0007,2024-10-22,2,396.66
OL003177,ORD01590,CUST0578,PROD0183,2026-02-05,3,551.77
OL003178,ORD01590,CUST0578,PROD0079,2026-02-05,6,207.15
OL003179,ORD01591,CUST0582,PROD0079,2025-10-11,4,207.15
OL003180,ORD01592,CUST0451,PROD0040,2025-09-18,6,690.15
OL003181,ORD01592,CUST0451,PROD0178,2025-09-18,2,421.03
OL003182,ORD01592,CUST0451,PROD0038,2025-09-18,5,85.08
OL003183,ORD01593,CUST0880,PROD0066,2025-01-28,6,340.10
OL003184,ORD01593,CUST0880,PROD0059,2025-01-28,1,446.49
OL003185,ORD01594,CUST0598,PROD0038,2025-11-21,5,85.08
OL003186,ORD01595,CUST0266,PROD0185,2025-01-07,5,605.59
OL003187,ORD01596,CUST0892,PROD0104,2026-08-06,4,765.48
OL003188,ORD01596,CUST0892,PROD0159,2026-08-06,2,441.08
OL003189,ORD01596,CUST0892,PROD0089,2026-08-06,6,284.11
OL003190,ORD01597,CUST0602,PROD0129,2026-08-01,3,205.05
OL003191,ORD01598,CUST0384,PROD0125,2025-01-22,6,138.01
OL003192,ORD01598,CUST0384,PROD0044,2025-01-22,5,767.02
OL003193,ORD01598,CUST0384,PROD0124,2025-01-22,2,362.97
OL003194,ORD01599,CUST0919,PROD0004,2025-01-23,6,100.29
OL003195,ORD01599,CUST0919,PROD0017,2025-01-23,3,223.40
OL003196,ORD01600,CUST0317,PROD0058,2024-08-11,2,644.24
OL003197,ORD01601,CUST0624,PROD0187,2026-03-07,1,613.86
OL003198,ORD01601,CUST0624,PROD0167,2026-03-07,2,350.80
OL003199,ORD01602,CUST0511,PROD0146,2026-05-09,6,187.33
OL003200,ORD01602,CUST0511,PROD0004,2026-05-09,6,100.29
OL003201,ORD01603,CUST0920,PROD0190,2024-08-21,2,638.42
OL003202,ORD01603,CUST0920,PROD0094,2024-08-21,6,433.05
OL003203,ORD01603,CUST0920,PROD0009,2024-08-21,4,686.38
OL003204,ORD01604,CUST0102,PROD0130,2026-02-20,1,596.37
OL003205,ORD01604,CUST0102,PROD0070,2026-02-20,5,429.51
OL003206,ORD01604,CUST0102,PROD0137,2026-02-20,6,47.78
OL003207,ORD01605,CUST0894,PROD0015,2024-03-22,4,705.37
OL003208,ORD01605,CUST0894,PROD0146,2024-03-22,5,187.33
OL003209,ORD01605,CUST0894,PROD0064,2024-03-22,2,381.01
OL003210,ORD01606,CUST0817,PROD0047,2026-06-07,6,342.02
OL003211,ORD01606,CUST0817,PROD0167,2026-06-07,2,350.80
OL003212,ORD01607,CUST0707,PROD0117,2026-05-19,2,486.27
OL003213,ORD01608,CUST0624,PROD0142,2024-09-29,3,496.38
OL003214,ORD01609,CUST0761,PROD0188,2024-07-13,1,639.37
OL003215,ORD01610,CUST0536,PROD0016,2024-11-06,2,461.73
OL003216,ORD01611,CUST0250,PROD0195,2026-08-04,5,203.66
OL003217,ORD01612,CUST0476,PROD0138,2025-03-29,1,617.88
OL003218,ORD01612,CUST0476,PROD0082,2025-03-29,6,596.94
OL003219,ORD01613,CUST0202,PROD0030,2025-05-04,4,621.83
OL003220,ORD01614,CUST0488,PROD0026,2025-10-15,5,752.02
OL003221,ORD01615,CUST0221,PROD0125,2026-05-29,3,138.01
OL003222,ORD01615,CUST0221,PROD0146,2026-05-29,1,187.33
OL003223,ORD01615,CUST0221,PROD0149,2026-05-29,4,105.49
OL003224,ORD01616,CUST0738,PROD0200,2025-11-23,6,67.96
OL003225,ORD01617,CUST0604,PROD0001,2026-04-07,3,669.88
OL003226,ORD01618,CUST0616,PROD0127,2024-10-04,6,104.40
OL003227,ORD01618,CUST0616,PROD0046,2024-10-04,3,151.20
OL003228,ORD01619,CUST0495,PROD0073,2025-07-09,6,204.51
OL003229,ORD01619,CUST0495,PROD0077,2025-07-09,3,134.85
OL003230,ORD01619,CUST0495,PROD0137,2025-07-09,2,47.78
OL003231,ORD01620,CUST0282,PROD0144,2025-11-25,5,745.60
OL003232,ORD01620,CUST0282,PROD0080,2025-11-25,6,671.97
OL003233,ORD01621,CUST0115,PROD0125,2025-03-08,1,138.01
OL003234,ORD01621,CUST0115,PROD0082,2025-03-08,5,596.94
OL003235,ORD01622,CUST0508,PROD0046,2025-08-26,1,151.20
OL003236,ORD01622,CUST0508,PROD0195,2025-08-26,4,203.66
OL003237,ORD01623,CUST0312,PROD0114,2024-04-06,3,254.21
OL003238,ORD01623,CUST0312,PROD0164,2024-04-06,6,367.94
OL003239,ORD01623,CUST0312,PROD0138,2024-04-06,2,617.88
OL003240,ORD01624,CUST0798,PROD0196,2025-01-14,2,573.37
OL003241,ORD01625,CUST0315,PROD0079,2026-04-23,3,207.15
OL003242,ORD01626,CUST0484,PROD0176,2024-04-15,3,128.79
OL003243,ORD01626,CUST0484,PROD0157,2024-04-15,2,697.35
OL003244,ORD01626,CUST0484,PROD0147,2024-04-15,6,591.38
OL003245,ORD01627,CUST0332,PROD0050,2024-06-09,4,295.23
OL003246,ORD01628,CUST0873,PROD0157,2024-06-10,6,697.35
OL003247,ORD01629,CUST0334,PROD0122,2025-06-12,6,599.57
OL003248,ORD01630,CUST0808,PROD0200,2025-08-07,6,67.96
OL003249,ORD01630,CUST0808,PROD0069,2025-08-07,2,506.36
OL003250,ORD01630,CUST0808,PROD0068,2025-08-07,4,715.14
OL003251,ORD01631,CUST0380,PROD0079,2024-09-13,3,207.15
OL003252,ORD01631,CUST0380,PROD0187,2024-09-13,3,613.86
OL003253,ORD01632,CUST0323,PROD0079,2026-01-20,4,207.15
OL003254,ORD01632,CUST0323,PROD0145,2026-01-20,4,314.92
OL003255,ORD01632,CUST0323,PROD0196,2026-01-20,4,573.37
OL003256,ORD01633,CUST0781,PROD0104,2026-08-20,1,765.48
OL003257,ORD01634,CUST0363,PROD0036,2026-09-01,4,540.90
OL003258,ORD01634,CUST0363,PROD0197,2026-09-01,3,518.55
OL003259,ORD01635,CUST0839,PROD0054,2026-01-14,6,783.51
OL003260,ORD01636,CUST0263,PROD0096,2025-03-31,1,231.25
OL003261,ORD01636,CUST0263,PROD0083,2025-03-31,4,211.51
OL003262,ORD01636,CUST0263,PROD0098,2025-03-31,3,410.79
OL003263,ORD01637,CUST0574,PROD0052,2026-01-26,2,363.32
OL003264,ORD01637,CUST0574,PROD0159,2026-01-26,5,441.08
OL003265,ORD01637,CUST0574,PROD0113,2026-01-26,3,278.17
OL003266,ORD01638,CUST0077,PROD0042,2025-10-26,3,213.95
OL003267,ORD01639,CUST0492,PROD0012,2026-08-17,6,300.09
OL003268,ORD01639,CUST0492,PROD0100,2026-08-17,6,360.30
OL003269,ORD01639,CUST0492,PROD0181,2026-08-17,4,232.97
OL003270,ORD01640,CUST0287,PROD0016,2026-04-08,1,461.73
OL003271,ORD01641,CUST0655,PROD0071,2025-01-08,5,255.99
OL003272,ORD01642,CUST0449,PROD0073,2026-08-03,1,204.51
OL003273,ORD01642,CUST0449,PROD0121,2026-08-03,2,751.31
OL003274,ORD01643,CUST0076,PROD0199,2024-11-28,6,180.36
OL003275,ORD01643,CUST0076,PROD0106,2024-11-28,2,514.25
OL003276,ORD01643,CUST0076,PROD0039,2024-11-28,5,292.46
OL003277,ORD01644,CUST0588,PROD0144,2024-11-26,1,745.60
OL003278,ORD01644,CUST0588,PROD0113,2024-11-26,2,278.17
OL003279,ORD01645,CUST0587,PROD0196,2025-07-13,6,573.37
OL003280,ORD01645,CUST0587,PROD0067,2025-07-13,5,111.89
OL003281,ORD01646,CUST0837,PROD0177,2025-07-21,1,13.38
OL003282,ORD01646,CUST0837,PROD0036,2025-07-21,1,540.90
OL003283,ORD01646,CUST0837,PROD0180,2025-07-21,6,113.35
OL003284,ORD01647,CUST0322,PROD0198,2025-06-19,4,663.59
OL003285,ORD01647,CUST0322,PROD0192,2025-06-19,2,154.90
OL003286,ORD01647,CUST0322,PROD0048,2025-06-19,3,338.17
OL003287,ORD01648,CUST0234,PROD0093,2026-04-14,3,521.63
OL003288,ORD01648,CUST0234,PROD0051,2026-04-14,6,323.46
OL003289,ORD01649,CUST0266,PROD0155,2024-09-18,6,692.06
OL003290,ORD01649,CUST0266,PROD0006,2024-09-18,2,764.83
OL003291,ORD01649,CUST0266,PROD0031,2024-09-18,6,368.46
OL003292,ORD01650,CUST0438,PROD0125,2025-10-04,1,138.01
OL003293,ORD01650,CUST0438,PROD0136,2025-10-04,1,381.17
OL003294,ORD01651,CUST0383,PROD0145,2024-11-11,4,314.92
OL003295,ORD01651,CUST0383,PROD0009,2024-11-11,5,686.38
OL003296,ORD01651,CUST0383,PROD0084,2024-11-11,5,291.43
OL003297,ORD01652,CUST0290,PROD0086,2026-01-22,6,648.95
OL003298,ORD01652,CUST0290,PROD0018,2026-01-22,6,150.37
OL003299,ORD01653,CUST0579,PROD0143,2024-10-11,1,72.02
OL003300,ORD01654,CUST0163,PROD0132,2026-07-15,1,172.39
OL003301,ORD01654,CUST0163,PROD0147,2026-07-15,4,591.38
OL003302,ORD01654,CUST0163,PROD0157,2026-07-15,6,697.35
OL003303,ORD01655,CUST0770,PROD0197,2024-12-11,6,518.55
OL003304,ORD01656,CUST0838,PROD0120,2024-10-10,4,625.86
OL003305,ORD01656,CUST0838,PROD0190,2024-10-10,2,638.42
OL003306,ORD01657,CUST0339,PROD0047,2024-03-15,6,342.02
OL003307,ORD01657,CUST0339,PROD0148,2024-03-15,3,357.30
OL003308,ORD01657,CUST0339,PROD0117,2024-03-15,5,486.27
OL003309,ORD01658,CUST0758,PROD0111,2026-04-19,1,726.11
OL003310,ORD01658,CUST0758,PROD0103,2026-04-19,5,373.67
OL003311,ORD01658,CUST0758,PROD0076,2026-04-19,1,83.67
OL003312,ORD01659,CUST0849,PROD0005,2025-02-03,1,67.39
OL003313,ORD01659,CUST0849,PROD0058,2025-02-03,3,644.24
OL003314,ORD01659,CUST0849,PROD0110,2025-02-03,2,326.78
OL003315,ORD01660,CUST0877,PROD0150,2026-03-14,6,423.75
OL003316,ORD01660,CUST0877,PROD0197,2026-03-14,3,518.55
OL003317,ORD01661,CUST0469,PROD0171,2025-10-31,2,387.90
OL003318,ORD01661,CUST0469,PROD0198,2025-10-31,5,663.59
OL003319,ORD01661,CUST0469,PROD0091,2025-10-31,6,486.42
OL003320,ORD01662,CUST0157,PROD0198,2025-03-17,2,663.59
OL003321,ORD01662,CUST0157,PROD0053,2025-03-17,3,459.26
OL003322,ORD01662,CUST0157,PROD0047,2025-03-17,1,342.02
OL003323,ORD01663,CUST0547,PROD0011,2025-09-08,2,679.16
OL003324,ORD01664,CUST0357,PROD0084,2024-04-02,3,291.43
OL003325,ORD01664,CUST0357,PROD0059,2024-04-02,6,446.49
OL003326,ORD01664,CUST0357,PROD0054,2024-04-02,2,783.51
OL003327,ORD01665,CUST0168,PROD0070,2026-06-13,2,429.51
OL003328,ORD01665,CUST0168,PROD0056,2026-06-13,3,652.27
OL003329,ORD01666,CUST0141,PROD0113,2026-06-17,1,278.17
OL003330,ORD01667,CUST0027,PROD0191,2026-03-20,6,440.82
OL003331,ORD01667,CUST0027,PROD0054,2026-03-20,4,783.51
OL003332,ORD01668,CUST0458,PROD0103,2026-01-22,2,373.67
OL003333,ORD01669,CUST0790,PROD0152,2026-05-06,1,32.94
OL003334,ORD01670,CUST0993,PROD0130,2024-08-20,5,596.37
OL003335,ORD01671,CUST0529,PROD0042,2024-05-04,2,213.95
OL003336,ORD01671,CUST0529,PROD0031,2024-05-04,4,368.46
OL003337,ORD01671,CUST0529,PROD0190,2024-05-04,5,638.42
OL003338,ORD01672,CUST0768,PROD0107,2026-05-25,2,743.20
OL003339,ORD01672,CUST0768,PROD0054,2026-05-25,1,783.51
OL003340,ORD01673,CUST0369,PROD0066,2025-05-04,5,340.10
OL003341,ORD01673,CUST0369,PROD0029,2025-05-04,4,689.01
OL003342,ORD01673,CUST0369,PROD0005,2025-05-04,1,67.39
OL003343,ORD01674,CUST0823,PROD0103,2025-03-06,1,373.67
OL003344,ORD01674,CUST0823,PROD0091,2025-03-06,3,486.42
OL003345,ORD01675,CUST0857,PROD0112,2024-03-07,6,67.88
OL003346,ORD01675,CUST0857,PROD0077,2024-03-07,2,134.85
OL003347,ORD01676,CUST0087,PROD0165,2025-10-28,4,600.37
OL003348,ORD01676,CUST0087,PROD0121,2025-10-28,1,751.31
OL003349,ORD01676,CUST0087,PROD0071,2025-10-28,6,255.99
OL003350,ORD01677,CUST0919,PROD0012,2024-11-27,2,300.09
OL003351,ORD01677,CUST0919,PROD0064,2024-11-27,2,381.01
OL003352,ORD01677,CUST0919,PROD0145,2024-11-27,1,314.92
OL003353,ORD01678,CUST0532,PROD0036,2024-08-03,6,540.90
OL003354,ORD01679,CUST0781,PROD0016,2024-02-09,5,461.73
OL003355,ORD01679,CUST0781,PROD0054,2024-02-09,6,783.51
OL003356,ORD01680,CUST0301,PROD0159,2025-01-15,4,441.08
OL003357,ORD01680,CUST0301,PROD0041,2025-01-15,4,153.78
OL003358,ORD01680,CUST0301,PROD0045,2025-01-15,2,277.75
OL003359,ORD01681,CUST0989,PROD0190,2024-06-04,6,638.42
OL003360,ORD01681,CUST0989,PROD0047,2024-06-04,3,342.02
OL003361,ORD01681,CUST0989,PROD0029,2024-06-04,2,689.01
OL003362,ORD01682,CUST0510,PROD0079,2024-07-27,4,207.15
OL003363,ORD01683,CUST0383,PROD0160,2025-07-24,3,112.41
OL003364,ORD01683,CUST0383,PROD0008,2025-07-24,1,10.26
OL003365,ORD01683,CUST0383,PROD0085,2025-07-24,1,448.20
OL003366,ORD01684,CUST0036,PROD0105,2025-06-05,1,695.25
OL003367,ORD01684,CUST0036,PROD0139,2025-06-05,4,421.56
OL003368,ORD01685,CUST0740,PROD0044,2025-06-21,2,767.02
OL003369,ORD01685,CUST0740,PROD0026,2025-06-21,1,752.02
OL003370,ORD01685,CUST0740,PROD0090,2025-06-21,2,545.26
OL003371,ORD01686,CUST0430,PROD0029,2024-11-15,4,689.01
OL003372,ORD01687,CUST0426,PROD0113,2026-01-30,2,278.17
OL003373,ORD01687,CUST0426,PROD0155,2026-01-30,6,692.06
OL003374,ORD01688,CUST0319,PROD0121,2025-05-02,3,751.31
OL003375,ORD01689,CUST0331,PROD0139,2026-04-17,3,421.56
OL003376,ORD01690,CUST0685,PROD0025,2026-01-03,4,341.41
OL003377,ORD01690,CUST0685,PROD0127,2026-01-03,6,104.40
OL003378,ORD01690,CUST0685,PROD0147,2026-01-03,2,591.38
OL003379,ORD01691,CUST0225,PROD0034,2026-06-20,2,255.93
OL003380,ORD01692,CUST0676,PROD0191,2024-03-25,1,440.82
OL003381,ORD01693,CUST0414,PROD0158,2024-10-16,1,748.20
OL003382,ORD01693,CUST0414,PROD0064,2024-10-16,2,381.01
OL003383,ORD01693,CUST0414,PROD0065,2024-10-16,2,12.74
OL003384,ORD01694,CUST0676,PROD0085,2024-11-04,6,448.20
OL003385,ORD01694,CUST0676,PROD0119,2024-11-04,6,710.70
OL003386,ORD01694,CUST0676,PROD0152,2024-11-04,5,32.94
OL003387,ORD01695,CUST0592,PROD0069,2026-06-23,2,506.36
OL003388,ORD01695,CUST0592,PROD0084,2026-06-23,4,291.43
OL003389,ORD01695,CUST0592,PROD0096,2026-06-23,6,231.25
OL003390,ORD01696,CUST0594,PROD0009,2026-01-24,6,686.38
OL003391,ORD01697,CUST0648,PROD0051,2025-07-01,2,323.46
OL003392,ORD01697,CUST0648,PROD0004,2025-07-01,2,100.29
OL003393,ORD01698,CUST0035,PROD0061,2026-05-05,2,160.86
OL003394,ORD01698,CUST0035,PROD0102,2026-05-05,3,492.85
OL003395,ORD01698,CUST0035,PROD0003,2026-05-05,5,624.25
OL003396,ORD01699,CUST0496,PROD0089,2026-05-28,2,284.11
OL003397,ORD01699,CUST0496,PROD0161,2026-05-28,5,759.04
OL003398,ORD01700,CUST0463,PROD0117,2024-08-07,5,486.27
OL003399,ORD01700,CUST0463,PROD0068,2024-08-07,5,715.14
OL003400,ORD01701,CUST0121,PROD0072,2026-08-25,6,391.85
OL003401,ORD01701,CUST0121,PROD0197,2026-08-25,5,518.55
OL003402,ORD01702,CUST0346,PROD0048,2026-07-02,3,338.17
OL003403,ORD01702,CUST0346,PROD0088,2026-07-02,4,332.34
OL003404,ORD01703,CUST0468,PROD0172,2025-11-27,3,185.56
OL003405,ORD01703,CUST0468,PROD0196,2025-11-27,5,573.37
OL003406,ORD01703,CUST0468,PROD0068,2025-11-27,1,715.14
OL003407,ORD01704,CUST0437,PROD0007,2026-06-23,5,396.66
OL003408,ORD01704,CUST0437,PROD0033,2026-06-23,1,416.96
OL003409,ORD01705,CUST0999,PROD0029,2025-04-13,1,689.01
OL003410,ORD01706,CUST0730,PROD0033,2026-05-13,3,416.96
OL003411,ORD01706,CUST0730,PROD0079,2026-05-13,4,207.15
OL003412,ORD01706,CUST0730,PROD0112,2026-05-13,5,67.88
OL003413,ORD01707,CUST0990,PROD0047,2026-08-07,4,342.02
OL003414,ORD01708,CUST0200,PROD0175,2024-05-25,2,332.69
OL003415,ORD01708,CUST0200,PROD0199,2024-05-25,1,180.36
OL003416,ORD01708,CUST0200,PROD0051,2024-05-25,6,323.46
OL003417,ORD01709,CUST0363,PROD0154,2026-07-02,2,732.63
OL003418,ORD01709,CUST0363,PROD0145,2026-07-02,5,314.92
OL003419,ORD01709,CUST0363,PROD0135,2026-07-02,1,749.74
OL003420,ORD01710,CUST0372,PROD0059,2025-07-06,6,446.49
OL003421,ORD01710,CUST0372,PROD0136,2025-07-06,2,381.17
OL003422,ORD01710,CUST0372,PROD0096,2025-07-06,2,231.25
OL003423,ORD01711,CUST0697,PROD0163,2025-02-25,6,474.70
OL003424,ORD01712,CUST0232,PROD0193,2026-05-13,6,706.31
OL003425,ORD01712,CUST0232,PROD0039,2026-05-13,5,292.46
OL003426,ORD01712,CUST0232,PROD0157,2026-05-13,4,697.35
OL003427,ORD01713,CUST0286,PROD0103,2024-02-20,3,373.67
OL003428,ORD01714,CUST0923,PROD0108,2025-06-18,4,340.33
OL003429,ORD01714,CUST0923,PROD0120,2025-06-18,3,625.86
OL003430,ORD01715,CUST0739,PROD0001,2025-08-01,1,669.88
OL003431,ORD01716,CUST0726,PROD0172,2026-02-02,3,185.56
OL003432,ORD01716,CUST0726,PROD0054,2026-02-02,6,783.51
OL003433,ORD01717,CUST0609,PROD0016,2025-08-12,4,461.73
OL003434,ORD01717,CUST0609,PROD0036,2025-08-12,2,540.90
OL003435,ORD01717,CUST0609,PROD0124,2025-08-12,2,362.97
OL003436,ORD01718,CUST0401,PROD0041,2026-03-16,6,153.78
OL003437,ORD01719,CUST0401,PROD0050,2025-08-28,2,295.23
OL003438,ORD01719,CUST0401,PROD0090,2025-08-28,1,545.26
OL003439,ORD01720,CUST0987,PROD0036,2025-01-14,4,540.90
OL003440,ORD01721,CUST0744,PROD0150,2026-05-05,6,423.75
OL003441,ORD01722,CUST0211,PROD0037,2025-03-30,6,306.64
OL003442,ORD01723,CUST0779,PROD0003,2025-09-26,6,624.25
OL003443,ORD01723,CUST0779,PROD0031,2025-09-26,5,368.46
OL003444,ORD01724,CUST0537,PROD0198,2024-04-15,6,663.59
OL003445,ORD01724,CUST0537,PROD0154,2024-04-15,4,732.63
OL003446,ORD01725,CUST0677,PROD0077,2025-03-24,1,134.85
OL003447,ORD01726,CUST0761,PROD0117,2025-09-16,2,486.27
OL003448,ORD01726,CUST0761,PROD0019,2025-09-16,6,612.58
OL003449,ORD01726,CUST0761,PROD0088,2025-09-16,3,332.34
OL003450,ORD01727,CUST0391,PROD0029,2025-12-03,6,689.01
OL003451,ORD01728,CUST0437,PROD0044,2026-05-25,6,767.02
OL003452,ORD01728,CUST0437,PROD0178,2026-05-25,4,421.03
OL003453,ORD01729,CUST0231,PROD0027,2026-04-24,1,30.88
OL003454,ORD01729,CUST0231,PROD0188,2026-04-24,5,639.37
OL003455,ORD01730,CUST0886,PROD0062,2026-01-05,6,641.02
OL003456,ORD01730,CUST0886,PROD0127,2026-01-05,6,104.40
OL003457,ORD01730,CUST0886,PROD0111,2026-01-05,4,726.11
OL003458,ORD01731,CUST0654,PROD0198,2024-11-05,3,663.59
OL003459,ORD01732,CUST0751,PROD0065,2024-12-12,6,12.74
OL003460,ORD01732,CUST0751,PROD0131,2024-12-12,3,601.03
OL003461,ORD01732,CUST0751,PROD0108,2024-12-12,6,340.33
OL003462,ORD01733,CUST0366,PROD0004,2024-05-19,1,100.29
OL003463,ORD01733,CUST0366,PROD0183,2024-05-19,4,551.77
OL003464,ORD01734,CUST0600,PROD0057,2025-05-21,5,578.04
OL003465,ORD01735,CUST0682,PROD0027,2024-12-19,6,30.88
OL003466,ORD01735,CUST0682,PROD0125,2024-12-19,5,138.01
OL003467,ORD01736,CUST0858,PROD0097,2025-08-02,5,263.44
OL003468,ORD01736,CUST0858,PROD0133,2025-08-02,6,320.64
OL003469,ORD01736,CUST0858,PROD0098,2025-08-02,1,410.79
OL003470,ORD01737,CUST0111,PROD0165,2025-08-27,1,600.37
OL003471,ORD01737,CUST0111,PROD0148,2025-08-27,1,357.30
OL003472,ORD01737,CUST0111,PROD0031,2025-08-27,2,368.46
OL003473,ORD01738,CUST0595,PROD0182,2025-11-19,5,430.39
OL003474,ORD01738,CUST0595,PROD0108,2025-11-19,4,340.33
OL003475,ORD01739,CUST0763,PROD0089,2024-08-02,6,284.11
OL003476,ORD01739,CUST0763,PROD0113,2024-08-02,4,278.17
OL003477,ORD01739,CUST0763,PROD0147,2024-08-02,5,591.38
OL003478,ORD01740,CUST0963,PROD0161,2025-07-03,6,759.04
OL003479,ORD01741,CUST0686,PROD0007,2026-07-18,2,396.66
OL003480,ORD01741,CUST0686,PROD0146,2026-07-18,2,187.33
OL003481,ORD01742,CUST0646,PROD0085,2026-08-26,1,448.20
OL003482,ORD01743,CUST0943,PROD0008,2025-08-15,6,10.26
OL003483,ORD01743,CUST0943,PROD0117,2025-08-15,3,486.27
OL003484,ORD01744,CUST0839,PROD0091,2026-03-28,2,486.42
OL003485,ORD01744,CUST0839,PROD0071,2026-03-28,4,255.99
OL003486,ORD01745,CUST0333,PROD0179,2025-04-14,6,607.83
OL003487,ORD01746,CUST0788,PROD0054,2025-12-28,5,783.51
OL003488,ORD01746,CUST0788,PROD0198,2025-12-28,5,663.59
OL003489,ORD01747,CUST0330,PROD0103,2026-01-28,3,373.67
OL003490,ORD01747,CUST0330,PROD0200,2026-01-28,2,67.96
OL003491,ORD01747,CUST0330,PROD0128,2026-01-28,1,191.52
OL003492,ORD01748,CUST0361,PROD0138,2025-09-23,6,617.88
OL003493,ORD01748,CUST0361,PROD0059,2025-09-23,3,446.49
OL003494,ORD01749,CUST0104,PROD0185,2026-07-25,1,605.59
OL003495,ORD01749,CUST0104,PROD0164,2026-07-25,4,367.94
OL003496,ORD01750,CUST0637,PROD0164,2025-07-23,2,367.94
OL003497,ORD01750,CUST0637,PROD0194,2025-07-23,4,352.49
OL003498,ORD01751,CUST0272,PROD0182,2026-05-26,4,430.39
OL003499,ORD01752,CUST0346,PROD0113,2026-04-05,3,278.17
OL003500,ORD01752,CUST0346,PROD0194,2026-04-05,2,352.49
OL003501,ORD01753,CUST0331,PROD0029,2024-06-30,2,689.01
OL003502,ORD01754,CUST0318,PROD0180,2026-02-22,6,113.35
OL003503,ORD01754,CUST0318,PROD0144,2026-02-22,3,745.60
OL003504,ORD01754,CUST0318,PROD0194,2026-02-22,5,352.49
OL003505,ORD01755,CUST0183,PROD0159,2025-06-07,6,441.08
OL003506,ORD01755,CUST0183,PROD0020,2025-06-07,2,411.34
OL003507,ORD01755,CUST0183,PROD0024,2025-06-07,1,422.95
OL003508,ORD01756,CUST0613,PROD0170,2026-07-25,4,727.58
OL003509,ORD01756,CUST0613,PROD0068,2026-07-25,2,715.14
OL003510,ORD01756,CUST0613,PROD0184,2026-07-25,3,396.08
OL003511,ORD01757,CUST0363,PROD0035,2026-04-27,4,11.68
OL003512,ORD01757,CUST0363,PROD0027,2026-04-27,6,30.88
OL003513,ORD01757,CUST0363,PROD0076,2026-04-27,5,83.67
OL003514,ORD01758,CUST0995,PROD0083,2026-01-17,2,211.51
OL003515,ORD01758,CUST0995,PROD0114,2026-01-17,1,254.21
OL003516,ORD01758,CUST0995,PROD0063,2026-01-17,5,592.13
OL003517,ORD01759,CUST0684,PROD0007,2024-10-07,4,396.66
OL003518,ORD01760,CUST0854,PROD0063,2025-09-07,2,592.13
OL003519,ORD01761,CUST0664,PROD0056,2026-04-11,2,652.27
OL003520,ORD01761,CUST0664,PROD0004,2026-04-11,3,100.29
OL003521,ORD01762,CUST0988,PROD0157,2024-11-23,4,697.35
OL003522,ORD01763,CUST0425,PROD0142,2026-06-29,5,496.38
OL003523,ORD01763,CUST0425,PROD0050,2026-06-29,4,295.23
OL003524,ORD01764,CUST0869,PROD0149,2026-05-06,4,105.49
OL003525,ORD01765,CUST0590,PROD0192,2025-10-30,3,154.90
OL003526,ORD01765,CUST0590,PROD0181,2025-10-30,3,232.97
OL003527,ORD01765,CUST0590,PROD0068,2025-10-30,4,715.14
OL003528,ORD01766,CUST0374,PROD0061,2026-08-11,3,160.86
OL003529,ORD01766,CUST0374,PROD0139,2026-08-11,3,421.56
OL003530,ORD01767,CUST0982,PROD0035,2026-08-23,3,11.68
OL003531,ORD01768,CUST0253,PROD0149,2026-01-29,2,105.49
OL003532,ORD01768,CUST0253,PROD0025,2026-01-29,5,341.41
OL003533,ORD01768,CUST0253,PROD0182,2026-01-29,4,430.39
OL003534,ORD01769,CUST0322,PROD0155,2024-09-30,2,692.06
OL003535,ORD01769,CUST0322,PROD0185,2024-09-30,3,605.59
OL003536,ORD01769,CUST0322,PROD0184,2024-09-30,6,396.08
OL003537,ORD01770,CUST1000,PROD0058,2025-07-21,4,644.24
OL003538,ORD01770,CUST1000,PROD0069,2025-07-21,5,506.36
OL003539,ORD01770,CUST1000,PROD0014,2025-07-21,4,719.00
OL003540,ORD01771,CUST0449,PROD0152,2025-05-24,4,32.94
OL003541,ORD01771,CUST0449,PROD0017,2025-05-24,2,223.40
OL003542,ORD01771,CUST0449,PROD0006,2025-05-24,5,764.83
OL003543,ORD01772,CUST0573,PROD0015,2025-10-27,3,705.37
OL003544,ORD01772,CUST0573,PROD0123,2025-10-27,6,419.13
OL003545,ORD01773,CUST0066,PROD0017,2026-03-29,6,223.40
OL003546,ORD01774,CUST0584,PROD0187,2024-09-15,1,613.86
OL003547,ORD01774,CUST0584,PROD0183,2024-09-15,5,551.77
OL003548,ORD01775,CUST0442,PROD0102,2025-05-16,2,492.85
OL003549,ORD01775,CUST0442,PROD0170,2025-05-16,4,727.58
OL003550,ORD01776,CUST0552,PROD0173,2025-12-14,3,76.19
OL003551,ORD01776,CUST0552,PROD0085,2025-12-14,2,448.20
OL003552,ORD01777,CUST0818,PROD0105,2026-03-16,2,695.25
OL003553,ORD01777,CUST0818,PROD0197,2026-03-16,5,518.55
OL003554,ORD01777,CUST0818,PROD0175,2026-03-16,5,332.69
OL003555,ORD01778,CUST0884,PROD0157,2025-04-14,1,697.35
OL003556,ORD01778,CUST0884,PROD0183,2025-04-14,3,551.77
OL003557,ORD01779,CUST0123,PROD0019,2026-03-04,5,612.58
OL003558,ORD01779,CUST0123,PROD0017,2026-03-04,5,223.40
OL003559,ORD01779,CUST0123,PROD0106,2026-03-04,6,514.25
OL003560,ORD01780,CUST0751,PROD0064,2024-09-20,5,381.01
OL003561,ORD01781,CUST0856,PROD0008,2024-07-04,6,10.26
OL003562,ORD01782,CUST0747,PROD0085,2024-05-02,1,448.20
OL003563,ORD01782,CUST0747,PROD0025,2024-05-02,4,341.41
OL003564,ORD01783,CUST0718,PROD0100,2026-07-18,4,360.30
OL003565,ORD01783,CUST0718,PROD0098,2026-07-18,6,410.79
OL003566,ORD01783,CUST0718,PROD0122,2026-07-18,2,599.57
OL003567,ORD01784,CUST0188,PROD0080,2024-04-08,3,671.97
OL003568,ORD01784,CUST0188,PROD0046,2024-04-08,6,151.20
OL003569,ORD01785,CUST0901,PROD0128,2026-03-15,1,191.52
OL003570,ORD01785,CUST0901,PROD0048,2026-03-15,3,338.17
OL003571,ORD01786,CUST0206,PROD0090,2025-10-12,6,545.26
OL003572,ORD01786,CUST0206,PROD0163,2025-10-12,1,474.70
OL003573,ORD01787,CUST0463,PROD0025,2026-02-08,5,341.41
OL003574,ORD01787,CUST0463,PROD0066,2026-02-08,1,340.10
OL003575,ORD01788,CUST0063,PROD0016,2025-07-24,6,461.73
OL003576,ORD01788,CUST0063,PROD0096,2025-07-24,1,231.25
OL003577,ORD01788,CUST0063,PROD0044,2025-07-24,1,767.02
OL003578,ORD01789,CUST0013,PROD0084,2024-01-05,4,291.43
OL003579,ORD01789,CUST0013,PROD0079,2024-01-05,1,207.15
OL003580,ORD01789,CUST0013,PROD0146,2024-01-05,5,187.33
OL003581,ORD01790,CUST0880,PROD0045,2024-03-12,2,277.75
OL003582,ORD01790,CUST0880,PROD0163,2024-03-12,5,474.70
OL003583,ORD01791,CUST0187,PROD0056,2026-05-10,3,652.27
OL003584,ORD01791,CUST0187,PROD0025,2026-05-10,6,341.41
OL003585,ORD01792,CUST0615,PROD0147,2026-03-23,2,591.38
OL003586,ORD01793,CUST0724,PROD0130,2025-04-05,2,596.37
OL003587,ORD01793,CUST0724,PROD0114,2025-04-05,1,254.21
OL003588,ORD01794,CUST0040,PROD0138,2026-08-15,1,617.88
OL003589,ORD01794,CUST0040,PROD0080,2026-08-15,3,671.97
OL003590,ORD01794,CUST0040,PROD0028,2026-08-15,3,281.08
OL003591,ORD01795,CUST0185,PROD0043,2026-07-13,1,219.17
OL003592,ORD01795,CUST0185,PROD0128,2026-07-13,2,191.52
OL003593,ORD01795,CUST0185,PROD0155,2026-07-13,2,692.06
OL003594,ORD01796,CUST0943,PROD0117,2025-05-30,6,486.27
OL003595,ORD01796,CUST0943,PROD0141,2025-05-30,4,87.61
OL003596,ORD01796,CUST0943,PROD0115,2025-05-30,1,524.14
OL003597,ORD01797,CUST0568,PROD0087,2025-01-17,2,278.58
OL003598,ORD01797,CUST0568,PROD0094,2025-01-17,2,433.05
OL003599,ORD01797,CUST0568,PROD0062,2025-01-17,4,641.02
OL003600,ORD01798,CUST0814,PROD0011,2026-03-25,3,679.16
OL003601,ORD01799,CUST0939,PROD0123,2026-08-01,6,419.13
OL003602,ORD01800,CUST0773,PROD0152,2026-05-09,1,32.94
OL003603,ORD01800,CUST0773,PROD0134,2026-05-09,1,80.96
OL003604,ORD01800,CUST0773,PROD0170,2026-05-09,6,727.58
OL003605,ORD01801,CUST0934,PROD0145,2026-05-11,5,314.92
OL003606,ORD01801,CUST0934,PROD0180,2026-05-11,5,113.35
OL003607,ORD01802,CUST0404,PROD0140,2026-02-14,6,796.82
OL003608,ORD01802,CUST0404,PROD0052,2026-02-14,3,363.32
OL003609,ORD01802,CUST0404,PROD0083,2026-02-14,2,211.51
OL003610,ORD01803,CUST0782,PROD0075,2025-12-15,6,42.92
OL003611,ORD01803,CUST0782,PROD0110,2025-12-15,4,326.78
OL003612,ORD01804,CUST0387,PROD0126,2025-01-18,1,684.09
OL003613,ORD01804,CUST0387,PROD0126,2025-01-18,1,684.09
OL003614,ORD01805,CUST0575,PROD0157,2025-05-10,4,697.35
OL003615,ORD01805,CUST0575,PROD0079,2025-05-10,4,207.15
OL003616,ORD01806,CUST0790,PROD0136,2025-11-21,1,381.17
OL003617,ORD01806,CUST0790,PROD0049,2025-11-21,1,602.99
OL003618,ORD01807,CUST0914,PROD0192,2025-12-17,5,154.90
OL003619,ORD01807,CUST0914,PROD0139,2025-12-17,2,421.56
OL003620,ORD01808,CUST0322,PROD0013,2026-07-11,5,255.75
OL003621,ORD01808,CUST0322,PROD0008,2026-07-11,1,10.26
OL003622,ORD01808,CUST0322,PROD0078,2026-07-11,4,176.29
OL003623,ORD01809,CUST0361,PROD0014,2025-07-04,6,719.00
OL003624,ORD01810,CUST0757,PROD0135,2025-06-04,2,749.74
OL003625,ORD01810,CUST0757,PROD0131,2025-06-04,3,601.03
OL003626,ORD01811,CUST0716,PROD0055,2024-02-15,1,550.37
OL003627,ORD01811,CUST0716,PROD0118,2024-02-15,2,319.38
OL003628,ORD01811,CUST0716,PROD0057,2024-02-15,6,578.04
OL003629,ORD01812,CUST0075,PROD0053,2026-01-01,4,459.26
OL003630,ORD01812,CUST0075,PROD0053,2026-01-01,5,459.26
OL003631,ORD01813,CUST0628,PROD0012,2024-01-16,4,300.09
OL003632,ORD01813,CUST0628,PROD0053,2024-01-16,6,459.26
OL003633,ORD01813,CUST0628,PROD0030,2024-01-16,3,621.83
OL003634,ORD01814,CUST0927,PROD0169,2024-09-03,3,429.35
OL003635,ORD01815,CUST0400,PROD0059,2026-04-26,3,446.49
OL003636,ORD01816,CUST0046,PROD0037,2024-09-10,5,306.64
OL003637,ORD01816,CUST0046,PROD0064,2024-09-10,5,381.01
OL003638,ORD01817,CUST0265,PROD0175,2026-05-08,5,332.69
OL003639,ORD01817,CUST0265,PROD0182,2026-05-08,6,430.39
OL003640,ORD01817,CUST0265,PROD0080,2026-05-08,2,671.97
OL003641,ORD01818,CUST0755,PROD0105,2025-01-25,6,695.25
OL003642,ORD01818,CUST0755,PROD0003,2025-01-25,4,624.25
OL003643,ORD01818,CUST0755,PROD0106,2025-01-25,4,514.25
OL003644,ORD01819,CUST0863,PROD0200,2025-05-11,4,67.96
OL003645,ORD01819,CUST0863,PROD0065,2025-05-11,5,12.74
OL003646,ORD01820,CUST0642,PROD0011,2025-12-12,6,679.16
OL003647,ORD01821,CUST0132,PROD0177,2026-01-30,2,13.38
OL003648,ORD01821,CUST0132,PROD0019,2026-01-30,6,612.58
OL003649,ORD01822,CUST0119,PROD0126,2025-01-24,1,684.09
OL003650,ORD01823,CUST0550,PROD0043,2025-10-15,6,219.17
OL003651,ORD01824,CUST0979,PROD0184,2026-05-16,6,396.08
OL003652,ORD01824,CUST0979,PROD0102,2026-05-16,3,492.85
OL003653,ORD01825,CUST0294,PROD0146,2026-01-06,3,187.33
OL003654,ORD01825,CUST0294,PROD0028,2026-01-06,1,281.08
OL003655,ORD01825,CUST0294,PROD0102,2026-01-06,2,492.85
OL003656,ORD01826,CUST0569,PROD0052,2025-11-22,2,363.32
OL003657,ORD01827,CUST0037,PROD0123,2026-06-04,1,419.13
OL003658,ORD01827,CUST0037,PROD0029,2026-06-04,2,689.01
OL003659,ORD01827,CUST0037,PROD0010,2026-06-04,4,766.59
OL003660,ORD01828,CUST0086,PROD0062,2025-06-12,4,641.02
OL003661,ORD01829,CUST0380,PROD0190,2025-07-10,2,638.42
OL003662,ORD01829,CUST0380,PROD0114,2025-07-10,5,254.21
OL003663,ORD01829,CUST0380,PROD0197,2025-07-10,1,518.55
OL003664,ORD01830,CUST0957,PROD0197,2025-05-30,2,518.55
OL003665,ORD01830,CUST0957,PROD0197,2025-05-30,2,518.55
OL003666,ORD01830,CUST0957,PROD0186,2025-05-30,3,243.18
OL003667,ORD01831,CUST0583,PROD0040,2025-05-14,3,690.15
OL003668,ORD01832,CUST0944,PROD0090,2024-06-28,4,545.26
OL003669,ORD01832,CUST0944,PROD0052,2024-06-28,6,363.32
OL003670,ORD01833,CUST0401,PROD0040,2025-01-24,3,690.15
OL003671,ORD01834,CUST0066,PROD0048,2026-01-22,6,338.17
OL003672,ORD01834,CUST0066,PROD0050,2026-01-22,3,295.23
OL003673,ORD01834,CUST0066,PROD0169,2026-01-22,6,429.35
OL003674,ORD01835,CUST0026,PROD0018,2026-06-07,2,150.37
OL003675,ORD01835,CUST0026,PROD0155,2026-06-07,5,692.06
OL003676,ORD01836,CUST0571,PROD0037,2024-06-13,5,306.64
OL003677,ORD01836,CUST0571,PROD0082,2024-06-13,1,596.94
OL003678,ORD01837,CUST0702,PROD0105,2025-05-30,5,695.25
OL003679,ORD01838,CUST0018,PROD0185,2025-09-25,2,605.59
OL003680,ORD01838,CUST0018,PROD0186,2025-09-25,3,243.18
OL003681,ORD01838,CUST0018,PROD0095,2025-09-25,1,783.59
OL003682,ORD01839,CUST0924,PROD0176,2024-04-16,2,128.79
OL003683,ORD01840,CUST0391,PROD0145,2025-03-20,1,314.92
OL003684,ORD01841,CUST0788,PROD0031,2026-07-24,2,368.46
OL003685,ORD01841,CUST0788,PROD0196,2026-07-24,6,573.37
OL003686,ORD01842,CUST0578,PROD0019,2026-05-10,1,612.58
OL003687,ORD01843,CUST0844,PROD0122,2026-07-21,5,599.57
OL003688,ORD01843,CUST0844,PROD0166,2026-07-21,4,702.44
OL003689,ORD01843,CUST0844,PROD0073,2026-07-21,6,204.51
OL003690,ORD01844,CUST0397,PROD0192,2025-04-05,2,154.90
OL003691,ORD01844,CUST0397,PROD0175,2025-04-05,4,332.69
OL003692,ORD01844,CUST0397,PROD0157,2025-04-05,3,697.35
OL003693,ORD01845,CUST0652,PROD0123,2025-04-10,2,419.13
OL003694,ORD01845,CUST0652,PROD0117,2025-04-10,5,486.27
OL003695,ORD01846,CUST0230,PROD0074,2024-12-14,6,687.50
OL003696,ORD01846,CUST0230,PROD0188,2024-12-14,2,639.37
OL003697,ORD01847,CUST0264,PROD0095,2025-07-27,6,783.59
OL003698,ORD01847,CUST0264,PROD0006,2025-07-27,4,764.83
OL003699,ORD01848,CUST0148,PROD0118,2024-07-03,4,319.38
OL003700,ORD01848,CUST0148,PROD0182,2024-07-03,5,430.39
OL003701,ORD01849,CUST0412,PROD0161,2024-05-08,3,759.04
OL003702,ORD01850,CUST0965,PROD0108,2025-02-19,4,340.33
OL003703,ORD01851,CUST0752,PROD0114,2026-03-08,4,254.21
OL003704,ORD01851,CUST0752,PROD0119,2026-03-08,3,710.70
OL003705,ORD01852,CUST0334,PROD0103,2025-11-12,2,373.67
OL003706,ORD01852,CUST0334,PROD0186,2025-11-12,5,243.18
OL003707,ORD01853,CUST0252,PROD0183,2025-10-02,2,551.77
OL003708,ORD01854,CUST0200,PROD0187,2026-08-28,6,613.86
OL003709,ORD01854,CUST0200,PROD0159,2026-08-28,3,441.08
OL003710,ORD01854,CUST0200,PROD0119,2026-08-28,5,710.70
OL003711,ORD01855,CUST0384,PROD0079,2025-10-21,2,207.15
OL003712,ORD01855,CUST0384,PROD0101,2025-10-21,2,67.32
OL003713,ORD01856,CUST0112,PROD0167,2025-07-09,4,350.80
OL003714,ORD01856,CUST0112,PROD0077,2025-07-09,5,134.85
OL003715,ORD01857,CUST0053,PROD0056,2024-12-06,3,652.27
OL003716,ORD01857,CUST0053,PROD0142,2024-12-06,2,496.38
OL003717,ORD01858,CUST0394,PROD0111,2026-08-02,2,726.11
OL003718,ORD01858,CUST0394,PROD0114,2026-08-02,1,254.21
OL003719,ORD01858,CUST0394,PROD0178,2026-08-02,2,421.03
OL003720,ORD01859,CUST0582,PROD0045,2025-11-14,3,277.75
OL003721,ORD01859,CUST0582,PROD0191,2025-11-14,6,440.82
OL003722,ORD01860,CUST0788,PROD0165,2025-12-25,4,600.37
OL003723,ORD01860,CUST0788,PROD0148,2025-12-25,2,357.30
OL003724,ORD01860,CUST0788,PROD0039,2025-12-25,4,292.46
OL003725,ORD01861,CUST0480,PROD0190,2026-01-17,2,638.42
OL003726,ORD01861,CUST0480,PROD0196,2026-01-17,4,573.37
OL003727,ORD01862,CUST0626,PROD0196,2026-08-13,5,573.37
OL003728,ORD01862,CUST0626,PROD0136,2026-08-13,6,381.17
OL003729,ORD01863,CUST0897,PROD0174,2024-10-29,1,249.75
OL003730,ORD01863,CUST0897,PROD0017,2024-10-29,1,223.40
OL003731,ORD01863,CUST0897,PROD0006,2024-10-29,1,764.83
OL003732,ORD01864,CUST0340,PROD0024,2026-05-23,3,422.95
OL003733,ORD01865,CUST0208,PROD0039,2026-01-31,2,292.46
OL003734,ORD01865,CUST0208,PROD0079,2026-01-31,1,207.15
OL003735,ORD01866,CUST0639,PROD0150,2025-01-20,4,423.75
OL003736,ORD01866,CUST0639,PROD0122,2025-01-20,3,599.57
OL003737,ORD01867,CUST0180,PROD0078,2026-02-13,1,176.29
OL003738,ORD01867,CUST0180,PROD0144,2026-02-13,2,745.60
OL003739,ORD01867,CUST0180,PROD0039,2026-02-13,2,292.46
OL003740,ORD01868,CUST0122,PROD0159,2025-06-29,4,441.08
OL003741,ORD01868,CUST0122,PROD0041,2025-06-29,5,153.78
OL003742,ORD01869,CUST0644,PROD0180,2025-04-25,3,113.35
OL003743,ORD01869,CUST0644,PROD0177,2025-04-25,2,13.38
OL003744,ORD01869,CUST0644,PROD0030,2025-04-25,6,621.83
OL003745,ORD01870,CUST0932,PROD0025,2025-03-31,1,341.41
OL003746,ORD01871,CUST0902,PROD0122,2025-01-25,4,599.57
OL003747,ORD01872,CUST0175,PROD0151,2025-10-18,6,140.62
OL003748,ORD01872,CUST0175,PROD0093,2025-10-18,4,521.63
OL003749,ORD01873,CUST0586,PROD0115,2026-01-09,1,524.14
OL003750,ORD01873,CUST0586,PROD0126,2026-01-09,6,684.09
OL003751,ORD01873,CUST0586,PROD0146,2026-01-09,3,187.33
OL003752,ORD01874,CUST0088,PROD0095,2026-08-23,1,783.59
OL003753,ORD01874,CUST0088,PROD0046,2026-08-23,2,151.20
OL003754,ORD01875,CUST0308,PROD0101,2025-12-09,2,67.32
OL003755,ORD01875,CUST0308,PROD0029,2025-12-09,6,689.01
OL003756,ORD01875,CUST0308,PROD0051,2025-12-09,6,323.46
OL003757,ORD01876,CUST0300,PROD0022,2025-12-29,3,601.37
OL003758,ORD01876,CUST0300,PROD0155,2025-12-29,4,692.06
OL003759,ORD01877,CUST0637,PROD0152,2026-08-30,4,32.94
OL003760,ORD01878,CUST0374,PROD0065,2026-07-29,2,12.74
OL003761,ORD01879,CUST0287,PROD0126,2025-04-13,3,684.09
OL003762,ORD01879,CUST0287,PROD0043,2025-04-13,1,219.17
OL003763,ORD01879,CUST0287,PROD0167,2025-04-13,2,350.80
OL003764,ORD01880,CUST0314,PROD0115,2025-09-14,4,524.14
OL003765,ORD01880,CUST0314,PROD0087,2025-09-14,1,278.58
OL003766,ORD01880,CUST0314,PROD0070,2025-09-14,6,429.51
OL003767,ORD01881,CUST0470,PROD0021,2026-03-23,3,321.30
OL003768,ORD01881,CUST0470,PROD0142,2026-03-23,1,496.38
OL003769,ORD01881,CUST0470,PROD0034,2026-03-23,5,255.93
OL003770,ORD01882,CUST0753,PROD0005,2025-08-10,3,67.39
OL003771,ORD01883,CUST0205,PROD0098,2026-03-04,4,410.79
OL003772,ORD01883,CUST0205,PROD0010,2026-03-04,6,766.59
OL003773,ORD01884,CUST0277,PROD0086,2026-04-22,3,648.95
OL003774,ORD01884,CUST0277,PROD0132,2026-04-22,4,172.39
OL003775,ORD01884,CUST0277,PROD0105,2026-04-22,6,695.25
OL003776,ORD01885,CUST0136,PROD0185,2025-09-19,3,605.59
OL003777,ORD01885,CUST0136,PROD0142,2025-09-19,2,496.38
OL003778,ORD01886,CUST0289,PROD0022,2025-11-02,4,601.37
OL003779,ORD01886,CUST0289,PROD0172,2025-11-02,1,185.56
OL003780,ORD01887,CUST0936,PROD0131,2024-11-22,1,601.03
OL003781,ORD01887,CUST0936,PROD0006,2024-11-22,2,764.83
OL003782,ORD01887,CUST0936,PROD0196,2024-11-22,1,573.37
OL003783,ORD01888,CUST0077,PROD0096,2025-08-20,1,231.25
OL003784,ORD01889,CUST0586,PROD0200,2026-02-06,1,67.96
OL003785,ORD01890,CUST0010,PROD0189,2025-02-17,3,479.61
OL003786,ORD01891,CUST0073,PROD0150,2024-06-08,6,423.75
OL003787,ORD01891,CUST0073,PROD0118,2024-06-08,6,319.38
OL003788,ORD01891,CUST0073,PROD0085,2024-06-08,6,448.20
OL003789,ORD01892,CUST0628,PROD0015,2024-05-04,6,705.37
OL003790,ORD01893,CUST0205,PROD0021,2026-07-23,2,321.30
OL003791,ORD01894,CUST0736,PROD0001,2025-11-02,4,669.88
OL003792,ORD01895,CUST0239,PROD0013,2026-03-01,6,255.75
OL003793,ORD01895,CUST0239,PROD0021,2026-03-01,4,321.30
OL003794,ORD01895,CUST0239,PROD0083,2026-03-01,6,211.51
OL003795,ORD01896,CUST0198,PROD0051,2025-05-02,6,323.46
OL003796,ORD01896,CUST0198,PROD0127,2025-05-02,5,104.40
OL003797,ORD01896,CUST0198,PROD0181,2025-05-02,2,232.97
OL003798,ORD01897,CUST0295,PROD0174,2026-01-19,5,249.75
OL003799,ORD01897,CUST0295,PROD0016,2026-01-19,4,461.73
OL003800,ORD01898,CUST0520,PROD0021,2025-06-26,2,321.30
OL003801,ORD01899,CUST0270,PROD0139,2025-08-13,5,421.56
OL003802,ORD01900,CUST0717,PROD0180,2024-05-06,1,113.35
OL003803,ORD01901,CUST0192,PROD0083,2026-07-20,2,211.51
OL003804,ORD01902,CUST0405,PROD0152,2025-10-12,3,32.94
OL003805,ORD01903,CUST0423,PROD0164,2025-09-25,3,367.94
OL003806,ORD01903,CUST0423,PROD0056,2025-09-25,4,652.27
OL003807,ORD01903,CUST0423,PROD0065,2025-09-25,3,12.74
OL003808,ORD01904,CUST0247,PROD0002,2025-06-27,6,288.03
OL003809,ORD01904,CUST0247,PROD0175,2025-06-27,3,332.69
OL003810,ORD01904,CUST0247,PROD0073,2025-06-27,2,204.51
OL003811,ORD01905,CUST0064,PROD0127,2024-03-05,3,104.40
OL003812,ORD01906,CUST0062,PROD0194,2025-09-26,4,352.49
OL003813,ORD01906,CUST0062,PROD0021,2025-09-26,6,321.30
OL003814,ORD01906,CUST0062,PROD0196,2025-09-26,6,573.37
OL003815,ORD01907,CUST0013,PROD0173,2026-02-01,1,76.19
OL003816,ORD01907,CUST0013,PROD0082,2026-02-01,5,596.94
OL003817,ORD01908,CUST0715,PROD0156,2025-11-28,6,376.41
OL003818,ORD01908,CUST0715,PROD0017,2025-11-28,5,223.40
OL003819,ORD01909,CUST0745,PROD0116,2025-11-23,3,569.78
OL003820,ORD01909,CUST0745,PROD0191,2025-11-23,4,440.82
OL003821,ORD01910,CUST0512,PROD0196,2025-10-12,4,573.37
OL003822,ORD01910,CUST0512,PROD0081,2025-10-12,5,81.55
OL003823,ORD01911,CUST0195,PROD0151,2024-08-21,2,140.62
OL003824,ORD01911,CUST0195,PROD0011,2024-08-21,6,679.16
OL003825,ORD01911,CUST0195,PROD0091,2024-08-21,4,486.42
OL003826,ORD01912,CUST0902,PROD0084,2025-04-17,4,291.43
OL003827,ORD01912,CUST0902,PROD0119,2025-04-17,4,710.70
OL003828,ORD01913,CUST0157,PROD0189,2025-01-28,4,479.61
OL003829,ORD01913,CUST0157,PROD0108,2025-01-28,1,340.33
OL003830,ORD01914,CUST0808,PROD0098,2025-04-27,6,410.79
OL003831,ORD01915,CUST0410,PROD0004,2025-01-09,4,100.29
OL003832,ORD01916,CUST0928,PROD0039,2025-10-03,5,292.46
OL003833,ORD01916,CUST0928,PROD0048,2025-10-03,2,338.17
OL003834,ORD01916,CUST0928,PROD0025,2025-10-03,1,341.41
OL003835,ORD01917,CUST0484,PROD0070,2024-06-02,3,429.51
OL003836,ORD01917,CUST0484,PROD0051,2024-06-02,1,323.46
OL003837,ORD01918,CUST0402,PROD0078,2025-03-29,5,176.29
OL003838,ORD01918,CUST0402,PROD0072,2025-03-29,2,391.85
OL003839,ORD01919,CUST0499,PROD0186,2025-09-13,4,243.18
OL003840,ORD01920,CUST0446,PROD0041,2026-08-28,4,153.78
OL003841,ORD01920,CUST0446,PROD0171,2026-08-28,1,387.90
OL003842,ORD01921,CUST0985,PROD0018,2025-05-18,3,150.37
OL003843,ORD01921,CUST0985,PROD0181,2025-05-18,4,232.97
OL003844,ORD01922,CUST0297,PROD0061,2026-01-06,5,160.86
OL003845,ORD01922,CUST0297,PROD0127,2026-01-06,2,104.40
OL003846,ORD01922,CUST0297,PROD0107,2026-01-06,4,743.20
OL003847,ORD01923,CUST0980,PROD0162,2024-11-11,2,433.72
OL003848,ORD01924,CUST0646,PROD0176,2024-11-14,5,128.79
OL003849,ORD01924,CUST0646,PROD0110,2024-11-14,5,326.78
OL003850,ORD01925,CUST0614,PROD0136,2024-05-12,3,381.17
OL003851,ORD01926,CUST0743,PROD0177,2025-01-17,2,13.38
OL003852,ORD01926,CUST0743,PROD0095,2025-01-17,5,783.59
OL003853,ORD01927,CUST0065,PROD0115,2024-01-19,3,524.14
OL003854,ORD01927,CUST0065,PROD0107,2024-01-19,2,743.20
OL003855,ORD01928,CUST0968,PROD0177,2024-11-30,2,13.38
OL003856,ORD01929,CUST0650,PROD0072,2026-02-12,5,391.85
OL003857,ORD01929,CUST0650,PROD0088,2026-02-12,5,332.34
OL003858,ORD01930,CUST0716,PROD0033,2024-07-18,3,416.96
OL003859,ORD01930,CUST0716,PROD0162,2024-07-18,5,433.72
OL003860,ORD01931,CUST0726,PROD0157,2026-03-12,2,697.35
OL003861,ORD01932,CUST0501,PROD0121,2025-07-30,1,751.31
OL003862,ORD01933,CUST0524,PROD0099,2024-07-16,2,620.91
OL003863,ORD01933,CUST0524,PROD0160,2024-07-16,3,112.41
OL003864,ORD01934,CUST0542,PROD0119,2025-05-17,5,710.70
OL003865,ORD01935,CUST0273,PROD0116,2024-03-09,4,569.78
OL003866,ORD01935,CUST0273,PROD0200,2024-03-09,2,67.96
OL003867,ORD01935,CUST0273,PROD0198,2024-03-09,3,663.59
OL003868,ORD01936,CUST0147,PROD0200,2025-01-07,1,67.96
OL003869,ORD01936,CUST0147,PROD0122,2025-01-07,2,599.57
OL003870,ORD01936,CUST0147,PROD0058,2025-01-07,6,644.24
OL003871,ORD01937,CUST0336,PROD0159,2026-06-15,4,441.08
OL003872,ORD01938,CUST0150,PROD0070,2026-03-13,3,429.51
OL003873,ORD01938,CUST0150,PROD0125,2026-03-13,3,138.01
OL003874,ORD01938,CUST0150,PROD0155,2026-03-13,5,692.06
OL003875,ORD01939,CUST0844,PROD0166,2026-04-10,2,702.44
OL003876,ORD01940,CUST0620,PROD0076,2024-06-03,6,83.67
OL003877,ORD01940,CUST0620,PROD0016,2024-06-03,6,461.73
OL003878,ORD01940,CUST0620,PROD0050,2024-06-03,5,295.23
OL003879,ORD01941,CUST0290,PROD0097,2025-02-22,4,263.44
OL003880,ORD01941,CUST0290,PROD0180,2025-02-22,1,113.35
OL003881,ORD01941,CUST0290,PROD0077,2025-02-22,3,134.85
OL003882,ORD01942,CUST0148,PROD0007,2025-03-20,1,396.66
OL003883,ORD01943,CUST0660,PROD0108,2026-02-19,1,340.33
OL003884,ORD01943,CUST0660,PROD0095,2026-02-19,4,783.59
OL003885,ORD01943,CUST0660,PROD0199,2026-02-19,2,180.36
OL003886,ORD01944,CUST0641,PROD0143,2025-01-26,2,72.02
OL003887,ORD01944,CUST0641,PROD0153,2025-01-26,4,288.68
OL003888,ORD01945,CUST0111,PROD0071,2026-08-17,4,255.99
OL003889,ORD01945,CUST0111,PROD0071,2026-08-17,2,255.99
OL003890,ORD01946,CUST0622,PROD0073,2026-04-24,2,204.51
OL003891,ORD01946,CUST0622,PROD0151,2026-04-24,2,140.62
OL003892,ORD01946,CUST0622,PROD0083,2026-04-24,1,211.51
OL003893,ORD01947,CUST0054,PROD0084,2026-06-07,5,291.43
OL003894,ORD01948,CUST0378,PROD0081,2025-01-07,6,81.55
OL003895,ORD01948,CUST0378,PROD0097,2025-01-07,5,263.44
OL003896,ORD01949,CUST0644,PROD0166,2025-03-20,3,702.44
OL003897,ORD01950,CUST0183,PROD0157,2025-03-26,1,697.35
OL003898,ORD01950,CUST0183,PROD0165,2025-03-26,3,600.37
OL003899,ORD01951,CUST0580,PROD0146,2026-02-13,1,187.33
OL003900,ORD01951,CUST0580,PROD0131,2026-02-13,1,601.03
OL003901,ORD01952,CUST0735,PROD0034,2025-12-31,4,255.93
OL003902,ORD01952,CUST0735,PROD0017,2025-12-31,1,223.40
OL003903,ORD01952,CUST0735,PROD0036,2025-12-31,2,540.90
OL003904,ORD01953,CUST0536,PROD0183,2024-06-16,2,551.77
OL003905,ORD01954,CUST0773,PROD0092,2025-01-03,3,463.59
OL003906,ORD01955,CUST0423,PROD0193,2025-04-11,1,706.31
OL003907,ORD01956,CUST0411,PROD0016,2025-07-12,5,461.73
OL003908,ORD01956,CUST0411,PROD0107,2025-07-12,6,743.20
OL003909,ORD01957,CUST0712,PROD0141,2024-06-07,1,87.61
OL003910,ORD01957,CUST0712,PROD0054,2024-06-07,4,783.51
OL003911,ORD01958,CUST0119,PROD0059,2025-05-09,2,446.49
OL003912,ORD01959,CUST0661,PROD0143,2025-11-30,1,72.02
OL003913,ORD01960,CUST0659,PROD0179,2026-05-13,2,607.83
OL003914,ORD01961,CUST0044,PROD0057,2024-02-13,2,578.04
OL003915,ORD01961,CUST0044,PROD0040,2024-02-13,2,690.15
OL003916,ORD01962,CUST0328,PROD0100,2026-01-18,6,360.30
OL003917,ORD01962,CUST0328,PROD0172,2026-01-18,4,185.56
OL003918,ORD01962,CUST0328,PROD0005,2026-01-18,5,67.39
OL003919,ORD01963,CUST0505,PROD0172,2024-05-21,6,185.56
OL003920,ORD01963,CUST0505,PROD0179,2024-05-21,4,607.83
OL003921,ORD01964,CUST0070,PROD0052,2024-02-11,5,363.32
OL003922,ORD01964,CUST0070,PROD0010,2024-02-11,2,766.59
OL003923,ORD01964,CUST0070,PROD0059,2024-02-11,5,446.49
OL003924,ORD01965,CUST0008,PROD0180,2024-12-23,1,113.35
OL003925,ORD01965,CUST0008,PROD0149,2024-12-23,3,105.49
OL003926,ORD01966,CUST0921,PROD0102,2025-03-09,2,492.85
OL003927,ORD01966,CUST0921,PROD0039,2025-03-09,5,292.46
OL003928,ORD01966,CUST0921,PROD0002,2025-03-09,6,288.03
OL003929,ORD01967,CUST0638,PROD0069,2025-10-01,5,506.36
OL003930,ORD01967,CUST0638,PROD0096,2025-10-01,5,231.25
OL003931,ORD01967,CUST0638,PROD0100,2025-10-01,2,360.30
OL003932,ORD01968,CUST0773,PROD0066,2025-09-14,3,340.10
OL003933,ORD01969,CUST0335,PROD0067,2026-07-08,4,111.89
OL003934,ORD01970,CUST0667,PROD0116,2024-10-19,1,569.78
OL003935,ORD01971,CUST0618,PROD0172,2025-10-29,5,185.56
OL003936,ORD01971,CUST0618,PROD0198,2025-10-29,4,663.59
OL003937,ORD01972,CUST0190,PROD0011,2025-03-03,4,679.16
OL003938,ORD01973,CUST0761,PROD0053,2026-08-13,2,459.26
OL003939,ORD01974,CUST0754,PROD0077,2026-02-04,6,134.85
OL003940,ORD01974,CUST0754,PROD0173,2026-02-04,2,76.19
OL003941,ORD01974,CUST0754,PROD0152,2026-02-04,3,32.94
OL003942,ORD01975,CUST0475,PROD0166,2025-09-27,6,702.44
OL003943,ORD01975,CUST0475,PROD0059,2025-09-27,5,446.49
OL003944,ORD01976,CUST0223,PROD0080,2025-04-25,1,671.97
OL003945,ORD01976,CUST0223,PROD0056,2025-04-25,2,652.27
OL003946,ORD01977,CUST0212,PROD0185,2026-03-11,4,605.59
OL003947,ORD01977,CUST0212,PROD0185,2026-03-11,3,605.59
OL003948,ORD01978,CUST0401,PROD0193,2025-09-08,2,706.31
OL003949,ORD01978,CUST0401,PROD0126,2025-09-08,4,684.09
OL003950,ORD01979,CUST0612,PROD0171,2025-12-17,2,387.90
OL003951,ORD01979,CUST0612,PROD0020,2025-12-17,5,411.34
OL003952,ORD01979,CUST0612,PROD0028,2025-12-17,1,281.08
OL003953,ORD01980,CUST0635,PROD0003,2025-01-16,3,624.25
OL003954,ORD01981,CUST0311,PROD0098,2025-03-31,6,410.79
OL003955,ORD01982,CUST0985,PROD0025,2025-07-12,1,341.41
OL003956,ORD01982,CUST0985,PROD0095,2025-07-12,2,783.59
OL003957,ORD01982,CUST0985,PROD0166,2025-07-12,2,702.44
OL003958,ORD01983,CUST0760,PROD0096,2026-06-16,1,231.25
OL003959,ORD01983,CUST0760,PROD0072,2026-06-16,4,391.85
OL003960,ORD01984,CUST0023,PROD0198,2024-10-31,1,663.59
OL003961,ORD01984,CUST0023,PROD0031,2024-10-31,3,368.46
OL003962,ORD01984,CUST0023,PROD0037,2024-10-31,3,306.64
OL003963,ORD01985,CUST0953,PROD0053,2026-07-19,1,459.26
OL003964,ORD01985,CUST0953,PROD0163,2026-07-19,6,474.70
OL003965,ORD01986,CUST0812,PROD0122,2026-01-03,2,599.57
OL003966,ORD01986,CUST0812,PROD0004,2026-01-03,1,100.29
OL003967,ORD01986,CUST0812,PROD0023,2026-01-03,6,106.95
OL003968,ORD01987,CUST0467,PROD0178,2026-07-03,5,421.03
OL003969,ORD01988,CUST0277,PROD0180,2025-10-23,5,113.35
OL003970,ORD01988,CUST0277,PROD0123,2025-10-23,1,419.13
OL003971,ORD01989,CUST0709,PROD0056,2024-06-05,1,652.27
OL003972,ORD01989,CUST0709,PROD0102,2024-06-05,6,492.85
OL003973,ORD01989,CUST0709,PROD0097,2024-06-05,1,263.44
OL003974,ORD01990,CUST0510,PROD0120,2025-03-18,4,625.86
OL003975,ORD01991,CUST0997,PROD0148,2024-09-15,1,357.30
OL003976,ORD01992,CUST0065,PROD0072,2026-02-27,6,391.85
OL003977,ORD01992,CUST0065,PROD0073,2026-02-27,6,204.51
OL003978,ORD01992,CUST0065,PROD0123,2026-02-27,2,419.13
OL003979,ORD01993,CUST0025,PROD0070,2026-04-13,2,429.51
OL003980,ORD01993,CUST0025,PROD0061,2026-04-13,6,160.86
OL003981,ORD01994,CUST0830,PROD0167,2024-06-16,1,350.80
OL003982,ORD01994,CUST0830,PROD0145,2024-06-16,4,314.92
OL003983,ORD01995,CUST0975,PROD0126,2025-12-20,2,684.09
OL003984,ORD01995,CUST0975,PROD0184,2025-12-20,6,396.08
OL003985,ORD01995,CUST0975,PROD0013,2025-12-20,3,255.75
OL003986,ORD01996,CUST0091,PROD0095,2026-07-23,4,783.59
OL003987,ORD01996,CUST0091,PROD0121,2026-07-23,5,751.31
OL003988,ORD01997,CUST0383,PROD0096,2026-08-31,6,231.25
OL003989,ORD01998,CUST0554,PROD0083,2024-05-29,6,211.51
OL003990,ORD01998,CUST0554,PROD0164,2024-05-29,3,367.94
OL003991,ORD01998,CUST0554,PROD0105,2024-05-29,2,695.25
OL003992,ORD01999,CUST0412,PROD0120,2025-01-16,3,625.86
OL003993,ORD01999,CUST0412,PROD0197,2025-01-16,3,518.55
OL003994,ORD01999,CUST0412,PROD0038,2025-01-16,6,85.08
OL003995,ORD02000,CUST0692,PROD0105,2026-01-08,3,695.25
OL003996,ORD02000,CUST0692,PROD0111,2026-01-08,1,726.11
OL003997,ORD02001,CUST0260,PROD0086,2024-12-04,3,648.95
OL003998,ORD02001,CUST0260,PROD0166,2024-12-04,4,702.44
OL003999,ORD02001,CUST0260,PROD0116,2024-12-04,5,569.78
OL004000,ORD02002,CUST0169,PROD0088,2024-07-02,5,332.34
OL004001,ORD02002,CUST0169,PROD0161,2024-07-02,2,759.04
OL004002,ORD02002,CUST0169,PROD0154,2024-07-02,3,732.63
OL004003,ORD02003,CUST0648,PROD0191,2026-08-06,2,440.82
OL004004,ORD02003,CUST0648,PROD0147,2026-08-06,2,591.38
OL004005,ORD02003,CUST0648,PROD0053,2026-08-06,6,459.26
OL004006,ORD02004,CUST0084,PROD0029,2026-03-08,5,689.01
OL004007,ORD02004,CUST0084,PROD0140,2026-03-08,1,796.82
OL004008,ORD02005,CUST0107,PROD0066,2025-01-31,5,340.10
OL004009,ORD02005,CUST0107,PROD0171,2025-01-31,2,387.90
OL004010,ORD02005,CUST0107,PROD0190,2025-01-31,2,638.42
OL004011,ORD02006,CUST0727,PROD0086,2026-03-17,4,648.95
OL004012,ORD02006,CUST0727,PROD0030,2026-03-17,3,621.83
OL004013,ORD02006,CUST0727,PROD0188,2026-03-17,3,639.37
OL004014,ORD02007,CUST0960,PROD0134,2026-05-11,6,80.96
OL004015,ORD02007,CUST0960,PROD0101,2026-05-11,2,67.32
OL004016,ORD02007,CUST0960,PROD0148,2026-05-11,3,357.30
OL004017,ORD02008,CUST0418,PROD0058,2026-01-03,6,644.24
OL004018,ORD02008,CUST0418,PROD0165,2026-01-03,4,600.37
OL004019,ORD02008,CUST0418,PROD0040,2026-01-03,6,690.15
OL004020,ORD02009,CUST0734,PROD0130,2024-03-15,1,596.37
OL004021,ORD02010,CUST0148,PROD0178,2024-08-02,3,421.03
OL004022,ORD02010,CUST0148,PROD0062,2024-08-02,4,641.02
OL004023,ORD02011,CUST0846,PROD0139,2025-02-28,6,421.56
OL004024,ORD02011,CUST0846,PROD0025,2025-02-28,2,341.41
OL004025,ORD02012,CUST0017,PROD0076,2025-11-18,1,83.67
OL004026,ORD02013,CUST0191,PROD0199,2026-04-27,6,180.36
OL004027,ORD02014,CUST0069,PROD0116,2026-03-17,1,569.78
OL004028,ORD02015,CUST0968,PROD0170,2025-01-01,4,727.58
OL004029,ORD02015,CUST0968,PROD0003,2025-01-01,6,624.25
OL004030,ORD02016,CUST0308,PROD0100,2025-01-01,3,360.30
OL004031,ORD02016,CUST0308,PROD0054,2025-01-01,3,783.51
OL004032,ORD02016,CUST0308,PROD0110,2025-01-01,5,326.78
OL004033,ORD02017,CUST0942,PROD0163,2026-01-26,5,474.70
OL004034,ORD02017,CUST0942,PROD0152,2026-01-26,1,32.94
OL004035,ORD02017,CUST0942,PROD0174,2026-01-26,4,249.75
OL004036,ORD02018,CUST0512,PROD0090,2025-11-01,1,545.26
OL004037,ORD02019,CUST0718,PROD0099,2026-04-01,5,620.91
OL004038,ORD02019,CUST0718,PROD0198,2026-04-01,1,663.59
OL004039,ORD02020,CUST0706,PROD0159,2025-08-24,3,441.08
OL004040,ORD02020,CUST0706,PROD0176,2025-08-24,4,128.79
OL004041,ORD02021,CUST0390,PROD0125,2024-02-09,1,138.01
OL004042,ORD02022,CUST0259,PROD0024,2025-12-07,1,422.95
OL004043,ORD02022,CUST0259,PROD0063,2025-12-07,6,592.13
OL004044,ORD02023,CUST0647,PROD0025,2026-08-02,4,341.41
OL004045,ORD02023,CUST0647,PROD0098,2026-08-02,6,410.79
OL004046,ORD02023,CUST0647,PROD0087,2026-08-02,2,278.58
OL004047,ORD02024,CUST0481,PROD0083,2024-02-05,3,211.51
OL004048,ORD02024,CUST0481,PROD0142,2024-02-05,6,496.38
OL004049,ORD02024,CUST0481,PROD0116,2024-02-05,2,569.78
OL004050,ORD02025,CUST0421,PROD0003,2024-04-07,6,624.25
OL004051,ORD02025,CUST0421,PROD0033,2024-04-07,5,416.96
OL004052,ORD02025,CUST0421,PROD0173,2024-04-07,1,76.19
OL004053,ORD02026,CUST0456,PROD0129,2024-10-20,2,205.05
OL004054,ORD02026,CUST0456,PROD0119,2024-10-20,3,710.70
OL004055,ORD02026,CUST0456,PROD0179,2024-10-20,5,607.83
OL004056,ORD02027,CUST0821,PROD0168,2026-06-08,6,513.62
OL004057,ORD02027,CUST0821,PROD0013,2026-06-08,3,255.75
OL004058,ORD02028,CUST0121,PROD0133,2026-08-01,4,320.64
OL004059,ORD02028,CUST0121,PROD0045,2026-08-01,4,277.75
OL004060,ORD02028,CUST0121,PROD0076,2026-08-01,2,83.67
OL004061,ORD02029,CUST0298,PROD0085,2026-05-11,4,448.20
OL004062,ORD02030,CUST0704,PROD0020,2026-02-28,2,411.34
OL004063,ORD02031,CUST0498,PROD0002,2025-05-21,4,288.03
OL004064,ORD02031,CUST0498,PROD0199,2025-05-21,6,180.36
OL004065,ORD02032,CUST0928,PROD0198,2025-10-05,4,663.59
OL004066,ORD02032,CUST0928,PROD0012,2025-10-05,3,300.09
OL004067,ORD02032,CUST0928,PROD0047,2025-10-05,2,342.02
OL004068,ORD02033,CUST0887,PROD0059,2026-08-05,6,446.49
OL004069,ORD02033,CUST0887,PROD0114,2026-08-05,6,254.21
OL004070,ORD02034,CUST0104,PROD0036,2024-06-17,2,540.90
OL004071,ORD02035,CUST0970,PROD0145,2025-09-11,1,314.92
OL004072,ORD02035,CUST0970,PROD0113,2025-09-11,4,278.17
OL004073,ORD02035,CUST0970,PROD0094,2025-09-11,6,433.05
OL004074,ORD02036,CUST0022,PROD0135,2026-04-07,6,749.74
OL004075,ORD02036,CUST0022,PROD0095,2026-04-07,6,783.59
OL004076,ORD02037,CUST0109,PROD0122,2026-02-06,1,599.57
OL004077,ORD02037,CUST0109,PROD0072,2026-02-06,4,391.85
OL004078,ORD02037,CUST0109,PROD0143,2026-02-06,6,72.02
OL004079,ORD02038,CUST0069,PROD0023,2025-12-11,3,106.95
OL004080,ORD02038,CUST0069,PROD0171,2025-12-11,3,387.90
OL004081,ORD02039,CUST0411,PROD0063,2025-06-03,2,592.13
OL004082,ORD02039,CUST0411,PROD0031,2025-06-03,1,368.46
OL004083,ORD02040,CUST0089,PROD0048,2025-08-07,6,338.17
OL004084,ORD02041,CUST0457,PROD0096,2026-08-20,5,231.25
OL004085,ORD02042,CUST0490,PROD0169,2025-12-31,2,429.35
OL004086,ORD02042,CUST0490,PROD0150,2025-12-31,4,423.75
OL004087,ORD02043,CUST0574,PROD0060,2024-02-10,2,685.76
OL004088,ORD02044,CUST0308,PROD0192,2024-05-31,6,154.90
OL004089,ORD02045,CUST0012,PROD0016,2025-01-15,5,461.73
OL004090,ORD02045,CUST0012,PROD0004,2025-01-15,1,100.29
OL004091,ORD02046,CUST0682,PROD0150,2024-12-19,5,423.75
OL004092,ORD02046,CUST0682,PROD0003,2024-12-19,3,624.25
OL004093,ORD02046,CUST0682,PROD0036,2024-12-19,3,540.90
OL004094,ORD02047,CUST0882,PROD0055,2025-05-06,2,550.37
OL004095,ORD02048,CUST0487,PROD0123,2025-08-28,2,419.13
OL004096,ORD02048,CUST0487,PROD0026,2025-08-28,2,752.02
OL004097,ORD02048,CUST0487,PROD0100,2025-08-28,5,360.30
OL004098,ORD02049,CUST0643,PROD0019,2025-11-22,2,612.58
OL004099,ORD02049,CUST0643,PROD0171,2025-11-22,2,387.90
OL004100,ORD02049,CUST0643,PROD0131,2025-11-22,2,601.03
OL004101,ORD02050,CUST0490,PROD0019,2026-08-16,5,612.58
OL004102,ORD02051,CUST0253,PROD0193,2026-04-29,4,706.31
OL004103,ORD02052,CUST0371,PROD0058,2026-08-18,3,644.24
OL004104,ORD02052,CUST0371,PROD0105,2026-08-18,1,695.25
OL004105,ORD02052,CUST0371,PROD0193,2026-08-18,4,706.31
OL004106,ORD02053,CUST0892,PROD0200,2026-01-17,4,67.96
OL004107,ORD02054,CUST0198,PROD0186,2025-11-18,3,243.18
OL004108,ORD02055,CUST0461,PROD0058,2025-09-12,6,644.24
OL004109,ORD02055,CUST0461,PROD0033,2025-09-12,4,416.96
OL004110,ORD02056,CUST0973,PROD0131,2026-03-20,4,601.03
OL004111,ORD02056,CUST0973,PROD0166,2026-03-20,6,702.44
OL004112,ORD02056,CUST0973,PROD0041,2026-03-20,2,153.78
OL004113,ORD02057,CUST0534,PROD0128,2025-10-18,1,191.52
OL004114,ORD02057,CUST0534,PROD0111,2025-10-18,5,726.11
OL004115,ORD02057,CUST0534,PROD0008,2025-10-18,4,10.26
OL004116,ORD02058,CUST0576,PROD0181,2025-02-16,2,232.97
OL004117,ORD02059,CUST0041,PROD0072,2025-01-13,4,391.85
OL004118,ORD02059,CUST0041,PROD0072,2025-01-13,4,391.85
OL004119,ORD02059,CUST0041,PROD0167,2025-01-13,3,350.80
OL004120,ORD02060,CUST0857,PROD0155,2025-07-02,3,692.06
OL004121,ORD02060,CUST0857,PROD0079,2025-07-02,4,207.15
OL004122,ORD02061,CUST0500,PROD0194,2025-01-30,6,352.49
OL004123,ORD02061,CUST0500,PROD0151,2025-01-30,6,140.62
OL004124,ORD02061,CUST0500,PROD0144,2025-01-30,6,745.60
OL004125,ORD02062,CUST0614,PROD0147,2025-11-07,2,591.38
OL004126,ORD02062,CUST0614,PROD0121,2025-11-07,3,751.31
OL004127,ORD02062,CUST0614,PROD0024,2025-11-07,6,422.95
OL004128,ORD02063,CUST0999,PROD0137,2024-12-16,5,47.78
OL004129,ORD02063,CUST0999,PROD0158,2024-12-16,6,748.20
OL004130,ORD02064,CUST0258,PROD0069,2025-10-06,3,506.36
OL004131,ORD02065,CUST0609,PROD0059,2026-03-28,3,446.49
OL004132,ORD02065,CUST0609,PROD0083,2026-03-28,2,211.51
OL004133,ORD02066,CUST0196,PROD0079,2026-01-26,2,207.15
OL004134,ORD02066,CUST0196,PROD0086,2026-01-26,5,648.95
OL004135,ORD02066,CUST0196,PROD0174,2026-01-26,4,249.75
OL004136,ORD02067,CUST0271,PROD0109,2025-09-04,6,491.78
OL004137,ORD02067,CUST0271,PROD0169,2025-09-04,2,429.35
OL004138,ORD02068,CUST0912,PROD0198,2025-08-07,6,663.59
OL004139,ORD02068,CUST0912,PROD0076,2025-08-07,2,83.67
OL004140,ORD02068,CUST0912,PROD0176,2025-08-07,6,128.79
OL004141,ORD02069,CUST0730,PROD0053,2026-05-26,4,459.26
OL004142,ORD02069,CUST0730,PROD0149,2026-05-26,5,105.49
OL004143,ORD02070,CUST0121,PROD0186,2026-08-14,3,243.18
OL004144,ORD02071,CUST0253,PROD0154,2025-02-22,6,732.63
OL004145,ORD02071,CUST0253,PROD0087,2025-02-22,2,278.58
OL004146,ORD02071,CUST0253,PROD0166,2025-02-22,4,702.44
OL004147,ORD02072,CUST0252,PROD0124,2025-12-30,6,362.97
OL004148,ORD02072,CUST0252,PROD0070,2025-12-30,5,429.51
OL004149,ORD02073,CUST0551,PROD0038,2024-12-15,3,85.08
OL004150,ORD02073,CUST0551,PROD0156,2024-12-15,1,376.41
OL004151,ORD02074,CUST0128,PROD0141,2025-01-20,4,87.61
OL004152,ORD02074,CUST0128,PROD0001,2025-01-20,1,669.88
OL004153,ORD02075,CUST0832,PROD0066,2026-08-14,4,340.10
OL004154,ORD02076,CUST0958,PROD0150,2026-07-10,3,423.75
OL004155,ORD02076,CUST0958,PROD0131,2026-07-10,5,601.03
OL004156,ORD02077,CUST0204,PROD0014,2024-09-29,4,719.00
OL004157,ORD02077,CUST0204,PROD0161,2024-09-29,4,759.04
OL004158,ORD02078,CUST0111,PROD0112,2025-05-02,4,67.88
OL004159,ORD02078,CUST0111,PROD0081,2025-05-02,1,81.55
OL004160,ORD02078,CUST0111,PROD0036,2025-05-02,2,540.90
OL004161,ORD02079,CUST0371,PROD0014,2026-02-17,1,719.00
OL004162,ORD02080,CUST0285,PROD0141,2024-04-20,5,87.61
OL004163,ORD02081,CUST0131,PROD0025,2026-03-13,6,341.41
OL004164,ORD02081,CUST0131,PROD0176,2026-03-13,4,128.79
OL004165,ORD02082,CUST0041,PROD0170,2026-07-01,5,727.58
OL004166,ORD02083,CUST0011,PROD0087,2025-07-20,5,278.58
OL004167,ORD02084,CUST0284,PROD0111,2025-10-13,2,726.11
OL004168,ORD02084,CUST0284,PROD0060,2025-10-13,2,685.76
OL004169,ORD02084,CUST0284,PROD0159,2025-10-13,5,441.08
OL004170,ORD02085,CUST0770,PROD0142,2025-06-28,3,496.38
OL004171,ORD02085,CUST0770,PROD0061,2025-06-28,2,160.86
OL004172,ORD02085,CUST0770,PROD0006,2025-06-28,5,764.83
OL004173,ORD02086,CUST0325,PROD0057,2026-03-14,2,578.04
OL004174,ORD02086,CUST0325,PROD0099,2026-03-14,2,620.91
OL004175,ORD02086,CUST0325,PROD0139,2026-03-14,5,421.56
OL004176,ORD02087,CUST0978,PROD0024,2026-02-07,5,422.95
OL004177,ORD02088,CUST0629,PROD0125,2025-03-23,1,138.01
OL004178,ORD02088,CUST0629,PROD0025,2025-03-23,2,341.41
OL004179,ORD02088,CUST0629,PROD0105,2025-03-23,2,695.25
OL004180,ORD02089,CUST0471,PROD0043,2025-09-16,2,219.17
OL004181,ORD02090,CUST0287,PROD0001,2025-07-07,2,669.88
OL004182,ORD02091,CUST0316,PROD0149,2026-03-26,5,105.49
OL004183,ORD02091,CUST0316,PROD0099,2026-03-26,4,620.91
OL004184,ORD02091,CUST0316,PROD0055,2026-03-26,2,550.37
OL004185,ORD02092,CUST0868,PROD0105,2025-11-19,6,695.25
OL004186,ORD02093,CUST0454,PROD0190,2024-06-02,4,638.42
OL004187,ORD02093,CUST0454,PROD0158,2024-06-02,4,748.20
OL004188,ORD02094,CUST0555,PROD0053,2026-04-12,6,459.26
OL004189,ORD02095,CUST0448,PROD0135,2026-03-19,3,749.74
OL004190,ORD02095,CUST0448,PROD0083,2026-03-19,1,211.51
OL004191,ORD02096,CUST0520,PROD0100,2026-05-04,4,360.30
OL004192,ORD02096,CUST0520,PROD0156,2026-05-04,2,376.41
OL004193,ORD02097,CUST0148,PROD0020,2026-05-11,5,411.34
OL004194,ORD02097,CUST0148,PROD0179,2026-05-11,6,607.83
OL004195,ORD02098,CUST0173,PROD0104,2026-06-16,2,765.48
OL004196,ORD02098,CUST0173,PROD0056,2026-06-16,3,652.27
OL004197,ORD02099,CUST0415,PROD0064,2025-09-17,6,381.01
OL004198,ORD02099,CUST0415,PROD0075,2025-09-17,2,42.92
OL004199,ORD02100,CUST0615,PROD0007,2026-06-28,6,396.66
OL004200,ORD02100,CUST0615,PROD0145,2026-06-28,2,314.92
OL004201,ORD02101,CUST0715,PROD0116,2024-03-07,6,569.78
OL004202,ORD02101,CUST0715,PROD0006,2024-03-07,4,764.83
OL004203,ORD02101,CUST0715,PROD0147,2024-03-07,3,591.38
OL004204,ORD02102,CUST0391,PROD0126,2025-04-06,4,684.09
OL004205,ORD02102,CUST0391,PROD0186,2025-04-06,4,243.18
OL004206,ORD02103,CUST0092,PROD0066,2026-05-08,3,340.10
OL004207,ORD02103,CUST0092,PROD0059,2026-05-08,3,446.49
OL004208,ORD02104,CUST0934,PROD0123,2025-08-11,2,419.13
OL004209,ORD02104,CUST0934,PROD0044,2025-08-11,2,767.02
OL004210,ORD02105,CUST0661,PROD0154,2025-06-13,5,732.63
OL004211,ORD02105,CUST0661,PROD0051,2025-06-13,1,323.46
OL004212,ORD02105,CUST0661,PROD0098,2025-06-13,3,410.79
OL004213,ORD02106,CUST0779,PROD0024,2025-08-07,6,422.95
OL004214,ORD02107,CUST0095,PROD0179,2025-09-22,5,607.83
OL004215,ORD02108,CUST0257,PROD0135,2024-05-11,3,749.74
OL004216,ORD02109,CUST0153,PROD0037,2024-10-27,4,306.64
OL004217,ORD02109,CUST0153,PROD0072,2024-10-27,2,391.85
OL004218,ORD02110,CUST0420,PROD0043,2024-11-15,5,219.17
OL004219,ORD02111,CUST0238,PROD0159,2025-01-01,1,441.08
OL004220,ORD02112,CUST0671,PROD0190,2026-03-12,2,638.42
OL004221,ORD02112,CUST0671,PROD0074,2026-03-12,5,687.50
OL004222,ORD02112,CUST0671,PROD0121,2026-03-12,4,751.31
OL004223,ORD02113,CUST0242,PROD0051,2024-01-18,5,323.46
OL004224,ORD02114,CUST0079,PROD0198,2024-03-09,1,663.59
OL004225,ORD02114,CUST0079,PROD0069,2024-03-09,2,506.36
OL004226,ORD02114,CUST0079,PROD0137,2024-03-09,1,47.78
OL004227,ORD02115,CUST0567,PROD0095,2026-07-19,6,783.59
OL004228,ORD02115,CUST0567,PROD0046,2026-07-19,2,151.20
OL004229,ORD02116,CUST0955,PROD0063,2025-01-24,1,592.13
OL004230,ORD02116,CUST0955,PROD0084,2025-01-24,2,291.43
OL004231,ORD02116,CUST0955,PROD0197,2025-01-24,3,518.55
OL004232,ORD02117,CUST0833,PROD0129,2025-08-31,5,205.05
OL004233,ORD02117,CUST0833,PROD0015,2025-08-31,4,705.37
OL004234,ORD02117,CUST0833,PROD0035,2025-08-31,2,11.68
OL004235,ORD02118,CUST0481,PROD0034,2024-06-08,2,255.93
OL004236,ORD02119,CUST0855,PROD0147,2025-01-11,3,591.38
OL004237,ORD02119,CUST0855,PROD0119,2025-01-11,2,710.70
OL004238,ORD02119,CUST0855,PROD0117,2025-01-11,2,486.27
OL004239,ORD02120,CUST0113,PROD0064,2026-05-01,2,381.01
OL004240,ORD02120,CUST0113,PROD0164,2026-05-01,5,367.94
OL004241,ORD02120,CUST0113,PROD0194,2026-05-01,1,352.49
OL004242,ORD02121,CUST0387,PROD0001,2025-03-14,3,669.88
OL004243,ORD02122,CUST0542,PROD0126,2026-03-29,6,684.09
OL004244,ORD02122,CUST0542,PROD0194,2026-03-29,4,352.49
OL004245,ORD02123,CUST0555,PROD0135,2026-06-18,4,749.74
OL004246,ORD02123,CUST0555,PROD0166,2026-06-18,5,702.44
OL004247,ORD02123,CUST0555,PROD0091,2026-06-18,5,486.42
OL004248,ORD02124,CUST0736,PROD0193,2026-04-12,3,706.31
OL004249,ORD02124,CUST0736,PROD0135,2026-04-12,4,749.74
OL004250,ORD02124,CUST0736,PROD0043,2026-04-12,5,219.17
OL004251,ORD02125,CUST0130,PROD0010,2026-07-11,2,766.59
OL004252,ORD02125,CUST0130,PROD0019,2026-07-11,5,612.58
OL004253,ORD02126,CUST0863,PROD0030,2025-08-30,5,621.83
OL004254,ORD02126,CUST0863,PROD0106,2025-08-30,4,514.25
OL004255,ORD02127,CUST0307,PROD0007,2025-01-17,3,396.66
OL004256,ORD02127,CUST0307,PROD0125,2025-01-17,2,138.01
OL004257,ORD02128,CUST0221,PROD0199,2026-03-06,6,180.36
OL004258,ORD02129,CUST0461,PROD0152,2026-06-04,6,32.94
OL004259,ORD02130,CUST0665,PROD0102,2025-06-13,2,492.85
OL004260,ORD02131,CUST0017,PROD0113,2026-02-27,3,278.17
OL004261,ORD02132,CUST0409,PROD0183,2026-05-23,4,551.77
OL004262,ORD02132,CUST0409,PROD0096,2026-05-23,2,231.25
OL004263,ORD02133,CUST0134,PROD0014,2026-05-04,2,719.00
OL004264,ORD02133,CUST0134,PROD0038,2026-05-04,6,85.08
OL004265,ORD02134,CUST0303,PROD0014,2025-08-23,3,719.00
OL004266,ORD02135,CUST0932,PROD0168,2025-01-30,4,513.62
OL004267,ORD02135,CUST0932,PROD0020,2025-01-30,5,411.34
OL004268,ORD02136,CUST0364,PROD0132,2026-04-20,5,172.39
OL004269,ORD02136,CUST0364,PROD0123,2026-04-20,1,419.13
OL004270,ORD02137,CUST0070,PROD0085,2024-12-26,2,448.20
OL004271,ORD02137,CUST0070,PROD0080,2024-12-26,5,671.97
OL004272,ORD02138,CUST0012,PROD0038,2024-04-13,6,85.08
OL004273,ORD02139,CUST0576,PROD0016,2025-08-25,1,461.73
OL004274,ORD02139,CUST0576,PROD0131,2025-08-25,2,601.03
OL004275,ORD02139,CUST0576,PROD0162,2025-08-25,5,433.72
OL004276,ORD02140,CUST0025,PROD0104,2025-12-20,3,765.48
OL004277,ORD02140,CUST0025,PROD0157,2025-12-20,4,697.35
OL004278,ORD02141,CUST0637,PROD0073,2025-01-29,3,204.51
OL004279,ORD02141,CUST0637,PROD0014,2025-01-29,5,719.00
OL004280,ORD02142,CUST0127,PROD0113,2026-06-23,4,278.17
OL004281,ORD02142,CUST0127,PROD0111,2026-06-23,5,726.11
OL004282,ORD02142,CUST0127,PROD0010,2026-06-23,6,766.59
OL004283,ORD02143,CUST0747,PROD0145,2026-02-05,5,314.92
OL004284,ORD02143,CUST0747,PROD0018,2026-02-05,2,150.37
OL004285,ORD02143,CUST0747,PROD0097,2026-02-05,3,263.44
OL004286,ORD02144,CUST0732,PROD0188,2025-07-12,6,639.37
OL004287,ORD02144,CUST0732,PROD0163,2025-07-12,3,474.70
OL004288,ORD02144,CUST0732,PROD0037,2025-07-12,2,306.64
OL004289,ORD02145,CUST0096,PROD0099,2026-05-03,3,620.91
OL004290,ORD02146,CUST0226,PROD0012,2024-02-12,3,300.09
OL004291,ORD02146,CUST0226,PROD0004,2024-02-12,2,100.29
OL004292,ORD02147,CUST0429,PROD0107,2026-03-23,2,743.20
OL004293,ORD02148,CUST0561,PROD0066,2025-08-04,2,340.10
OL004294,ORD02148,CUST0561,PROD0001,2025-08-04,1,669.88
OL004295,ORD02149,CUST0880,PROD0068,2024-02-08,6,715.14
OL004296,ORD02150,CUST0806,PROD0057,2025-01-02,4,578.04
OL004297,ORD02150,CUST0806,PROD0043,2025-01-02,6,219.17
OL004298,ORD02151,CUST0117,PROD0172,2024-12-16,4,185.56
OL004299,ORD02151,CUST0117,PROD0088,2024-12-16,5,332.34
OL004300,ORD02152,CUST0382,PROD0067,2026-05-29,5,111.89
OL004301,ORD02152,CUST0382,PROD0143,2026-05-29,5,72.02
OL004302,ORD02152,CUST0382,PROD0190,2026-05-29,3,638.42
OL004303,ORD02153,CUST0681,PROD0135,2024-11-30,2,749.74
OL004304,ORD02153,CUST0681,PROD0171,2024-11-30,6,387.90
OL004305,ORD02153,CUST0681,PROD0184,2024-11-30,5,396.08
OL004306,ORD02154,CUST0699,PROD0153,2024-10-12,2,288.68
OL004307,ORD02154,CUST0699,PROD0058,2024-10-12,1,644.24
OL004308,ORD02154,CUST0699,PROD0112,2024-10-12,4,67.88
OL004309,ORD02155,CUST0337,PROD0131,2026-08-20,3,601.03
OL004310,ORD02155,CUST0337,PROD0128,2026-08-20,6,191.52
OL004311,ORD02156,CUST0053,PROD0077,2026-01-11,3,134.85
OL004312,ORD02156,CUST0053,PROD0028,2026-01-11,2,281.08
OL004313,ORD02157,CUST0229,PROD0057,2026-05-14,2,578.04
OL004314,ORD02157,CUST0229,PROD0119,2026-05-14,2,710.70
OL004315,ORD02157,CUST0229,PROD0026,2026-05-14,6,752.02
OL004316,ORD02158,CUST0518,PROD0106,2025-01-06,6,514.25
OL004317,ORD02158,CUST0518,PROD0103,2025-01-06,4,373.67
OL004318,ORD02158,CUST0518,PROD0146,2025-01-06,3,187.33
OL004319,ORD02159,CUST0084,PROD0042,2025-12-08,5,213.95
OL004320,ORD02159,CUST0084,PROD0124,2025-12-08,6,362.97
OL004321,ORD02160,CUST0794,PROD0015,2025-07-12,4,705.37
OL004322,ORD02161,CUST0835,PROD0040,2025-03-18,4,690.15
OL004323,ORD02161,CUST0835,PROD0122,2025-03-18,1,599.57
OL004324,ORD02162,CUST0961,PROD0031,2025-01-14,3,368.46
OL004325,ORD02162,CUST0961,PROD0061,2025-01-14,4,160.86
OL004326,ORD02163,CUST0951,PROD0151,2026-04-07,2,140.62
OL004327,ORD02163,CUST0951,PROD0104,2026-04-07,4,765.48
OL004328,ORD02164,CUST0294,PROD0157,2025-12-16,2,697.35
OL004329,ORD02165,CUST0164,PROD0084,2025-09-04,5,291.43
OL004330,ORD02165,CUST0164,PROD0097,2025-09-04,1,263.44
OL004331,ORD02166,CUST0085,PROD0189,2024-03-25,1,479.61
OL004332,ORD02167,CUST0554,PROD0127,2025-03-14,1,104.40
OL004333,ORD02168,CUST0664,PROD0014,2024-06-04,1,719.00
OL004334,ORD02168,CUST0664,PROD0121,2024-06-04,2,751.31
OL004335,ORD02168,CUST0664,PROD0009,2024-06-04,2,686.38
OL004336,ORD02169,CUST0864,PROD0174,2025-01-10,6,249.75
OL004337,ORD02169,CUST0864,PROD0180,2025-01-10,3,113.35
OL004338,ORD02170,CUST0586,PROD0011,2025-11-21,2,679.16
OL004339,ORD02170,CUST0586,PROD0080,2025-11-21,3,671.97
OL004340,ORD02170,CUST0586,PROD0026,2025-11-21,1,752.02
OL004341,ORD02171,CUST0085,PROD0158,2024-02-10,1,748.20
OL004342,ORD02171,CUST0085,PROD0050,2024-02-10,2,295.23
OL004343,ORD02171,CUST0085,PROD0101,2024-02-10,4,67.32
OL004344,ORD02172,CUST0274,PROD0075,2026-08-21,5,42.92
OL004345,ORD02173,CUST0074,PROD0157,2026-05-27,3,697.35
OL004346,ORD02173,CUST0074,PROD0036,2026-05-27,1,540.90
OL004347,ORD02173,CUST0074,PROD0119,2026-05-27,5,710.70
OL004348,ORD02174,CUST0162,PROD0199,2026-03-15,6,180.36
OL004349,ORD02174,CUST0162,PROD0132,2026-03-15,1,172.39
OL004350,ORD02175,CUST0622,PROD0177,2025-12-27,3,13.38
OL004351,ORD02175,CUST0622,PROD0009,2025-12-27,4,686.38
OL004352,ORD02176,CUST0681,PROD0178,2024-06-15,4,421.03
OL004353,ORD02176,CUST0681,PROD0116,2024-06-15,3,569.78
OL004354,ORD02177,CUST0314,PROD0168,2025-09-30,6,513.62
OL004355,ORD02177,CUST0314,PROD0103,2025-09-30,4,373.67
OL004356,ORD02177,CUST0314,PROD0061,2025-09-30,3,160.86
OL004357,ORD02178,CUST0335,PROD0062,2024-08-03,4,641.02
OL004358,ORD02178,CUST0335,PROD0039,2024-08-03,6,292.46
OL004359,ORD02178,CUST0335,PROD0040,2024-08-03,1,690.15
OL004360,ORD02179,CUST0061,PROD0031,2025-08-24,2,368.46
OL004361,ORD02180,CUST0460,PROD0039,2024-09-07,6,292.46
OL004362,ORD02181,CUST0290,PROD0086,2026-08-10,6,648.95
OL004363,ORD02182,CUST0594,PROD0184,2024-09-01,4,396.08
OL004364,ORD02182,CUST0594,PROD0112,2024-09-01,4,67.88
OL004365,ORD02183,CUST0953,PROD0172,2026-02-09,6,185.56
OL004366,ORD02184,CUST0747,PROD0078,2025-08-24,6,176.29
OL004367,ORD02184,CUST0747,PROD0054,2025-08-24,4,783.51
OL004368,ORD02184,CUST0747,PROD0168,2025-08-24,1,513.62
OL004369,ORD02185,CUST0161,PROD0050,2026-01-10,3,295.23
OL004370,ORD02185,CUST0161,PROD0017,2026-01-10,1,223.40
OL004371,ORD02186,CUST0862,PROD0065,2026-05-23,4,12.74
OL004372,ORD02187,CUST0833,PROD0119,2026-05-02,6,710.70
OL004373,ORD02188,CUST0803,PROD0083,2026-01-30,4,211.51
OL004374,ORD02188,CUST0803,PROD0035,2026-01-30,3,11.68
OL004375,ORD02189,CUST0990,PROD0169,2026-06-26,3,429.35
OL004376,ORD02189,CUST0990,PROD0193,2026-06-26,5,706.31
OL004377,ORD02189,CUST0990,PROD0180,2026-06-26,2,113.35
OL004378,ORD02190,CUST0891,PROD0043,2026-03-13,3,219.17
OL004379,ORD02191,CUST0096,PROD0086,2025-12-21,2,648.95
OL004380,ORD02191,CUST0096,PROD0011,2025-12-21,2,679.16
OL004381,ORD02192,CUST0526,PROD0127,2026-02-15,3,104.40
OL004382,ORD02193,CUST0739,PROD0107,2025-03-31,1,743.20
OL004383,ORD02194,CUST0647,PROD0183,2025-01-04,3,551.77
OL004384,ORD02195,CUST0382,PROD0001,2026-01-14,1,669.88
OL004385,ORD02195,CUST0382,PROD0124,2026-01-14,5,362.97
OL004386,ORD02195,CUST0382,PROD0052,2026-01-14,2,363.32
OL004387,ORD02196,CUST0341,PROD0169,2026-07-01,6,429.35
OL004388,ORD02197,CUST0518,PROD0136,2024-10-07,4,381.17
OL004389,ORD02197,CUST0518,PROD0136,2024-10-07,5,381.17
OL004390,ORD02197,CUST0518,PROD0157,2024-10-07,5,697.35
OL004391,ORD02198,CUST0446,PROD0188,2026-02-27,1,639.37
OL004392,ORD02199,CUST0988,PROD0141,2026-06-30,3,87.61
OL004393,ORD02199,CUST0988,PROD0138,2026-06-30,4,617.88
OL004394,ORD02200,CUST0292,PROD0005,2024-12-06,4,67.39
OL004395,ORD02201,CUST0643,PROD0017,2026-08-05,4,223.40
OL004396,ORD02201,CUST0643,PROD0107,2026-08-05,4,743.20
OL004397,ORD02201,CUST0643,PROD0156,2026-08-05,5,376.41
OL004398,ORD02202,CUST0946,PROD0152,2025-08-01,2,32.94
OL004399,ORD02203,CUST0272,PROD0167,2024-11-03,1,350.80
OL004400,ORD02203,CUST0272,PROD0059,2024-11-03,6,446.49
OL004401,ORD02204,CUST0261,PROD0068,2025-07-02,1,715.14
OL004402,ORD02204,CUST0261,PROD0136,2025-07-02,2,381.17
OL004403,ORD02204,CUST0261,PROD0011,2025-07-02,2,679.16
OL004404,ORD02205,CUST0245,PROD0001,2025-02-10,4,669.88
OL004405,ORD02205,CUST0245,PROD0013,2025-02-10,1,255.75
OL004406,ORD02206,CUST0549,PROD0107,2026-03-31,1,743.20
OL004407,ORD02206,CUST0549,PROD0129,2026-03-31,6,205.05
OL004408,ORD02207,CUST0807,PROD0197,2024-11-09,5,518.55
OL004409,ORD02207,CUST0807,PROD0170,2024-11-09,1,727.58
OL004410,ORD02207,CUST0807,PROD0128,2024-11-09,5,191.52
OL004411,ORD02208,CUST0547,PROD0142,2025-11-08,3,496.38
OL004412,ORD02209,CUST0876,PROD0100,2025-12-16,5,360.30
OL004413,ORD02210,CUST0337,PROD0140,2024-06-30,6,796.82
OL004414,ORD02210,CUST0337,PROD0052,2024-06-30,1,363.32
OL004415,ORD02210,CUST0337,PROD0176,2024-06-30,4,128.79
OL004416,ORD02211,CUST0337,PROD0063,2025-10-24,4,592.13
OL004417,ORD02212,CUST0102,PROD0192,2025-11-10,6,154.90
OL004418,ORD02213,CUST0174,PROD0075,2025-11-04,6,42.92
OL004419,ORD02213,CUST0174,PROD0066,2025-11-04,4,340.10
OL004420,ORD02214,CUST0928,PROD0053,2026-02-10,6,459.26
OL004421,ORD02215,CUST0371,PROD0196,2024-04-09,3,573.37
OL004422,ORD02216,CUST0556,PROD0141,2025-12-09,6,87.61
OL004423,ORD02216,CUST0556,PROD0018,2025-12-09,1,150.37
OL004424,ORD02217,CUST0895,PROD0001,2024-07-03,2,669.88
OL004425,ORD02218,CUST0798,PROD0046,2025-06-28,1,151.20
OL004426,ORD02219,CUST0346,PROD0129,2024-05-04,5,205.05
OL004427,ORD02219,CUST0346,PROD0120,2024-05-04,5,625.86
OL004428,ORD02220,CUST0493,PROD0158,2026-03-18,3,748.20
OL004429,ORD02221,CUST0365,PROD0024,2026-03-18,3,422.95
OL004430,ORD02222,CUST0398,PROD0049,2026-04-05,5,602.99
OL004431,ORD02223,CUST0743,PROD0159,2024-01-19,1,441.08
OL004432,ORD02223,CUST0743,PROD0017,2024-01-19,2,223.40
OL004433,ORD02224,CUST0351,PROD0134,2024-06-13,6,80.96
OL004434,ORD02225,CUST0199,PROD0194,2026-05-24,6,352.49
OL004435,ORD02225,CUST0199,PROD0090,2026-05-24,1,545.26
OL004436,ORD02225,CUST0199,PROD0088,2026-05-24,4,332.34
OL004437,ORD02226,CUST0107,PROD0199,2026-07-05,4,180.36
OL004438,ORD02226,CUST0107,PROD0055,2026-07-05,2,550.37
OL004439,ORD02227,CUST0636,PROD0124,2026-07-08,5,362.97
OL004440,ORD02228,CUST0715,PROD0191,2024-03-09,2,440.82
OL004441,ORD02228,CUST0715,PROD0169,2024-03-09,4,429.35
OL004442,ORD02228,CUST0715,PROD0143,2024-03-09,4,72.02
OL004443,ORD02229,CUST0330,PROD0095,2025-10-19,2,783.59
OL004444,ORD02229,CUST0330,PROD0011,2025-10-19,1,679.16
OL004445,ORD02230,CUST0193,PROD0147,2024-01-04,3,591.38
OL004446,ORD02230,CUST0193,PROD0005,2024-01-04,6,67.39
OL004447,ORD02231,CUST0665,PROD0107,2025-07-20,6,743.20
OL004448,ORD02231,CUST0665,PROD0002,2025-07-20,3,288.03
OL004449,ORD02232,CUST0088,PROD0025,2024-07-14,5,341.41
OL004450,ORD02232,CUST0088,PROD0134,2024-07-14,5,80.96
OL004451,ORD02233,CUST0608,PROD0122,2025-12-24,4,599.57
OL004452,ORD02234,CUST0565,PROD0195,2026-01-13,3,203.66
OL004453,ORD02234,CUST0565,PROD0031,2026-01-13,5,368.46
OL004454,ORD02234,CUST0565,PROD0009,2026-01-13,6,686.38
OL004455,ORD02235,CUST0252,PROD0138,2025-11-19,4,617.88
OL004456,ORD02235,CUST0252,PROD0076,2025-11-19,1,83.67
OL004457,ORD02236,CUST0057,PROD0077,2026-08-26,6,134.85
OL004458,ORD02237,CUST0713,PROD0098,2025-12-12,2,410.79
OL004459,ORD02238,CUST0349,PROD0020,2026-06-01,5,411.34
OL004460,ORD02238,CUST0349,PROD0094,2026-06-01,1,433.05
OL004461,ORD02239,CUST0316,PROD0077,2026-08-29,4,134.85
OL004462,ORD02239,CUST0316,PROD0006,2026-08-29,1,764.83
OL004463,ORD02240,CUST0336,PROD0183,2026-03-19,1,551.77
OL004464,ORD02240,CUST0336,PROD0036,2026-03-19,5,540.90
OL004465,ORD02241,CUST0614,PROD0026,2026-05-22,3,752.02
OL004466,ORD02241,CUST0614,PROD0030,2026-05-22,1,621.83
OL004467,ORD02241,CUST0614,PROD0068,2026-05-22,3,715.14
OL004468,ORD02242,CUST0910,PROD0047,2025-09-23,5,342.02
OL004469,ORD02242,CUST0910,PROD0055,2025-09-23,5,550.37
OL004470,ORD02243,CUST0238,PROD0071,2024-11-18,3,255.99
OL004471,ORD02244,CUST0773,PROD0021,2025-07-08,6,321.30
OL004472,ORD02244,CUST0773,PROD0141,2025-07-08,5,87.61
OL004473,ORD02244,CUST0773,PROD0177,2025-07-08,5,13.38
OL004474,ORD02245,CUST0929,PROD0026,2026-02-04,4,752.02
OL004475,ORD02245,CUST0929,PROD0193,2026-02-04,1,706.31
OL004476,ORD02246,CUST0941,PROD0108,2026-07-28,1,340.33
OL004477,ORD02246,CUST0941,PROD0169,2026-07-28,3,429.35
OL004478,ORD02247,CUST0759,PROD0036,2024-02-23,1,540.90
OL004479,ORD02247,CUST0759,PROD0025,2024-02-23,5,341.41
OL004480,ORD02248,CUST0110,PROD0123,2026-07-01,1,419.13
OL004481,ORD02249,CUST0829,PROD0104,2025-01-04,5,765.48
OL004482,ORD02249,CUST0829,PROD0028,2025-01-04,3,281.08
OL004483,ORD02250,CUST0606,PROD0144,2026-08-20,2,745.60
OL004484,ORD02251,CUST0343,PROD0048,2024-06-21,6,338.17
OL004485,ORD02252,CUST0718,PROD0162,2025-09-24,1,433.72
OL004486,ORD02252,CUST0718,PROD0121,2025-09-24,2,751.31
OL004487,ORD02252,CUST0718,PROD0187,2025-09-24,6,613.86
OL004488,ORD02253,CUST0174,PROD0175,2026-01-25,5,332.69
OL004489,ORD02254,CUST0418,PROD0175,2025-11-12,5,332.69
OL004490,ORD02255,CUST0591,PROD0187,2026-08-02,2,613.86
OL004491,ORD02255,CUST0591,PROD0127,2026-08-02,5,104.40
OL004492,ORD02256,CUST0061,PROD0055,2025-03-16,5,550.37
OL004493,ORD02257,CUST0398,PROD0136,2024-07-16,3,381.17
OL004494,ORD02257,CUST0398,PROD0089,2024-07-16,2,284.11
OL004495,ORD02257,CUST0398,PROD0104,2024-07-16,5,765.48
OL004496,ORD02258,CUST0933,PROD0074,2025-08-30,3,687.50
OL004497,ORD02258,CUST0933,PROD0064,2025-08-30,5,381.01
OL004498,ORD02259,CUST0724,PROD0066,2025-12-10,6,340.10
OL004499,ORD02260,CUST0510,PROD0030,2024-01-02,4,621.83
OL004500,ORD02260,CUST0510,PROD0152,2024-01-02,2,32.94
OL004501,ORD02260,CUST0510,PROD0192,2024-01-02,3,154.90
OL004502,ORD02261,CUST0132,PROD0048,2025-11-03,6,338.17
OL004503,ORD02261,CUST0132,PROD0149,2025-11-03,1,105.49
OL004504,ORD02261,CUST0132,PROD0172,2025-11-03,2,185.56
OL004505,ORD02262,CUST0729,PROD0060,2025-03-07,2,685.76
OL004506,ORD02263,CUST0048,PROD0019,2026-01-18,6,612.58
OL004507,ORD02263,CUST0048,PROD0102,2026-01-18,2,492.85
OL004508,ORD02263,CUST0048,PROD0056,2026-01-18,3,652.27
OL004509,ORD02264,CUST0589,PROD0167,2024-01-03,2,350.80
OL004510,ORD02265,CUST0114,PROD0179,2026-06-09,1,607.83
OL004511,ORD02265,CUST0114,PROD0106,2026-06-09,1,514.25
OL004512,ORD02265,CUST0114,PROD0088,2026-06-09,2,332.34
OL004513,ORD02266,CUST0148,PROD0186,2024-10-18,6,243.18
OL004514,ORD02266,CUST0148,PROD0032,2024-10-18,3,100.68
OL004515,ORD02267,CUST0421,PROD0169,2025-01-22,5,429.35
OL004516,ORD02267,CUST0421,PROD0175,2025-01-22,3,332.69
OL004517,ORD02268,CUST0680,PROD0163,2024-07-25,2,474.70
OL004518,ORD02268,CUST0680,PROD0053,2024-07-25,4,459.26
OL004519,ORD02269,CUST0193,PROD0171,2026-06-09,6,387.90
OL004520,ORD02269,CUST0193,PROD0063,2026-06-09,4,592.13
OL004521,ORD02270,CUST0972,PROD0112,2026-01-30,1,67.88
OL004522,ORD02270,CUST0972,PROD0065,2026-01-30,1,12.74
OL004523,ORD02271,CUST0475,PROD0016,2025-11-20,1,461.73
OL004524,ORD02271,CUST0475,PROD0192,2025-11-20,4,154.90
OL004525,ORD02272,CUST0297,PROD0106,2026-02-07,1,514.25
OL004526,ORD02272,CUST0297,PROD0074,2026-02-07,2,687.50
OL004527,ORD02272,CUST0297,PROD0073,2026-02-07,3,204.51
OL004528,ORD02273,CUST0437,PROD0004,2026-08-27,4,100.29
OL004529,ORD02274,CUST0067,PROD0117,2025-08-23,3,486.27
OL004530,ORD02274,CUST0067,PROD0078,2025-08-23,6,176.29
OL004531,ORD02274,CUST0067,PROD0058,2025-08-23,4,644.24
OL004532,ORD02275,CUST0705,PROD0123,2025-12-06,4,419.13
OL004533,ORD02276,CUST0165,PROD0057,2026-06-10,4,578.04
OL004534,ORD02276,CUST0165,PROD0035,2026-06-10,1,11.68
OL004535,ORD02277,CUST0661,PROD0099,2025-05-12,2,620.91
OL004536,ORD02278,CUST0522,PROD0029,2025-07-29,3,689.01
OL004537,ORD02278,CUST0522,PROD0185,2025-07-29,3,605.59
OL004538,ORD02278,CUST0522,PROD0134,2025-07-29,3,80.96
OL004539,ORD02279,CUST0102,PROD0169,2026-01-22,5,429.35
OL004540,ORD02279,CUST0102,PROD0080,2026-01-22,6,671.97
OL004541,ORD02279,CUST0102,PROD0104,2026-01-22,1,765.48
OL004542,ORD02280,CUST0581,PROD0062,2025-04-23,3,641.02
OL004543,ORD02281,CUST0830,PROD0194,2025-02-20,6,352.49
OL004544,ORD02281,CUST0830,PROD0143,2025-02-20,5,72.02
OL004545,ORD02282,CUST0819,PROD0047,2026-05-09,6,342.02
OL004546,ORD02282,CUST0819,PROD0128,2026-05-09,5,191.52
OL004547,ORD02282,CUST0819,PROD0001,2026-05-09,2,669.88
OL004548,ORD02283,CUST0336,PROD0146,2026-07-17,3,187.33
OL004549,ORD02284,CUST0493,PROD0048,2024-11-17,1,338.17
OL004550,ORD02285,CUST0314,PROD0196,2026-05-07,4,573.37
OL004551,ORD02285,CUST0314,PROD0065,2026-05-07,6,12.74
OL004552,ORD02285,CUST0314,PROD0070,2026-05-07,5,429.51
OL004553,ORD02286,CUST0644,PROD0172,2025-02-15,5,185.56
OL004554,ORD02287,CUST0578,PROD0025,2026-02-02,4,341.41
OL004555,ORD02287,CUST0578,PROD0121,2026-02-02,5,751.31
OL004556,ORD02287,CUST0578,PROD0051,2026-02-02,2,323.46
OL004557,ORD02288,CUST0047,PROD0087,2026-05-28,3,278.58
OL004558,ORD02288,CUST0047,PROD0121,2026-05-28,2,751.31
OL004559,ORD02289,CUST0342,PROD0059,2025-10-15,4,446.49
OL004560,ORD02289,CUST0342,PROD0144,2025-10-15,1,745.60
OL004561,ORD02289,CUST0342,PROD0177,2025-10-15,1,13.38
OL004562,ORD02290,CUST0579,PROD0060,2024-11-26,4,685.76
OL004563,ORD02291,CUST0210,PROD0106,2025-04-23,5,514.25
OL004564,ORD02292,CUST0075,PROD0175,2024-04-15,5,332.69
OL004565,ORD02292,CUST0075,PROD0113,2024-04-15,6,278.17
OL004566,ORD02292,CUST0075,PROD0035,2024-04-15,2,11.68
OL004567,ORD02293,CUST0220,PROD0095,2024-08-11,1,783.59
OL004568,ORD02293,CUST0220,PROD0010,2024-08-11,3,766.59
OL004569,ORD02293,CUST0220,PROD0003,2024-08-11,5,624.25
OL004570,ORD02294,CUST0124,PROD0165,2025-02-24,5,600.37
OL004571,ORD02294,CUST0124,PROD0116,2025-02-24,2,569.78
OL004572,ORD02295,CUST0349,PROD0157,2026-03-04,1,697.35
OL004573,ORD02296,CUST0825,PROD0154,2024-09-13,5,732.63
OL004574,ORD02297,CUST0645,PROD0195,2026-08-18,2,203.66
OL004575,ORD02297,CUST0645,PROD0012,2026-08-18,4,300.09
OL004576,ORD02297,CUST0645,PROD0177,2026-08-18,3,13.38
OL004577,ORD02298,CUST0172,PROD0194,2025-11-04,6,352.49
OL004578,ORD02298,CUST0172,PROD0187,2025-11-04,1,613.86
OL004579,ORD02298,CUST0172,PROD0126,2025-11-04,2,684.09
OL004580,ORD02299,CUST0909,PROD0026,2024-12-04,1,752.02
OL004581,ORD02299,CUST0909,PROD0129,2024-12-04,5,205.05
OL004582,ORD02300,CUST0948,PROD0001,2025-12-29,4,669.88
OL004583,ORD02301,CUST0358,PROD0092,2026-08-15,4,463.59
OL004584,ORD02301,CUST0358,PROD0143,2026-08-15,6,72.02
OL004585,ORD02301,CUST0358,PROD0043,2026-08-15,1,219.17
OL004586,ORD02302,CUST0100,PROD0147,2026-04-24,1,591.38
OL004587,ORD02302,CUST0100,PROD0171,2026-04-24,3,387.90
OL004588,ORD02302,CUST0100,PROD0050,2026-04-24,2,295.23
OL004589,ORD02303,CUST0240,PROD0012,2026-02-06,6,300.09
OL004590,ORD02304,CUST0201,PROD0051,2025-01-20,2,323.46
OL004591,ORD02305,CUST0472,PROD0170,2024-03-03,4,727.58
OL004592,ORD02305,CUST0472,PROD0058,2024-03-03,5,644.24
OL004593,ORD02306,CUST0033,PROD0186,2024-04-30,6,243.18
OL004594,ORD02307,CUST0376,PROD0194,2026-08-11,3,352.49
OL004595,ORD02308,CUST0443,PROD0177,2024-10-09,1,13.38
OL004596,ORD02308,CUST0443,PROD0041,2024-10-09,4,153.78
OL004597,ORD02308,CUST0443,PROD0097,2024-10-09,1,263.44
OL004598,ORD02309,CUST0384,PROD0137,2024-02-05,2,47.78
OL004599,ORD02310,CUST0864,PROD0108,2026-07-03,1,340.33
OL004600,ORD02310,CUST0864,PROD0022,2026-07-03,2,601.37
OL004601,ORD02310,CUST0864,PROD0055,2026-07-03,1,550.37
OL004602,ORD02311,CUST0426,PROD0112,2024-11-18,2,67.88
OL004603,ORD02312,CUST0833,PROD0069,2025-11-14,6,506.36
OL004604,ORD02312,CUST0833,PROD0134,2025-11-14,6,80.96
OL004605,ORD02312,CUST0833,PROD0143,2025-11-14,6,72.02
OL004606,ORD02313,CUST0973,PROD0152,2026-07-11,5,32.94
OL004607,ORD02313,CUST0973,PROD0085,2026-07-11,4,448.20
OL004608,ORD02313,CUST0973,PROD0041,2026-07-11,5,153.78
OL004609,ORD02314,CUST0677,PROD0056,2025-08-03,4,652.27
OL004610,ORD02314,CUST0677,PROD0109,2025-08-03,2,491.78
OL004611,ORD02314,CUST0677,PROD0157,2025-08-03,4,697.35
OL004612,ORD02315,CUST0324,PROD0156,2025-09-21,2,376.41
OL004613,ORD02315,CUST0324,PROD0188,2025-09-21,1,639.37
OL004614,ORD02316,CUST0416,PROD0097,2026-03-07,5,263.44
OL004615,ORD02317,CUST0950,PROD0149,2025-02-25,1,105.49
OL004616,ORD02317,CUST0950,PROD0178,2025-02-25,2,421.03
OL004617,ORD02318,CUST0236,PROD0180,2026-03-30,5,113.35
OL004618,ORD02319,CUST0574,PROD0102,2025-05-05,6,492.85
OL004619,ORD02320,CUST0730,PROD0014,2026-02-20,5,719.00
OL004620,ORD02320,CUST0730,PROD0047,2026-02-20,5,342.02
OL004621,ORD02320,CUST0730,PROD0060,2026-02-20,2,685.76
OL004622,ORD02321,CUST0930,PROD0131,2024-02-21,5,601.03
OL004623,ORD02322,CUST0906,PROD0062,2025-05-21,5,641.02
OL004624,ORD02322,CUST0906,PROD0142,2025-05-21,1,496.38
OL004625,ORD02322,CUST0906,PROD0087,2025-05-21,5,278.58
OL004626,ORD02323,CUST0096,PROD0067,2025-05-02,3,111.89
OL004627,ORD02323,CUST0096,PROD0141,2025-05-02,2,87.61
OL004628,ORD02323,CUST0096,PROD0046,2025-05-02,1,151.20
OL004629,ORD02324,CUST0503,PROD0053,2026-05-26,2,459.26
OL004630,ORD02324,CUST0503,PROD0057,2026-05-26,6,578.04
OL004631,ORD02325,CUST0092,PROD0038,2026-06-19,5,85.08
OL004632,ORD02325,CUST0092,PROD0114,2026-06-19,1,254.21
OL004633,ORD02325,CUST0092,PROD0109,2026-06-19,6,491.78
OL004634,ORD02326,CUST0560,PROD0189,2025-11-20,3,479.61
OL004635,ORD02326,CUST0560,PROD0118,2025-11-20,2,319.38
OL004636,ORD02326,CUST0560,PROD0175,2025-11-20,3,332.69
OL004637,ORD02327,CUST0031,PROD0196,2025-05-27,1,573.37
OL004638,ORD02327,CUST0031,PROD0200,2025-05-27,1,67.96
OL004639,ORD02328,CUST0708,PROD0186,2024-01-25,1,243.18
OL004640,ORD02328,CUST0708,PROD0022,2024-01-25,3,601.37
OL004641,ORD02328,CUST0708,PROD0043,2024-01-25,6,219.17
OL004642,ORD02329,CUST0600,PROD0022,2024-03-24,6,601.37
OL004643,ORD02329,CUST0600,PROD0049,2024-03-24,4,602.99
OL004644,ORD02329,CUST0600,PROD0026,2024-03-24,4,752.02
OL004645,ORD02330,CUST0664,PROD0015,2025-01-15,6,705.37
OL004646,ORD02330,CUST0664,PROD0192,2025-01-15,5,154.90
OL004647,ORD02330,CUST0664,PROD0007,2025-01-15,6,396.66
OL004648,ORD02331,CUST0362,PROD0098,2024-11-16,6,410.79
OL004649,ORD02332,CUST0814,PROD0166,2026-05-16,3,702.44
OL004650,ORD02333,CUST0268,PROD0022,2025-07-26,5,601.37
OL004651,ORD02333,CUST0268,PROD0038,2025-07-26,5,85.08
OL004652,ORD02334,CUST0591,PROD0123,2026-03-25,3,419.13
OL004653,ORD02334,CUST0591,PROD0126,2026-03-25,5,684.09
OL004654,ORD02334,CUST0591,PROD0197,2026-03-25,1,518.55
OL004655,ORD02335,CUST0180,PROD0129,2026-02-12,5,205.05
OL004656,ORD02336,CUST0322,PROD0121,2025-07-08,1,751.31
OL004657,ORD02337,CUST0446,PROD0007,2025-04-23,1,396.66
OL004658,ORD02337,CUST0446,PROD0154,2025-04-23,1,732.63
OL004659,ORD02337,CUST0446,PROD0001,2025-04-23,6,669.88
OL004660,ORD02338,CUST0908,PROD0097,2024-09-08,3,263.44
OL004661,ORD02338,CUST0908,PROD0163,2024-09-08,3,474.70
OL004662,ORD02339,CUST0371,PROD0133,2026-01-11,3,320.64
OL004663,ORD02340,CUST0154,PROD0097,2025-02-18,5,263.44
OL004664,ORD02340,CUST0154,PROD0032,2025-02-18,2,100.68
OL004665,ORD02340,CUST0154,PROD0106,2025-02-18,2,514.25
OL004666,ORD02341,CUST0524,PROD0083,2024-11-29,3,211.51
OL004667,ORD02341,CUST0524,PROD0170,2024-11-29,1,727.58
OL004668,ORD02342,CUST0318,PROD0148,2025-03-15,4,357.30
OL004669,ORD02342,CUST0318,PROD0187,2025-03-15,1,613.86
OL004670,ORD02343,CUST0732,PROD0161,2024-05-28,4,759.04
OL004671,ORD02343,CUST0732,PROD0014,2024-05-28,4,719.00
OL004672,ORD02343,CUST0732,PROD0054,2024-05-28,2,783.51
OL004673,ORD02344,CUST0617,PROD0158,2026-05-26,5,748.20
OL004674,ORD02344,CUST0617,PROD0118,2026-05-26,5,319.38
OL004675,ORD02345,CUST0806,PROD0198,2024-11-13,5,663.59
OL004676,ORD02345,CUST0806,PROD0200,2024-11-13,6,67.96
OL004677,ORD02346,CUST0190,PROD0017,2025-03-16,1,223.40
OL004678,ORD02346,CUST0190,PROD0069,2025-03-16,1,506.36
OL004679,ORD02346,CUST0190,PROD0032,2025-03-16,4,100.68
OL004680,ORD02347,CUST0855,PROD0032,2025-06-25,5,100.68
OL004681,ORD02347,CUST0855,PROD0136,2025-06-25,6,381.17
OL004682,ORD02348,CUST0268,PROD0165,2025-11-04,2,600.37
OL004683,ORD02349,CUST0972,PROD0128,2026-05-12,2,191.52
OL004684,ORD02349,CUST0972,PROD0133,2026-05-12,2,320.64
OL004685,ORD02349,CUST0972,PROD0097,2026-05-12,6,263.44
OL004686,ORD02350,CUST0542,PROD0017,2025-10-25,4,223.40
OL004687,ORD02351,CUST0249,PROD0173,2024-06-07,1,76.19
OL004688,ORD02351,CUST0249,PROD0037,2024-06-07,6,306.64
OL004689,ORD02352,CUST0634,PROD0186,2026-04-15,2,243.18
OL004690,ORD02352,CUST0634,PROD0134,2026-04-15,5,80.96
OL004691,ORD02353,CUST0686,PROD0188,2025-11-13,3,639.37
OL004692,ORD02353,CUST0686,PROD0105,2025-11-13,3,695.25
OL004693,ORD02353,CUST0686,PROD0041,2025-11-13,1,153.78
OL004694,ORD02354,CUST0901,PROD0194,2026-06-08,6,352.49
OL004695,ORD02355,CUST0378,PROD0186,2026-08-24,5,243.18
OL004696,ORD02356,CUST0220,PROD0080,2024-04-16,3,671.97
OL004697,ORD02356,CUST0220,PROD0022,2024-04-16,4,601.37
OL004698,ORD02357,CUST0842,PROD0075,2025-02-03,6,42.92
OL004699,ORD02358,CUST0161,PROD0193,2025-12-04,3,706.31
OL004700,ORD02358,CUST0161,PROD0194,2025-12-04,3,352.49
OL004701,ORD02359,CUST0192,PROD0059,2025-12-04,6,446.49
OL004702,ORD02360,CUST0378,PROD0140,2025-07-29,6,796.82
OL004703,ORD02360,CUST0378,PROD0048,2025-07-29,3,338.17
OL004704,ORD02360,CUST0378,PROD0050,2025-07-29,6,295.23
OL004705,ORD02361,CUST0685,PROD0121,2024-03-27,4,751.31
OL004706,ORD02362,CUST0422,PROD0072,2026-03-22,3,391.85
OL004707,ORD02362,CUST0422,PROD0132,2026-03-22,5,172.39
OL004708,ORD02363,CUST0518,PROD0006,2026-07-27,2,764.83
OL004709,ORD02363,CUST0518,PROD0188,2026-07-27,1,639.37
OL004710,ORD02363,CUST0518,PROD0095,2026-07-27,2,783.59
OL004711,ORD02364,CUST0715,PROD0133,2025-05-27,2,320.64
OL004712,ORD02364,CUST0715,PROD0071,2025-05-27,3,255.99
OL004713,ORD02364,CUST0715,PROD0186,2025-05-27,2,243.18
OL004714,ORD02365,CUST0625,PROD0173,2025-12-23,6,76.19
OL004715,ORD02365,CUST0625,PROD0088,2025-12-23,1,332.34
OL004716,ORD02366,CUST0704,PROD0075,2026-01-09,2,42.92
OL004717,ORD02366,CUST0704,PROD0053,2026-01-09,2,459.26
OL004718,ORD02367,CUST0994,PROD0091,2026-02-22,2,486.42
OL004719,ORD02368,CUST0264,PROD0182,2026-01-01,1,430.39
OL004720,ORD02368,CUST0264,PROD0102,2026-01-01,6,492.85
OL004721,ORD02368,CUST0264,PROD0057,2026-01-01,2,578.04
OL004722,ORD02369,CUST0093,PROD0183,2024-04-06,5,551.77
OL004723,ORD02370,CUST0539,PROD0185,2025-04-22,1,605.59
OL004724,ORD02370,CUST0539,PROD0140,2025-04-22,1,796.82
OL004725,ORD02371,CUST1000,PROD0062,2024-07-22,5,641.02
OL004726,ORD02371,CUST1000,PROD0024,2024-07-22,6,422.95
OL004727,ORD02371,CUST1000,PROD0174,2024-07-22,2,249.75
OL004728,ORD02372,CUST0222,PROD0104,2025-09-15,6,765.48
OL004729,ORD02372,CUST0222,PROD0083,2025-09-15,2,211.51
OL004730,ORD02373,CUST0904,PROD0009,2025-09-01,6,686.38
OL004731,ORD02374,CUST0980,PROD0193,2024-03-26,5,706.31
OL004732,ORD02375,CUST0509,PROD0100,2025-08-28,1,360.30
OL004733,ORD02375,CUST0509,PROD0119,2025-08-28,5,710.70
OL004734,ORD02375,CUST0509,PROD0105,2025-08-28,5,695.25
OL004735,ORD02376,CUST0885,PROD0003,2025-06-21,1,624.25
OL004736,ORD02376,CUST0885,PROD0048,2025-06-21,2,338.17
OL004737,ORD02376,CUST0885,PROD0007,2025-06-21,1,396.66
OL004738,ORD02377,CUST0110,PROD0200,2024-12-08,4,67.96
OL004739,ORD02377,CUST0110,PROD0029,2024-12-08,5,689.01
OL004740,ORD02377,CUST0110,PROD0033,2024-12-08,5,416.96
OL004741,ORD02378,CUST0947,PROD0063,2025-08-24,6,592.13
OL004742,ORD02378,CUST0947,PROD0097,2025-08-24,3,263.44
OL004743,ORD02378,CUST0947,PROD0121,2025-08-24,6,751.31
OL004744,ORD02379,CUST0510,PROD0187,2024-09-27,3,613.86
OL004745,ORD02379,CUST0510,PROD0153,2024-09-27,1,288.68
OL004746,ORD02379,CUST0510,PROD0186,2024-09-27,4,243.18
OL004747,ORD02380,CUST0904,PROD0175,2026-04-08,2,332.69
OL004748,ORD02381,CUST0377,PROD0089,2025-09-16,2,284.11
OL004749,ORD02381,CUST0377,PROD0015,2025-09-16,1,705.37
OL004750,ORD02382,CUST0619,PROD0032,2024-03-13,5,100.68
OL004751,ORD02382,CUST0619,PROD0164,2024-03-13,5,367.94
OL004752,ORD02383,CUST0112,PROD0075,2025-07-06,2,42.92
OL004753,ORD02383,CUST0112,PROD0060,2025-07-06,4,685.76
OL004754,ORD02384,CUST0489,PROD0007,2024-12-17,5,396.66
OL004755,ORD02384,CUST0489,PROD0036,2024-12-17,4,540.90
OL004756,ORD02384,CUST0489,PROD0050,2024-12-17,2,295.23
OL004757,ORD02385,CUST0162,PROD0056,2026-08-15,5,652.27
OL004758,ORD02385,CUST0162,PROD0155,2026-08-15,5,692.06
OL004759,ORD02385,CUST0162,PROD0038,2026-08-15,1,85.08
OL004760,ORD02386,CUST0463,PROD0086,2024-10-08,3,648.95
OL004761,ORD02387,CUST0079,PROD0066,2024-04-04,1,340.10
OL004762,ORD02387,CUST0079,PROD0179,2024-04-04,6,607.83
OL004763,ORD02388,CUST0302,PROD0134,2025-10-18,5,80.96
OL004764,ORD02388,CUST0302,PROD0105,2025-10-18,6,695.25
OL004765,ORD02388,CUST0302,PROD0011,2025-10-18,3,679.16
OL004766,ORD02389,CUST0022,PROD0087,2026-05-13,2,278.58
OL004767,ORD02389,CUST0022,PROD0127,2026-05-13,4,104.40
OL004768,ORD02389,CUST0022,PROD0110,2026-05-13,4,326.78
OL004769,ORD02390,CUST0048,PROD0178,2025-06-15,1,421.03
OL004770,ORD02390,CUST0048,PROD0030,2025-06-15,6,621.83
OL004771,ORD02390,CUST0048,PROD0033,2025-06-15,4,416.96
OL004772,ORD02391,CUST0962,PROD0050,2024-04-03,1,295.23
OL004773,ORD02392,CUST0907,PROD0093,2025-05-22,4,521.63
OL004774,ORD02392,CUST0907,PROD0102,2025-05-22,5,492.85
OL004775,ORD02392,CUST0907,PROD0023,2025-05-22,1,106.95
OL004776,ORD02393,CUST0158,PROD0117,2025-12-02,1,486.27
OL004777,ORD02393,CUST0158,PROD0083,2025-12-02,6,211.51
OL004778,ORD02394,CUST0103,PROD0197,2024-06-28,2,518.55
OL004779,ORD02395,CUST0920,PROD0092,2024-12-14,1,463.59
OL004780,ORD02395,CUST0920,PROD0111,2024-12-14,5,726.11
OL004781,ORD02396,CUST0188,PROD0147,2025-03-22,1,591.38
OL004782,ORD02396,CUST0188,PROD0125,2025-03-22,6,138.01
OL004783,ORD02396,CUST0188,PROD0125,2025-03-22,4,138.01
OL004784,ORD02397,CUST0660,PROD0037,2026-07-13,5,306.64
OL004785,ORD02397,CUST0660,PROD0054,2026-07-13,5,783.51
OL004786,ORD02397,CUST0660,PROD0068,2026-07-13,3,715.14
OL004787,ORD02398,CUST0987,PROD0030,2024-05-18,2,621.83
OL004788,ORD02398,CUST0987,PROD0078,2024-05-18,5,176.29
OL004789,ORD02398,CUST0987,PROD0002,2024-05-18,5,288.03
OL004790,ORD02399,CUST0799,PROD0088,2025-10-30,3,332.34
OL004791,ORD02399,CUST0799,PROD0061,2025-10-30,4,160.86
OL004792,ORD02400,CUST0935,PROD0189,2026-04-03,5,479.61
OL004793,ORD02400,CUST0935,PROD0035,2026-04-03,4,11.68
OL004794,ORD02400,CUST0935,PROD0012,2026-04-03,2,300.09
OL004795,ORD02401,CUST0661,PROD0158,2025-01-18,6,748.20
OL004796,ORD02402,CUST0055,PROD0171,2024-04-14,3,387.90
OL004797,ORD02403,CUST0708,PROD0005,2025-12-11,5,67.39
OL004798,ORD02403,CUST0708,PROD0013,2025-12-11,5,255.75
OL004799,ORD02404,CUST0579,PROD0182,2026-02-23,1,430.39
OL004800,ORD02404,CUST0579,PROD0075,2026-02-23,3,42.92
OL004801,ORD02405,CUST0187,PROD0005,2026-08-20,6,67.39
OL004802,ORD02405,CUST0187,PROD0116,2026-08-20,3,569.78
OL004803,ORD02405,CUST0187,PROD0150,2026-08-20,2,423.75
OL004804,ORD02406,CUST0775,PROD0181,2025-09-04,5,232.97
OL004805,ORD02406,CUST0775,PROD0160,2025-09-04,6,112.41
OL004806,ORD02407,CUST0786,PROD0147,2025-10-01,4,591.38
OL004807,ORD02407,CUST0786,PROD0200,2025-10-01,6,67.96
OL004808,ORD02408,CUST0851,PROD0165,2025-07-19,5,600.37
OL004809,ORD02408,CUST0851,PROD0195,2025-07-19,5,203.66
OL004810,ORD02409,CUST0748,PROD0174,2025-11-23,4,249.75
OL004811,ORD02409,CUST0748,PROD0023,2025-11-23,5,106.95
OL004812,ORD02409,CUST0748,PROD0076,2025-11-23,2,83.67
OL004813,ORD02410,CUST0803,PROD0149,2025-02-12,4,105.49
OL004814,ORD02410,CUST0803,PROD0164,2025-02-12,5,367.94
OL004815,ORD02410,CUST0803,PROD0064,2025-02-12,2,381.01
OL004816,ORD02411,CUST0579,PROD0076,2024-10-22,1,83.67
OL004817,ORD02411,CUST0579,PROD0198,2024-10-22,5,663.59
OL004818,ORD02412,CUST0584,PROD0050,2025-09-25,2,295.23
OL004819,ORD02412,CUST0584,PROD0049,2025-09-25,1,602.99
OL004820,ORD02413,CUST0860,PROD0076,2025-06-03,2,83.67
OL004821,ORD02414,CUST0414,PROD0144,2025-07-31,1,745.60
OL004822,ORD02414,CUST0414,PROD0105,2025-07-31,5,695.25
OL004823,ORD02415,CUST0024,PROD0122,2026-08-06,2,599.57
OL004824,ORD02415,CUST0024,PROD0102,2026-08-06,6,492.85
OL004825,ORD02415,CUST0024,PROD0031,2026-08-06,4,368.46
OL004826,ORD02416,CUST0996,PROD0165,2025-10-26,4,600.37
OL004827,ORD02416,CUST0996,PROD0045,2025-10-26,6,277.75
OL004828,ORD02417,CUST0317,PROD0186,2025-08-10,2,243.18
OL004829,ORD02418,CUST0622,PROD0084,2025-12-25,6,291.43
OL004830,ORD02418,CUST0622,PROD0170,2025-12-25,5,727.58
OL004831,ORD02418,CUST0622,PROD0093,2025-12-25,6,521.63
OL004832,ORD02419,CUST0921,PROD0036,2026-03-08,6,540.90
OL004833,ORD02420,CUST0776,PROD0073,2024-01-18,1,204.51
OL004834,ORD02420,CUST0776,PROD0089,2024-01-18,4,284.11
OL004835,ORD02420,CUST0776,PROD0170,2024-01-18,1,727.58
OL004836,ORD02421,CUST0924,PROD0145,2025-12-12,5,314.92
OL004837,ORD02422,CUST0350,PROD0141,2024-01-31,2,87.61
OL004838,ORD02422,CUST0350,PROD0104,2024-01-31,5,765.48
OL004839,ORD02423,CUST0558,PROD0112,2026-01-11,6,67.88
OL004840,ORD02423,CUST0558,PROD0069,2026-01-11,1,506.36
OL004841,ORD02424,CUST0392,PROD0097,2026-04-27,3,263.44
OL004842,ORD02424,CUST0392,PROD0105,2026-04-27,6,695.25
OL004843,ORD02424,CUST0392,PROD0019,2026-04-27,2,612.58
OL004844,ORD02425,CUST0576,PROD0110,2026-03-30,1,326.78
OL004845,ORD02426,CUST0851,PROD0038,2025-12-03,2,85.08
OL004846,ORD02426,CUST0851,PROD0136,2025-12-03,3,381.17
OL004847,ORD02426,CUST0851,PROD0147,2025-12-03,3,591.38
OL004848,ORD02427,CUST0258,PROD0050,2026-05-13,3,295.23
OL004849,ORD02428,CUST0555,PROD0062,2026-02-08,5,641.02
OL004850,ORD02428,CUST0555,PROD0198,2026-02-08,3,663.59
OL004851,ORD02429,CUST0279,PROD0011,2025-10-03,1,679.16
OL004852,ORD02429,CUST0279,PROD0043,2025-10-03,4,219.17
OL004853,ORD02429,CUST0279,PROD0193,2025-10-03,2,706.31
OL004854,ORD02430,CUST0007,PROD0132,2025-11-14,4,172.39
OL004855,ORD02431,CUST0401,PROD0100,2026-07-18,1,360.30
OL004856,ORD02431,CUST0401,PROD0015,2026-07-18,1,705.37
OL004857,ORD02431,CUST0401,PROD0196,2026-07-18,4,573.37
OL004858,ORD02432,CUST0207,PROD0021,2024-03-17,6,321.30
OL004859,ORD02432,CUST0207,PROD0050,2024-03-17,5,295.23
OL004860,ORD02432,CUST0207,PROD0086,2024-03-17,1,648.95
OL004861,ORD02433,CUST0969,PROD0097,2025-11-27,5,263.44
OL004862,ORD02434,CUST0627,PROD0072,2025-11-16,1,391.85
OL004863,ORD02435,CUST0645,PROD0019,2025-09-13,6,612.58
OL004864,ORD02435,CUST0645,PROD0083,2025-09-13,1,211.51
OL004865,ORD02436,CUST0418,PROD0162,2026-02-08,5,433.72
OL004866,ORD02436,CUST0418,PROD0051,2026-02-08,5,323.46
OL004867,ORD02437,CUST0658,PROD0161,2025-02-25,2,759.04
OL004868,ORD02437,CUST0658,PROD0013,2025-02-25,6,255.75
OL004869,ORD02438,CUST0226,PROD0072,2025-10-14,3,391.85
OL004870,ORD02438,CUST0226,PROD0005,2025-10-14,4,67.39
OL004871,ORD02439,CUST0454,PROD0073,2025-09-05,4,204.51
OL004872,ORD02439,CUST0454,PROD0042,2025-09-05,1,213.95
OL004873,ORD02440,CUST0966,PROD0036,2026-03-04,6,540.90
OL004874,ORD02440,CUST0966,PROD0104,2026-03-04,4,765.48
OL004875,ORD02440,CUST0966,PROD0172,2026-03-04,2,185.56
OL004876,ORD02441,CUST0141,PROD0005,2024-12-18,5,67.39
OL004877,ORD02441,CUST0141,PROD0024,2024-12-18,6,422.95
OL004878,ORD02441,CUST0141,PROD0126,2024-12-18,6,684.09
OL004879,ORD02442,CUST0846,PROD0099,2025-11-26,1,620.91
OL004880,ORD02442,CUST0846,PROD0042,2025-11-26,5,213.95
OL004881,ORD02442,CUST0846,PROD0180,2025-11-26,5,113.35
OL004882,ORD02443,CUST0788,PROD0006,2026-02-18,4,764.83
OL004883,ORD02444,CUST0691,PROD0068,2025-06-30,1,715.14
OL004884,ORD02444,CUST0691,PROD0050,2025-06-30,2,295.23
OL004885,ORD02444,CUST0691,PROD0052,2025-06-30,4,363.32
OL004886,ORD02445,CUST0092,PROD0081,2025-12-03,3,81.55
OL004887,ORD02446,CUST0953,PROD0052,2024-10-13,3,363.32
OL004888,ORD02446,CUST0953,PROD0103,2024-10-13,1,373.67
OL004889,ORD02446,CUST0953,PROD0120,2024-10-13,5,625.86
OL004890,ORD02447,CUST0476,PROD0053,2024-12-29,2,459.26
OL004891,ORD02448,CUST0105,PROD0155,2024-03-21,2,692.06
OL004892,ORD02448,CUST0105,PROD0001,2024-03-21,4,669.88
OL004893,ORD02448,CUST0105,PROD0029,2024-03-21,2,689.01
OL004894,ORD02449,CUST0244,PROD0132,2026-04-24,6,172.39
OL004895,ORD02449,CUST0244,PROD0082,2026-04-24,2,596.94
OL004896,ORD02450,CUST0508,PROD0097,2026-02-28,1,263.44
OL004897,ORD02450,CUST0508,PROD0049,2026-02-28,2,602.99
OL004898,ORD02451,CUST0077,PROD0076,2026-09-01,3,83.67
OL004899,ORD02451,CUST0077,PROD0068,2026-09-01,5,715.14
OL004900,ORD02452,CUST0744,PROD0044,2026-08-27,5,767.02
OL004901,ORD02453,CUST0049,PROD0102,2025-06-25,3,492.85
OL004902,ORD02453,CUST0049,PROD0131,2025-06-25,1,601.03
OL004903,ORD02454,CUST0442,PROD0073,2025-10-09,1,204.51
OL004904,ORD02455,CUST0463,PROD0175,2024-07-28,3,332.69
OL004905,ORD02456,CUST0408,PROD0137,2025-05-08,1,47.78
OL004906,ORD02457,CUST0927,PROD0190,2025-04-19,4,638.42
OL004907,ORD02458,CUST0526,PROD0048,2024-11-28,1,338.17
OL004908,ORD02458,CUST0526,PROD0004,2024-11-28,2,100.29
OL004909,ORD02458,CUST0526,PROD0164,2024-11-28,1,367.94
OL004910,ORD02459,CUST0916,PROD0151,2026-04-20,5,140.62
OL004911,ORD02459,CUST0916,PROD0047,2026-04-20,1,342.02
OL004912,ORD02460,CUST0199,PROD0133,2026-02-01,4,320.64
OL004913,ORD02460,CUST0199,PROD0044,2026-02-01,5,767.02
OL004914,ORD02460,CUST0199,PROD0140,2026-02-01,3,796.82
OL004915,ORD02461,CUST0850,PROD0188,2026-05-11,6,639.37
OL004916,ORD02461,CUST0850,PROD0156,2026-05-11,4,376.41
OL004917,ORD02461,CUST0850,PROD0060,2026-05-11,4,685.76
OL004918,ORD02462,CUST0896,PROD0063,2026-05-30,1,592.13
OL004919,ORD02463,CUST0182,PROD0175,2025-10-15,3,332.69
OL004920,ORD02463,CUST0182,PROD0105,2025-10-15,1,695.25
OL004921,ORD02463,CUST0182,PROD0087,2025-10-15,2,278.58
OL004922,ORD02464,CUST0769,PROD0190,2026-03-12,1,638.42
OL004923,ORD02464,CUST0769,PROD0127,2026-03-12,6,104.40
OL004924,ORD02464,CUST0769,PROD0151,2026-03-12,5,140.62
OL004925,ORD02465,CUST0652,PROD0104,2025-03-14,6,765.48
OL004926,ORD02465,CUST0652,PROD0031,2025-03-14,4,368.46
OL004927,ORD02465,CUST0652,PROD0123,2025-03-14,6,419.13
OL004928,ORD02466,CUST0413,PROD0061,2026-04-21,4,160.86
OL004929,ORD02467,CUST0799,PROD0004,2025-10-06,3,100.29
OL004930,ORD02467,CUST0799,PROD0196,2025-10-06,1,573.37
OL004931,ORD02467,CUST0799,PROD0097,2025-10-06,5,263.44
OL004932,ORD02468,CUST0087,PROD0044,2025-11-05,2,767.02
OL004933,ORD02469,CUST0645,PROD0084,2024-12-23,6,291.43
OL004934,ORD02470,CUST0089,PROD0174,2025-02-06,6,249.75
OL004935,ORD02471,CUST0016,PROD0139,2025-07-13,4,421.56
OL004936,ORD02471,CUST0016,PROD0027,2025-07-13,6,30.88
OL004937,ORD02472,CUST0415,PROD0039,2026-02-15,6,292.46
OL004938,ORD02472,CUST0415,PROD0019,2026-02-15,5,612.58
OL004939,ORD02473,CUST0789,PROD0045,2026-08-17,1,277.75
OL004940,ORD02473,CUST0789,PROD0147,2026-08-17,2,591.38
OL004941,ORD02473,CUST0789,PROD0084,2026-08-17,5,291.43
OL004942,ORD02474,CUST0993,PROD0194,2025-06-04,5,352.49
OL004943,ORD02474,CUST0993,PROD0011,2025-06-04,5,679.16
OL004944,ORD02475,CUST0548,PROD0175,2026-03-02,3,332.69
OL004945,ORD02475,CUST0548,PROD0061,2026-03-02,4,160.86
OL004946,ORD02475,CUST0548,PROD0160,2026-03-02,5,112.41
OL004947,ORD02476,CUST0296,PROD0140,2026-08-15,1,796.82
OL004948,ORD02476,CUST0296,PROD0041,2026-08-15,2,153.78
OL004949,ORD02476,CUST0296,PROD0010,2026-08-15,3,766.59
OL004950,ORD02477,CUST0975,PROD0178,2025-09-11,6,421.03
OL004951,ORD02478,CUST0679,PROD0139,2026-05-11,4,421.56
OL004952,ORD02479,CUST0613,PROD0178,2026-01-03,3,421.03
OL004953,ORD02479,CUST0613,PROD0130,2026-01-03,3,596.37
OL004954,ORD02479,CUST0613,PROD0166,2026-01-03,2,702.44
OL004955,ORD02480,CUST0904,PROD0087,2026-03-24,6,278.58
OL004956,ORD02480,CUST0904,PROD0157,2026-03-24,5,697.35
OL004957,ORD02481,CUST0645,PROD0166,2024-03-08,1,702.44
OL004958,ORD02481,CUST0645,PROD0073,2024-03-08,3,204.51
OL004959,ORD02481,CUST0645,PROD0116,2024-03-08,6,569.78
OL004960,ORD02482,CUST0520,PROD0193,2026-02-12,1,706.31
OL004961,ORD02482,CUST0520,PROD0178,2026-02-12,6,421.03
OL004962,ORD02482,CUST0520,PROD0113,2026-02-12,1,278.17
OL004963,ORD02483,CUST0946,PROD0061,2025-03-15,5,160.86
OL004964,ORD02483,CUST0946,PROD0103,2025-03-15,4,373.67
OL004965,ORD02484,CUST0490,PROD0139,2026-03-07,6,421.56
OL004966,ORD02484,CUST0490,PROD0048,2026-03-07,1,338.17
OL004967,ORD02485,CUST0463,PROD0098,2024-10-08,1,410.79
OL004968,ORD02485,CUST0463,PROD0158,2024-10-08,1,748.20
OL004969,ORD02485,CUST0463,PROD0185,2024-10-08,6,605.59
OL004970,ORD02486,CUST0997,PROD0127,2025-12-18,5,104.40
OL004971,ORD02486,CUST0997,PROD0137,2025-12-18,4,47.78
OL004972,ORD02486,CUST0997,PROD0099,2025-12-18,5,620.91
OL004973,ORD02487,CUST0878,PROD0148,2026-01-31,4,357.30
OL004974,ORD02488,CUST0510,PROD0040,2026-01-05,2,690.15
OL004975,ORD02488,CUST0510,PROD0082,2026-01-05,5,596.94
OL004976,ORD02488,CUST0510,PROD0148,2026-01-05,2,357.30
OL004977,ORD02489,CUST0768,PROD0165,2026-01-02,5,600.37
OL004978,ORD02489,CUST0768,PROD0082,2026-01-02,6,596.94
OL004979,ORD02490,CUST0001,PROD0165,2025-02-12,2,600.37
OL004980,ORD02490,CUST0001,PROD0175,2025-02-12,6,332.69
OL004981,ORD02490,CUST0001,PROD0061,2025-02-12,3,160.86
OL004982,ORD02491,CUST0713,PROD0008,2025-12-17,6,10.26
OL004983,ORD02492,CUST0774,PROD0098,2026-03-14,6,410.79
OL004984,ORD02492,CUST0774,PROD0159,2026-03-14,3,441.08
OL004985,ORD02493,CUST0468,PROD0010,2026-07-27,1,766.59
OL004986,ORD02493,CUST0468,PROD0173,2026-07-27,1,76.19
OL004987,ORD02493,CUST0468,PROD0043,2026-07-27,3,219.17
OL004988,ORD02494,CUST0181,PROD0088,2026-08-23,3,332.34
OL004989,ORD02494,CUST0181,PROD0069,2026-08-23,3,506.36
OL004990,ORD02494,CUST0181,PROD0047,2026-08-23,5,342.02
OL004991,ORD02495,CUST0472,PROD0101,2025-08-30,2,67.32
OL004992,ORD02495,CUST0472,PROD0036,2025-08-30,3,540.90
OL004993,ORD02496,CUST0302,PROD0164,2025-11-16,2,367.94
OL004994,ORD02496,CUST0302,PROD0163,2025-11-16,2,474.70
OL004995,ORD02496,CUST0302,PROD0175,2025-11-16,5,332.69
OL004996,ORD02497,CUST0590,PROD0101,2025-07-01,2,67.32
OL004997,ORD02497,CUST0590,PROD0050,2025-07-01,5,295.23
OL004998,ORD02497,CUST0590,PROD0147,2025-07-01,1,591.38
OL004999,ORD02498,CUST0415,PROD0067,2025-07-23,1,111.89
OL005000,ORD02498,CUST0415,PROD0176,2025-07-23,6,128.79
OL005001,ORD02499,CUST0192,PROD0195,2026-02-08,3,203.66
OL005002,ORD02499,CUST0192,PROD0185,2026-02-08,4,605.59
OL005003,ORD02500,CUST0936,PROD0088,2026-08-25,4,332.34
OL005004,ORD02501,CUST0992,PROD0044,2026-02-04,4,767.02
OL005005,ORD02502,CUST0227,PROD0178,2026-06-08,2,421.03
OL005006,ORD02502,CUST0227,PROD0088,2026-06-08,5,332.34
OL005007,ORD02502,CUST0227,PROD0156,2026-06-08,6,376.41
OL005008,ORD02503,CUST0105,PROD0130,2024-08-16,1,596.37
OL005009,ORD02503,CUST0105,PROD0144,2024-08-16,6,745.60
OL005010,ORD02504,CUST0379,PROD0007,2025-01-09,6,396.66
OL005011,ORD02504,CUST0379,PROD0126,2025-01-09,5,684.09
OL005012,ORD02505,CUST0980,PROD0144,2025-01-30,3,745.60
OL005013,ORD02505,CUST0980,PROD0005,2025-01-30,5,67.39
OL005014,ORD02506,CUST0775,PROD0198,2025-05-14,6,663.59
OL005015,ORD02506,CUST0775,PROD0074,2025-05-14,3,687.50
OL005016,ORD02507,CUST0008,PROD0079,2024-07-17,6,207.15
OL005017,ORD02508,CUST0123,PROD0173,2026-06-17,5,76.19
OL005018,ORD02508,CUST0123,PROD0148,2026-06-17,1,357.30
OL005019,ORD02508,CUST0123,PROD0029,2026-06-17,4,689.01
OL005020,ORD02509,CUST0496,PROD0013,2024-06-17,2,255.75
OL005021,ORD02509,CUST0496,PROD0134,2024-06-17,6,80.96
OL005022,ORD02509,CUST0496,PROD0086,2024-06-17,5,648.95
OL005023,ORD02510,CUST0276,PROD0010,2026-03-23,1,766.59
OL005024,ORD02511,CUST0216,PROD0079,2025-08-31,1,207.15
OL005025,ORD02511,CUST0216,PROD0084,2025-08-31,3,291.43
OL005026,ORD02512,CUST0111,PROD0084,2024-11-30,2,291.43
OL005027,ORD02512,CUST0111,PROD0028,2024-11-30,2,281.08
OL005028,ORD02513,CUST0178,PROD0159,2025-08-29,2,441.08
OL005029,ORD02513,CUST0178,PROD0108,2025-08-29,4,340.33
OL005030,ORD02513,CUST0178,PROD0187,2025-08-29,5,613.86
OL005031,ORD02514,CUST0244,PROD0110,2026-03-28,4,326.78
OL005032,ORD02515,CUST0047,PROD0159,2024-01-17,3,441.08
OL005033,ORD02515,CUST0047,PROD0039,2024-01-17,6,292.46
OL005034,ORD02516,CUST0822,PROD0073,2024-04-21,1,204.51
OL005035,ORD02516,CUST0822,PROD0010,2024-04-21,3,766.59
OL005036,ORD02516,CUST0822,PROD0046,2024-04-21,4,151.20
OL005037,ORD02517,CUST0631,PROD0032,2025-06-25,6,100.68
OL005038,ORD02517,CUST0631,PROD0152,2025-06-25,5,32.94
OL005039,ORD02518,CUST0575,PROD0155,2024-03-02,6,692.06
OL005040,ORD02518,CUST0575,PROD0034,2024-03-02,4,255.93
OL005041,ORD02519,CUST0279,PROD0034,2025-01-04,2,255.93
OL005042,ORD02520,CUST0540,PROD0197,2025-07-25,3,518.55
OL005043,ORD02520,CUST0540,PROD0103,2025-07-25,2,373.67
OL005044,ORD02520,CUST0540,PROD0036,2025-07-25,3,540.90
OL005045,ORD02521,CUST0829,PROD0199,2026-07-23,4,180.36
OL005046,ORD02521,CUST0829,PROD0107,2026-07-23,1,743.20
OL005047,ORD02521,CUST0829,PROD0084,2026-07-23,5,291.43
OL005048,ORD02522,CUST0426,PROD0138,2025-11-02,4,617.88
OL005049,ORD02522,CUST0426,PROD0072,2025-11-02,3,391.85
OL005050,ORD02522,CUST0426,PROD0043,2025-11-02,2,219.17
OL005051,ORD02523,CUST0724,PROD0131,2025-09-16,3,601.03
OL005052,ORD02523,CUST0724,PROD0190,2025-09-16,6,638.42
OL005053,ORD02524,CUST0555,PROD0188,2026-05-16,5,639.37
OL005054,ORD02524,CUST0555,PROD0109,2026-05-16,3,491.78
OL005055,ORD02525,CUST0807,PROD0158,2025-12-30,3,748.20
OL005056,ORD02525,CUST0807,PROD0046,2025-12-30,5,151.20
OL005057,ORD02526,CUST0312,PROD0031,2025-09-21,1,368.46
OL005058,ORD02527,CUST0439,PROD0007,2026-01-07,2,396.66
OL005059,ORD02527,CUST0439,PROD0002,2026-01-07,1,288.03
OL005060,ORD02527,CUST0439,PROD0011,2026-01-07,2,679.16
OL005061,ORD02528,CUST0382,PROD0151,2025-09-26,6,140.62
OL005062,ORD02528,CUST0382,PROD0060,2025-09-26,1,685.76
OL005063,ORD02529,CUST0135,PROD0030,2025-10-20,3,621.83
OL005064,ORD02530,CUST0071,PROD0002,2024-08-01,3,288.03
OL005065,ORD02530,CUST0071,PROD0088,2024-08-01,4,332.34
OL005066,ORD02531,CUST0535,PROD0163,2024-07-27,6,474.70
OL005067,ORD02532,CUST0569,PROD0047,2026-07-26,6,342.02
OL005068,ORD02532,CUST0569,PROD0026,2026-07-26,3,752.02
OL005069,ORD02533,CUST0292,PROD0134,2026-05-21,5,80.96
OL005070,ORD02533,CUST0292,PROD0158,2026-05-21,4,748.20
OL005071,ORD02534,CUST0601,PROD0184,2025-09-26,4,396.08
OL005072,ORD02534,CUST0601,PROD0037,2025-09-26,4,306.64
OL005073,ORD02535,CUST0960,PROD0109,2026-02-11,4,491.78
OL005074,ORD02535,CUST0960,PROD0164,2026-02-11,4,367.94
OL005075,ORD02535,CUST0960,PROD0185,2026-02-11,3,605.59
OL005076,ORD02536,CUST0424,PROD0192,2024-06-02,1,154.90
OL005077,ORD02536,CUST0424,PROD0034,2024-06-02,3,255.93
OL005078,ORD02536,CUST0424,PROD0132,2024-06-02,6,172.39
OL005079,ORD02537,CUST0172,PROD0095,2026-07-30,3,783.59
OL005080,ORD02537,CUST0172,PROD0054,2026-07-30,1,783.51
OL005081,ORD02537,CUST0172,PROD0135,2026-07-30,2,749.74
OL005082,ORD02538,CUST0725,PROD0028,2026-03-18,6,281.08
OL005083,ORD02539,CUST0195,PROD0017,2026-05-06,2,223.40
OL005084,ORD02540,CUST0622,PROD0166,2025-11-16,1,702.44
OL005085,ORD02541,CUST0313,PROD0024,2025-10-01,1,422.95
OL005086,ORD02541,CUST0313,PROD0097,2025-10-01,6,263.44
OL005087,ORD02541,CUST0313,PROD0003,2025-10-01,1,624.25
OL005088,ORD02542,CUST0251,PROD0068,2025-03-12,4,715.14
OL005089,ORD02542,CUST0251,PROD0041,2025-03-12,2,153.78
OL005090,ORD02542,CUST0251,PROD0184,2025-03-12,5,396.08
OL005091,ORD02543,CUST0354,PROD0137,2024-01-26,2,47.78
OL005092,ORD02543,CUST0354,PROD0197,2024-01-26,4,518.55
OL005093,ORD02544,CUST0532,PROD0023,2026-02-18,6,106.95
OL005094,ORD02544,CUST0532,PROD0117,2026-02-18,2,486.27
OL005095,ORD02545,CUST0922,PROD0123,2026-02-25,4,419.13
OL005096,ORD02546,CUST0267,PROD0093,2026-02-03,5,521.63
OL005097,ORD02546,CUST0267,PROD0161,2026-02-03,3,759.04
OL005098,ORD02547,CUST0139,PROD0040,2025-11-08,5,690.15
OL005099,ORD02547,CUST0139,PROD0009,2025-11-08,3,686.38
OL005100,ORD02548,CUST0634,PROD0131,2025-12-31,6,601.03
OL000001,ORD00001,CUST0246,PROD0196,2025-06-13,5,573.37
OL000001,ORD00001,CUST0246,PROD0196,2025-06-13,5,573.37
,ORD90001,CUST0002,PROD0002,2025-04-01,2,288.03
OL900002,,CUST0002,PROD0002,2025-04-01,2,288.03
OL900003,ORD90001,,PROD0002,2025-04-01,2,288.03
OL900004,ORD90001,CUST0002,,2025-04-01,2,288.03
OL900005,ORD90001,CUST0002,PROD0002,,2,288.03
OL900006,ORD90001,CUST0002,PROD0002,2025-04-01,,288.03
OL900007,ORD90001,CUST0002,PROD0002,2025-04-01,2,
OL90101,ORD90002,CUST0003,PROD0003,not-a-date,1,10.00
OL90102,ORD90002,CUST0003,PROD0003,2024-13-40,1,10.00
OL90103,ORD90003,CUST0004,PROD0004,2025-07-10,two,10.00
OL90104,ORD90003,CUST0004,PROD0004,2025-07-10,1,abc
OL902001,ORD90004,CUST9999,PROD0005,2025-08-15,1,25.00
OL902002,ORD90004,CUST9999,PROD0005,2025-08-15,1,25.00
OL902003,ORD90004,CUST9999,PROD0005,2025-08-15,1,25.00
OL902004,ORD90004,CUST9999,PROD0005,2025-08-15,1,25.00
OL902005,ORD90004,CUST9999,PROD0005,2025-08-15,1,25.00
OL902006,ORD90004,CUST0005,PROD9999,2025-08-15,1,25.00
OL902007,ORD90004,CUST0005,PROD9999,2025-08-15,1,25.00
OL902008,ORD90004,CUST0005,PROD9999,2025-08-15,1,25.00
OL902009,ORD90004,CUST0005,PROD9999,2025-08-15,1,25.00
OL902010,ORD90004,CUST0005,PROD9999,2025-08-15,1,25.00
OL90301,ORD90005,CUST0006,PROD0006,2099-12-31,1,764.83
OL90302,ORD90006,CUST0007,PROD0007,2025-05-20,0,396.66
OL90303,ORD90006,CUST0007,PROD0007,2025-05-20,-3,396.66
OL90304,ORD90007,CUST0008,PROD0008,2025-06-01,2,-25.50
OL90305,ORD90008,CUST0009,PROD0002,2025-09-01,1,338.03
OL90400,ORD90010,CUST0011,PROD0011,2030-01-01,1,679.16
OL90401,ORD90011,CUST0012,PROD0012,2025-11-11,-1,300.09
OL90402,ORD90009,CUST0010,PROD0002,2025-10-01,1,338.03
OL90403,ORD90010,CUST0011,PROD0011,2030-01-01,1,679.16
OL90404,ORD90011,CUST0012,PROD0012,2025-11-11,-1,300.09
OL90405,ORD90009,CUST0010,PROD0002,2025-10-01,1,338.03
OL90406,ORD90010,CUST0011,PROD0011,2030-01-01,1,679.16
OL90407,ORD90011,CUST0012,PROD0012,2025-11-11,-1,300.09
OL90408,ORD90009,CUST0010,PROD0002,2025-10-01,1,338.03
OL90409,ORD90010,CUST0011,PROD0011,2030-01-01,1,679.16
OL90410,ORD90011,CUST0012,PROD0012,2025-11-11,-1,300.09
OL90411,ORD90009,CUST0010,PROD0002,2025-10-01,1,338.03
OL90412,ORD90010,CUST0011,PROD0011,2030-01-01,1,679.16
OL90413,ORD90011,CUST0012,PROD0012,2025-11-11,-1,300.09
OL90414,ORD90009,CUST0010,PROD0002,2025-10-01,1,338.03
OL90415,ORD90010,CUST0011,PROD0011,2030-01-01,1,679.16
OL90416,ORD90011,CUST0012,PROD0012,2025-11-11,-1,300.09
OL90417,ORD90009,CUST0010,PROD0002,2025-10-01,1,338.03
OL90418,ORD90010,CUST0011,PROD0011,2030-01-01,1,679.16
OL90419,ORD90011,CUST0012,PROD0012,2025-11-11,-1,300.09
OL90420,ORD90009,CUST0010,PROD0002,2025-10-01,1,338.03
OL90421,ORD90010,CUST0011,PROD0011,2030-01-01,1,679.16
OL90422,ORD90011,CUST0012,PROD0012,2025-11-11,-1,300.09
OL90423,ORD90009,CUST0010,PROD0002,2025-10-01,1,338.03
OL90424,ORD90010,CUST0011,PROD0011,2030-01-01,1,679.16
OL90425,ORD90011,CUST0012,PROD0012,2025-11-11,-1,300.09
OL90426,ORD90009,CUST0010,PROD0002,2025-10-01,1,338.03
OL90427,ORD90010,CUST0011,PROD0011,2030-01-01,1,679.16
OL90428,ORD90011,CUST0012,PROD0012,2025-11-11,-1,300.09
OL90429,ORD90009,CUST0010,PROD0002,2025-10-01,1,338.03
OL90430,ORD90010,CUST0011,PROD0011,2030-01-01,1,679.16
OL90431,ORD90011,CUST0012,PROD0012,2025-11-11,-1,300.09
OL90432,ORD90009,CUST0010,PROD0002,2025-10-01,1,338.03
OL90433,ORD90010,CUST0011,PROD0011,2030-01-01,1,679.16
OL90434,ORD90011,CUST0012,PROD0012,2025-11-11,-1,300.09
